username,followers_count,following_count,total_posts,avg_likes,avg_comments,engagement_rate,growth_rate
user_0,122958,1156,43,7747,754,0.0691,6.55
user_1,672155,2274,1906,17402,1123,0.0276,6.49
user_2,132932,247,330,3388,167,0.0267,10.02
user_3,366838,2721,1504,7813,805,0.0235,10.66
user_4,260178,3542,1251,9376,744,0.0389,10.37
user_5,645167,2498,2731,44704,3219,0.0743,4.96
user_6,111268,520,2505,7561,733,0.0745,8.74
user_7,733180,1998,725,26979,2262,0.0399,7.81
user_8,55886,3949,1379,2863,170,0.0543,5.17
user_9,138337,2060,441,8363,775,0.0661,8.15
user_10,522430,3850,1793,14045,1503,0.0298,14.1
user_11,955698,4168,2388,20805,488,0.0223,1.28
user_12,88498,3846,2654,6906,556,0.0843,13.4
user_13,900159,4038,966,47914,1317,0.0547,-1.09
user_14,913756,284,1206,71911,3180,0.0822,3.24
user_15,176203,978,1854,5927,550,0.0368,2.9
user_16,192335,3657,1584,11388,1510,0.0671,8.65
user_17,279167,572,868,7141,962,0.029,0.23
user_18,42090,3573,1609,1190,34,0.0291,13.0
user_19,330365,4576,1338,15141,1127,0.0492,12.09
user_20,65820,4938,2109,2130,204,0.0355,9.09
user_21,788201,1679,1967,17130,670,0.0226,5.79
user_22,322879,4678,1328,9170,1095,0.0318,13.86
user_23,719315,1366,406,8993,1049,0.014,12.12
user_24,328069,2907,2055,19457,2674,0.0675,6.49
user_25,777997,1174,1181,34580,729,0.0454,9.93
user_26,200041,2637,2045,3320,159,0.0174,7.64
user_27,792743,1073,2977,17455,2226,0.0248,8.0
user_28,104355,1428,735,1792,192,0.019,3.63
user_29,236796,3424,2498,12522,1706,0.0601,5.86
user_30,215176,1569,2621,3570,97,0.017,-0.67
user_31,185779,276,2867,11666,1138,0.0689,4.07
user_32,348449,941,445,3984,374,0.0125,9.83
user_33,422909,4122,1459,11611,286,0.0281,14.2
user_34,990436,2307,2093,71654,6216,0.0786,14.37
user_35,259795,2838,404,15664,1554,0.0663,7.45
user_36,487232,446,75,7360,330,0.0158,8.31
user_37,918040,2128,2701,61948,3440,0.0712,1.16
user_38,501186,4794,125,22309,2303,0.0491,9.82
user_39,157730,4474,2916,10926,883,0.0749,-0.8
user_40,871910,3287,689,45384,5969,0.0589,2.84
user_41,385681,3943,395,22264,1436,0.0614,9.36
user_42,150503,2055,762,11971,654,0.0839,3.28
user_43,655811,2066,986,17223,2549,0.0301,-1.15
user_44,528035,3221,327,28342,3923,0.0611,12.14
user_45,649143,2718,2158,27408,651,0.0432,3.28
user_46,453366,1928,821,5785,695,0.0143,-0.93
user_47,66725,1246,129,734,25,0.0114,-0.73
user_48,130981,1822,1684,2402,56,0.0188,2.28
user_49,85654,211,2652,4748,263,0.0585,1.03
user_50,954277,4026,359,47428,2609,0.0524,11.16
user_51,906778,1801,1608,44196,5591,0.0549,3.47
user_52,592723,825,998,7248,814,0.0136,11.68
user_53,320030,989,2423,13713,2024,0.0492,0.96
user_54,329947,3270,1935,24654,2773,0.0831,6.38
user_55,556839,589,187,21066,1566,0.0406,9.7
user_56,903648,4967,576,48566,5384,0.0597,9.08
user_57,274538,1511,924,17731,2658,0.0743,8.22
user_58,332236,405,124,21553,2420,0.0722,13.72
user_59,529178,3654,2067,24527,2919,0.0519,1.88
user_60,566894,3373,2217,39714,5638,0.08,6.39
user_61,490492,284,165,18342,637,0.0387,13.03
user_62,257840,1598,2783,18618,2078,0.0803,-0.68
user_63,474254,2146,893,12717,1660,0.0303,-1.05
user_64,350457,4263,318,10378,1495,0.0339,1.97
user_65,666987,2151,1756,9150,433,0.0144,8.76
user_66,271936,1723,665,17863,1527,0.0713,2.42
user_67,240931,2150,2790,9443,1024,0.0434,1.23
user_68,240629,3707,657,6265,326,0.0274,5.8
user_69,206041,4703,2306,5403,529,0.0288,8.43
user_70,699361,3646,2531,51121,2734,0.077,2.23
user_71,732912,3798,2520,50112,3174,0.0727,3.11
user_72,418113,3223,803,20381,1577,0.0525,8.43
user_73,69148,1865,916,3673,326,0.0578,14.08
user_74,778089,3891,390,33615,2636,0.0466,9.47
user_75,649531,2055,506,24303,2044,0.0406,11.31
user_76,252995,4543,2057,18742,1102,0.0784,4.24
user_77,907606,724,2232,17056,693,0.0196,2.63
user_78,679843,436,1380,26711,698,0.0403,5.72
user_79,911790,2208,211,31109,1414,0.0357,11.72
user_80,573843,2711,749,25748,2462,0.0492,5.76
user_81,257508,2114,2281,10824,1322,0.0472,12.39
user_82,804591,3901,2641,37270,1565,0.0483,14.81
user_83,897942,3303,976,17774,606,0.0205,-0.78
user_84,107530,4686,400,4937,579,0.0513,-1.23
user_85,605365,4316,2740,16326,974,0.0286,0.54
user_86,823352,789,817,18857,2709,0.0262,4.53
user_87,461337,1451,258,6707,756,0.0162,0.23
user_88,725839,3309,2767,46007,2874,0.0673,12.8
user_89,806889,2327,1125,32211,1856,0.0422,-1.61
user_90,460773,3954,1406,24819,2186,0.0586,3.37
user_91,209261,3973,2572,12750,386,0.0628,1.14
user_92,765469,4264,2269,44054,1555,0.0596,13.84
user_93,342097,3277,2987,14687,629,0.0448,9.38
user_94,316139,2881,1547,11745,1417,0.0416,13.5
user_95,172829,3808,1687,6276,544,0.0395,14.53
user_96,272836,2562,56,14952,319,0.056,6.45
user_97,439974,2201,2711,19638,2112,0.0494,1.98
user_98,990913,3725,2016,68808,5166,0.0747,1.29
user_99,203283,2795,1445,14479,1251,0.0774,1.79
user_100,197769,3916,2832,4338,207,0.023,10.05
user_101,562353,3814,2773,10986,1007,0.0213,-1.31
user_102,224165,2272,2612,12133,1787,0.0621,-1.13
user_103,624587,2842,1510,19415,573,0.032,8.34
user_104,951110,1747,1244,10747,611,0.0119,8.91
user_105,536822,3512,2607,38761,1999,0.0759,9.31
user_106,488879,4113,2042,12653,661,0.0272,4.32
user_107,565685,1574,2461,42454,2939,0.0802,11.7
user_108,783038,4810,852,47154,5958,0.0678,7.07
user_109,354531,82,616,22472,3116,0.0722,-0.21
user_110,264160,4075,2460,6366,294,0.0252,11.55
user_111,580879,2616,719,15331,1388,0.0288,14.2
user_112,221884,2853,1666,10315,1060,0.0513,-0.98
user_113,24247,3946,2038,534,46,0.0239,4.65
user_114,25300,3759,460,793,60,0.0337,6.29
user_115,468281,769,1880,15220,684,0.034,0.49
user_116,608086,4629,1660,12875,1074,0.0229,12.75
user_117,534556,1022,1549,13023,939,0.0261,2.83
user_118,349951,3768,2985,22816,2816,0.0732,11.31
user_119,275329,4452,2387,5975,712,0.0243,9.41
user_120,720064,4602,2620,8635,323,0.0124,8.17
user_121,743139,2257,1114,40170,1265,0.0558,1.27
user_122,433315,4476,587,33936,4685,0.0891,1.75
user_123,927075,4370,2986,30764,2756,0.0362,-1.2
user_124,517588,3080,255,9474,1245,0.0207,2.09
user_125,237584,3625,1324,11861,326,0.0513,3.87
user_126,563332,3166,1205,41373,3659,0.0799,12.16
user_127,838646,3335,1052,54414,4904,0.0707,4.23
user_128,979732,693,2127,52490,6922,0.0606,10.83
user_129,377896,4761,2960,12113,395,0.0331,5.47
user_130,49984,244,1860,2395,122,0.0504,11.34
user_131,303918,4046,244,4980,362,0.0176,14.6
user_132,265712,538,1862,15285,2026,0.0651,2.08
user_133,121151,2254,2767,7360,1045,0.0694,12.66
user_134,456808,2707,601,35426,5280,0.0891,8.57
user_135,986067,3326,188,27834,4027,0.0323,11.89
user_136,134767,1152,1485,1521,31,0.0115,9.08
user_137,649663,1291,33,31308,820,0.0495,5.21
user_138,704550,565,2231,41903,1642,0.0618,1.88
user_139,137330,442,1463,8971,586,0.0696,-0.81
user_140,481754,680,2824,11350,1451,0.0266,7.1
user_141,302648,3766,1890,8571,1166,0.0322,14.84
user_142,689519,1897,1563,31636,1401,0.0479,10.55
user_143,14986,2705,1709,496,49,0.0364,3.56
user_144,587146,1029,1591,41238,5742,0.08,12.06
user_145,130312,4579,1071,5624,451,0.0466,11.07
user_146,13666,3452,1751,901,30,0.0681,2.79
user_147,301804,3921,465,15284,1215,0.0547,-1.76
user_148,135633,327,735,8696,598,0.0685,0.01
user_149,289998,282,838,9653,917,0.0364,12.91
user_150,851937,1602,2171,58101,4475,0.0735,12.22
user_151,629776,3320,2809,18402,409,0.0299,3.02
user_152,708611,2459,445,34174,5099,0.0554,2.85
user_153,285806,3562,1144,7139,647,0.0272,11.48
user_154,795824,75,1584,34448,2809,0.0468,13.94
user_155,31535,510,2706,1017,146,0.0369,11.25
user_156,997107,3814,869,28586,1150,0.0298,8.29
user_157,376713,3481,1565,29266,1305,0.0812,2.13
user_158,839688,3533,1149,17805,2226,0.0239,6.94
user_159,352279,2044,1722,22937,1236,0.0686,1.97
user_160,914910,540,2021,72178,8942,0.0887,11.74
user_161,822654,1122,2836,9372,518,0.012,4.58
user_162,602661,3223,296,35515,863,0.0604,12.17
user_163,998079,265,1826,27650,2411,0.0301,4.49
user_164,648972,1773,2967,8329,379,0.0134,12.01
user_165,490570,1642,2255,18740,2221,0.0427,3.67
user_166,457551,2656,1959,34529,3568,0.0833,5.48
user_167,274109,208,2172,2966,415,0.0123,8.46
user_168,25538,4831,565,1306,159,0.0574,-0.81
user_169,895498,3363,2447,40384,1756,0.0471,14.12
user_170,202664,2891,129,14416,1787,0.08,7.75
user_171,492234,1826,564,7816,808,0.0175,6.63
user_172,900684,2102,2421,51975,5559,0.0639,12.27
user_173,140182,2345,762,8075,1035,0.065,12.72
user_174,473525,1746,2384,26913,2545,0.0622,6.88
user_175,159338,3043,1309,12103,975,0.0821,13.76
user_176,185064,2519,1895,12513,1285,0.0746,-0.9
user_177,215020,1996,1108,2781,163,0.0137,-0.08
user_178,624094,3859,352,26820,1173,0.0449,8.15
user_179,925414,2833,1556,35033,3508,0.0416,4.02
user_180,898421,3694,1176,28489,1435,0.0333,5.89
user_181,616270,2550,611,25632,778,0.0429,3.58
user_182,646914,3695,802,23866,479,0.0376,4.88
user_183,120176,2695,559,4838,479,0.0442,11.98
user_184,918710,2399,2802,72163,4840,0.0838,8.09
user_185,219126,1982,1578,3550,418,0.0181,14.95
user_186,219969,3344,1539,16400,1127,0.0797,11.38
user_187,123409,1807,2688,5382,447,0.0472,2.65
user_188,548707,1166,638,29444,2147,0.0576,2.49
user_189,969140,2617,2976,66010,6902,0.0752,3.71
user_190,254618,3549,1853,8970,594,0.0376,12.34
user_191,770598,542,1011,30923,4492,0.046,-1.54
user_192,51015,3356,2166,1972,279,0.0441,1.91
user_193,773838,669,2384,28037,3651,0.0409,13.38
user_194,123096,3282,2190,9205,1285,0.0852,8.88
user_195,632347,3873,2866,43015,3371,0.0734,1.86
user_196,186340,2430,1636,3285,294,0.0192,1.73
user_197,111687,1596,1538,1962,228,0.0196,12.66
user_198,875371,3613,2524,34971,3864,0.0444,13.19
user_199,412357,1655,541,6971,946,0.0192,2.35
user_200,736716,3802,2587,39293,4444,0.0594,5.15
user_201,106878,4725,936,2143,320,0.023,12.19
user_202,728270,1940,736,33912,2214,0.0496,11.11
user_203,974548,1325,2382,10238,1313,0.0119,11.84
user_204,199286,2793,2776,6409,709,0.0357,6.81
user_205,774290,2543,2777,44446,4883,0.0637,13.5
user_206,775684,406,1956,34039,2122,0.0466,3.54
user_207,165899,919,579,13019,1589,0.0881,0.66
user_208,974324,935,988,69359,9505,0.0809,10.05
user_209,325767,2051,2423,11445,554,0.0368,7.17
user_210,862882,1333,1097,11376,1152,0.0145,12.53
user_211,880858,669,909,60949,4326,0.0741,-0.62
user_212,380989,932,812,28111,4178,0.0848,12.34
user_213,416515,846,2332,28091,2310,0.073,2.99
user_214,44585,3692,1001,845,41,0.0199,9.13
user_215,372369,3475,821,29735,2070,0.0854,-1.32
user_216,65044,1346,62,1827,191,0.031,8.36
user_217,961061,4764,1629,58330,1743,0.0625,10.19
user_218,443296,294,2929,32609,3210,0.0808,4.27
user_219,110556,2945,1797,2929,413,0.0302,1.66
user_220,527981,979,369,38847,5071,0.0832,7.14
user_221,882691,569,1587,27949,804,0.0326,12.16
user_222,768595,3262,1149,60218,8980,0.09,3.5
user_223,201235,2459,2979,5974,662,0.033,2.29
user_224,26939,57,2068,2067,84,0.0798,2.74
user_225,967429,2575,1800,13300,287,0.014,14.14
user_226,961445,3473,603,57349,2423,0.0622,4.11
user_227,153906,2069,451,7271,937,0.0533,-1.94
user_228,543335,4640,1952,23608,538,0.0444,11.29
user_229,289249,4332,2120,7417,373,0.0269,9.89
user_230,76766,3717,2587,4559,540,0.0664,0.19
user_231,409923,3721,1368,9574,920,0.0256,14.74
user_232,416192,2851,2214,20268,2467,0.0546,8.34
user_233,569550,135,2050,15792,1847,0.031,6.51
user_234,388261,3165,1209,29854,793,0.0789,4.5
user_235,811208,4282,1182,9737,1324,0.0136,13.28
user_236,686440,2518,2696,16461,815,0.0252,2.15
user_237,653664,3669,318,17623,1620,0.0294,2.86
user_238,985346,1686,1959,38413,3985,0.043,0.08
user_239,455589,3633,808,11977,502,0.0274,10.91
user_240,138848,4059,869,6164,905,0.0509,8.12
user_241,618075,3376,2245,43928,3666,0.077,8.35
user_242,128948,2268,2909,7716,212,0.0615,1.71
user_243,580304,2267,1397,29361,4164,0.0578,9.07
user_244,403690,2419,1197,6551,630,0.0178,11.01
user_245,500046,3688,1969,29292,3248,0.0651,4.08
user_246,452269,2553,897,9791,864,0.0236,11.62
user_247,22959,993,1158,1493,191,0.0733,3.93
user_248,661890,2887,1597,18204,442,0.0282,10.89
user_249,751216,2710,2826,29442,1616,0.0413,-1.43
user_250,906533,2986,2512,31305,2537,0.0373,7.37
user_251,791180,4494,2775,55475,1661,0.0722,14.48
user_252,229576,3997,2669,4329,483,0.021,14.68
user_253,538833,1726,1666,26723,1902,0.0531,2.79
user_254,915091,1246,1923,18250,1011,0.021,5.5
user_255,984703,4155,1402,58428,1194,0.0605,-0.93
user_256,166838,2837,164,12238,1389,0.0817,12.85
user_257,336674,1511,2342,13609,1747,0.0456,7.67
user_258,880989,3368,2576,38910,2776,0.0473,4.55
user_259,62087,716,1222,4651,434,0.0819,-0.08
user_260,594128,2226,2820,27608,1369,0.0488,14.1
user_261,119451,3793,1881,5271,531,0.0486,7.01
user_262,448600,650,1874,22646,488,0.0516,2.81
user_263,838437,2702,2544,48835,4078,0.0631,3.95
user_264,440792,4472,1886,7705,799,0.0193,2.6
user_265,40353,3874,1118,2722,379,0.0768,8.23
user_266,194075,3956,1171,7857,546,0.0433,13.81
user_267,215283,1029,1754,3243,387,0.0169,12.56
user_268,315877,2501,2733,20542,2006,0.0714,5.83
user_269,66318,678,587,2413,339,0.0415,12.05
user_270,766313,1679,1833,13047,936,0.0182,5.19
user_271,483690,3746,550,26295,1616,0.0577,2.29
user_272,417880,3480,2226,29924,4049,0.0813,14.72
user_273,592460,3724,1581,42741,1128,0.074,3.17
user_274,741976,3979,700,57159,2156,0.0799,3.5
user_275,782239,2815,2090,55335,1699,0.0729,14.82
user_276,94264,4419,1090,956,123,0.0114,0.28
user_277,771746,4830,2592,28258,604,0.0374,10.93
user_278,814168,165,748,54791,7233,0.0762,13.91
user_279,226281,2053,1749,8064,634,0.0384,6.7
user_280,638147,742,2211,33252,682,0.0532,-1.96
user_281,899613,3212,687,47177,3406,0.0562,4.38
user_282,395070,1155,1632,14045,621,0.0371,-0.1
user_283,353228,3058,700,25896,2619,0.0807,5.08
user_284,432839,2211,992,19575,2120,0.0501,11.43
user_285,270536,203,2866,11507,959,0.0461,5.46
user_286,318824,3749,2152,25450,643,0.0818,5.34
user_287,258426,4460,2483,11511,1212,0.0492,7.47
user_288,178789,3836,2761,4020,520,0.0254,7.89
user_289,514153,1114,2549,23607,2682,0.0511,12.56
user_290,743452,4250,2523,49797,6368,0.0755,3.24
user_291,838291,1963,846,53969,2486,0.0673,11.97
user_292,126657,1266,316,8258,1119,0.074,7.62
user_293,236167,2451,1273,14066,870,0.0632,3.11
user_294,682669,1822,2747,18974,412,0.0284,3.02
user_295,481671,2010,2445,33883,4392,0.0795,4.14
user_296,720094,2830,2488,52236,7440,0.0829,8.59
user_297,71467,4854,2172,1685,177,0.0261,1.92
user_298,184734,4796,1748,3534,177,0.0201,13.65
user_299,623794,2921,2044,48838,2575,0.0824,7.77
user_300,110751,710,349,7839,632,0.0765,13.64
user_301,382050,2685,2506,27708,3788,0.0824,-1.21
user_302,931192,2379,1175,67088,2646,0.0749,3.82
user_303,812774,4004,1910,38946,4960,0.054,-1.61
user_304,693517,2500,401,38315,2217,0.0584,2.63
user_305,462079,1182,2205,22260,2785,0.0542,12.65
user_306,369452,749,862,5018,700,0.0155,-1.38
user_307,970587,2088,2337,60356,4561,0.0669,5.41
user_308,107081,4697,415,4858,327,0.0484,-0.0
user_309,984237,4550,2980,54467,6769,0.0622,5.09
user_310,614333,4607,2531,27758,2465,0.0492,12.26
user_311,559986,2229,469,24878,2711,0.0493,8.59
user_312,111078,2888,1374,2446,246,0.0242,10.52
user_313,868055,923,2006,25616,1021,0.0307,3.93
user_314,23671,133,1328,499,64,0.0238,14.05
user_315,419400,1472,1317,9938,451,0.0248,10.06
user_316,356528,2725,2087,27847,3931,0.0891,5.17
user_317,960611,3230,2306,19901,1046,0.0218,5.25
user_318,611490,4366,1313,17640,2035,0.0322,13.62
user_319,52663,4025,2485,2703,154,0.0543,7.8
user_320,16708,1441,1869,880,53,0.0558,10.01
user_321,879338,3268,205,18271,1101,0.022,5.09
user_322,312955,4257,1253,20517,2405,0.0732,1.8
user_323,134883,664,1457,8762,809,0.071,10.3
user_324,319394,3021,272,8499,1145,0.0302,8.33
user_325,113547,3615,38,3429,205,0.032,6.52
user_326,990586,3626,2779,74946,8240,0.084,8.61
user_327,911681,4620,1179,61809,7286,0.0758,1.54
user_328,560042,320,242,32956,1308,0.0612,11.5
user_329,752102,4116,22,11850,854,0.0169,14.12
user_330,763002,2518,1279,29969,2480,0.0425,13.15
user_331,143483,1440,873,7052,467,0.0524,3.46
user_332,659271,3404,1508,15241,943,0.0245,4.9
user_333,985774,4185,247,40787,4455,0.0459,11.74
user_334,215835,3657,2980,11238,540,0.0546,8.12
user_335,402896,2633,1697,13261,1488,0.0366,7.31
user_336,85896,4123,518,5554,786,0.0738,13.75
user_337,478095,3125,2588,32907,3076,0.0753,7.11
user_338,72295,3956,2769,2360,234,0.0359,6.75
user_339,744974,339,1905,51184,1482,0.0707,-1.29
user_340,888121,2530,2984,15320,2028,0.0195,-0.82
user_341,274255,3302,2035,18825,1075,0.0726,-1.87
user_342,300648,328,1182,6221,621,0.0228,13.53
user_343,658162,2974,1319,10402,1532,0.0181,4.94
user_344,9155,630,2358,502,48,0.0601,5.97
user_345,467872,303,1096,20135,2299,0.0479,12.37
user_346,826816,4326,734,60814,4736,0.0793,8.36
user_347,375705,4826,967,13308,370,0.0364,8.36
user_348,572542,874,2715,17233,2131,0.0338,3.04
user_349,809350,3882,2751,36462,895,0.0462,12.18
user_350,611269,749,889,25622,2846,0.0466,0.82
user_351,979217,1430,1090,33401,767,0.0349,-1.1
user_352,555594,3946,113,32536,4297,0.0663,1.26
user_353,148718,1723,579,9394,380,0.0657,2.55
user_354,309987,2777,1795,21608,1876,0.0758,2.8
user_355,646263,3206,2280,50473,4927,0.0857,9.4
user_356,359745,3438,455,10312,819,0.0309,1.7
user_357,108512,4357,871,6524,419,0.064,9.5
user_358,148443,433,2575,5581,451,0.0406,-0.45
user_359,471587,391,2903,27067,1637,0.0609,0.5
user_360,374616,2037,2718,16227,1248,0.0466,6.65
user_361,658409,4109,224,52385,3491,0.0849,13.67
user_362,687976,4989,2448,41982,3929,0.0667,12.61
user_363,366871,3159,1119,28129,1432,0.0806,14.47
user_364,376037,4132,96,25738,3822,0.0786,9.06
user_365,808364,4565,835,59174,5036,0.0794,9.49
user_366,118796,2848,787,7960,360,0.07,8.63
user_367,292999,3290,2477,12347,1012,0.0456,8.59
user_368,193506,2038,125,5345,708,0.0313,0.5
user_369,991198,3464,2618,35606,813,0.0367,7.24
user_370,699376,1899,2893,7984,865,0.0127,4.56
user_371,270544,355,2155,12628,1152,0.0509,5.52
user_372,381002,3663,1766,17279,726,0.0473,6.9
user_373,699002,2799,2948,32690,4127,0.0527,0.18
user_374,540439,1185,1485,42252,2871,0.0835,4.11
user_375,969911,255,2607,71581,4165,0.0781,-0.92
user_376,591978,4641,264,12620,1611,0.024,14.65
user_377,529787,3500,2645,18977,1954,0.0395,0.01
user_378,531583,3861,1425,21091,2884,0.0451,2.39
user_379,908317,3672,1001,32006,3260,0.0388,13.15
user_380,389215,3649,2784,25647,2982,0.0736,6.21
user_381,322184,2601,1756,15040,1936,0.0527,0.31
user_382,799615,4358,161,40018,1085,0.0514,4.53
user_383,423515,359,912,29523,3568,0.0781,-0.03
user_384,669234,2758,1411,44447,4435,0.073,1.4
user_385,379480,2041,2419,7306,212,0.0198,-1.12
user_386,33711,321,564,2021,174,0.0651,5.45
user_387,792971,3692,2980,32099,986,0.0417,11.71
user_388,502157,4136,2219,15378,1778,0.0342,7.96
user_389,185423,1872,1489,2503,227,0.0147,8.31
user_390,979771,3323,2720,43215,6221,0.0505,1.41
user_391,517349,4588,782,18045,790,0.0364,3.85
user_392,704714,4399,643,19454,1921,0.0303,12.37
user_393,913495,570,675,53555,2544,0.0614,-0.51
user_394,658917,1026,2517,42081,4200,0.0702,12.58
user_395,825792,3772,2788,22408,2553,0.0302,6.22
user_396,738378,3601,1267,9939,1132,0.015,12.23
user_397,134272,4155,62,9320,1173,0.0781,3.41
user_398,768836,2823,2331,8224,1077,0.0121,3.76
user_399,987001,2602,1046,74615,2241,0.0779,10.78
user_400,703335,2882,1680,37933,2451,0.0574,11.34
user_401,808789,3957,1311,26309,2876,0.0361,1.9
user_402,644409,202,615,17562,1489,0.0296,14.54
user_403,78505,3014,1032,834,37,0.0111,-0.56
user_404,3869,2966,2244,102,9,0.0287,-0.84
user_405,782474,2850,2130,15368,1121,0.0211,8.12
user_406,455351,1802,977,24066,1701,0.0566,10.29
user_407,313252,2660,580,6784,849,0.0244,14.34
user_408,637584,3925,1350,29969,2187,0.0504,4.88
user_409,619467,1154,1332,31783,744,0.0525,-1.57
user_410,91272,2586,1841,2816,77,0.0317,8.25
user_411,39467,4249,1570,491,64,0.0141,2.92
user_412,810760,3904,869,10221,1480,0.0144,5.36
user_413,878844,3544,1298,10409,1139,0.0131,6.3
user_414,481047,1964,2671,29699,2000,0.0659,-0.9
user_415,660347,3122,1553,21303,3025,0.0368,6.26
user_416,59871,1056,1834,3935,417,0.0727,5.25
user_417,940903,456,1761,37844,4910,0.0454,10.11
user_418,129391,216,625,5396,645,0.0467,8.98
user_419,440430,558,2897,20216,1400,0.0491,1.15
user_420,611704,1711,1506,36648,3013,0.0648,1.5
user_421,857703,3714,1314,24997,1104,0.0304,2.27
user_422,831496,3539,765,15391,892,0.0196,1.04
user_423,257687,4908,577,12607,1527,0.0548,9.17
user_424,726451,730,2131,23891,3254,0.0374,14.91
user_425,108450,2574,961,4443,507,0.0456,9.09
user_426,172890,2170,2316,9558,769,0.0597,8.31
user_427,439741,4727,1289,19607,612,0.046,4.97
user_428,282974,4407,959,15116,414,0.0549,3.31
user_429,935933,1413,1630,45012,3090,0.0514,13.49
user_430,401109,1381,2224,24782,1989,0.0667,14.47
user_431,117381,2342,2802,6974,691,0.0653,6.45
user_432,474125,1588,1745,22470,468,0.0484,2.93
user_433,572621,3458,1004,32938,4896,0.0661,11.09
user_434,135508,610,1607,9641,648,0.0759,0.25
user_435,730650,1149,1356,29415,3831,0.0455,11.02
user_436,863645,1953,1894,33590,3007,0.0424,11.92
user_437,400111,224,681,25405,938,0.0658,0.12
user_438,151810,2206,52,7708,953,0.0571,14.61
user_439,293890,2280,1836,4399,493,0.0166,14.75
user_440,574665,4337,2625,41633,3687,0.0789,13.92
user_441,966908,4210,2140,11752,1021,0.0132,6.43
user_442,841477,3970,1909,52497,1646,0.0643,2.18
user_443,361032,1547,2892,22786,2398,0.0698,7.89
user_444,958294,3904,1176,73518,10179,0.0873,5.14
user_445,370599,3221,80,5110,164,0.0142,1.5
user_446,661960,1617,1563,34276,1859,0.0546,5.2
user_447,751020,1201,291,30002,4119,0.0454,9.29
user_448,880611,418,2313,29187,1662,0.035,-0.79
user_449,172836,4996,1219,2821,296,0.018,3.67
user_450,730903,92,2695,36096,3231,0.0538,-1.7
user_451,46714,1957,1826,2033,198,0.0478,10.74
user_452,975339,3540,2772,16891,1250,0.0186,8.89
user_453,628234,2585,2729,33217,1959,0.056,-0.93
user_454,897048,4223,1174,55309,1455,0.0633,14.4
user_455,631271,2923,1145,40217,4695,0.0711,-1.62
user_456,467960,1874,329,34337,4017,0.082,8.03
user_457,712851,1343,1335,27560,2954,0.0428,11.2
user_458,125123,4819,1765,9598,995,0.0847,11.39
user_459,937093,4846,2562,66140,3418,0.0742,-1.42
user_460,306628,4904,357,9430,215,0.0315,13.41
user_461,83989,3436,2646,1776,222,0.0238,13.61
user_462,299356,3022,29,12117,1015,0.0439,7.54
user_463,830957,3972,68,31686,1897,0.0404,6.2
user_464,179274,1042,1530,9017,299,0.052,-1.24
user_465,688995,2436,2690,35026,986,0.0523,7.55
user_466,326352,2290,1364,20396,1332,0.0666,4.96
user_467,821260,1526,750,37525,4676,0.0514,11.14
user_468,412927,3457,814,7159,998,0.0198,4.87
user_469,790852,439,1668,55423,7569,0.0797,9.62
user_470,884184,1049,152,28014,3910,0.0361,-0.28
user_471,132373,4670,2150,10323,1424,0.0887,0.26
user_472,439452,1905,2124,8020,710,0.0199,0.38
user_473,116294,708,395,8963,434,0.0808,-1.23
user_474,460451,2813,2416,7537,932,0.0184,7.2
user_475,972744,3713,290,25459,1216,0.0274,11.5
user_476,649307,1531,1526,8610,471,0.014,8.38
user_477,66726,3781,2178,3960,199,0.0623,7.77
user_478,142564,501,2936,9911,861,0.0756,9.57
user_479,378812,2525,2954,15298,945,0.0429,3.77
user_480,269246,3272,95,20192,808,0.078,4.15
user_481,706696,1587,1976,36268,2862,0.0554,3.34
user_482,119015,3143,1686,6438,860,0.0613,10.11
user_483,741674,932,348,51308,4831,0.0757,0.75
user_484,255079,4458,2189,7850,1053,0.0349,-1.78
user_485,551929,4118,60,19206,873,0.0364,8.14
user_486,690944,4985,1210,50726,2115,0.0765,14.02
user_487,689105,2616,2989,50351,4774,0.08,8.36
user_488,514758,3327,2709,40333,3236,0.0846,11.31
user_489,941597,424,2346,68857,7286,0.0809,9.44
user_490,984609,4596,2830,18624,2296,0.0212,6.46
user_491,366890,3747,2536,24824,2921,0.0756,10.21
user_492,446101,3112,2076,17259,2459,0.0442,12.01
user_493,37631,4740,32,2986,214,0.085,1.82
user_494,767577,3300,943,33051,1547,0.0451,3.71
user_495,73991,4645,2990,3608,330,0.0532,1.8
user_496,5014,4609,1862,236,8,0.0487,5.69
user_497,274237,162,1252,8918,513,0.0344,13.05
user_498,19070,3247,1234,290,13,0.0159,3.87
user_499,823209,2428,672,59843,4281,0.0779,4.37
user_500,57958,1974,1723,3836,132,0.0685,12.63
user_501,83074,189,640,1642,39,0.0202,6.76
user_502,536017,1474,1982,34505,3636,0.0712,7.1
user_503,756073,2999,1665,40683,4041,0.0592,12.63
user_504,177089,3218,2263,6842,766,0.043,6.34
user_505,198392,566,436,5511,583,0.0307,9.59
user_506,159823,2666,683,11216,390,0.0726,-0.54
user_507,631152,937,1798,37246,2154,0.0624,1.04
user_508,394002,3154,1399,19046,701,0.0501,4.87
user_509,734429,99,167,38682,5012,0.0595,6.41
user_510,499863,4001,2065,8185,958,0.0183,14.42
user_511,368654,3610,1408,15916,735,0.0452,14.5
user_512,580036,68,2431,13665,879,0.0251,12.47
user_513,531089,4871,1745,13057,1901,0.0282,3.37
user_514,151262,1523,421,8514,827,0.0618,14.39
user_515,443905,4111,2673,32754,4066,0.0829,9.72
user_516,236362,2656,1535,9043,491,0.0403,4.68
user_517,445209,501,2051,10926,516,0.0257,9.93
user_518,554880,3815,248,30747,3748,0.0622,-1.72
user_519,798079,2488,1618,56650,6184,0.0787,0.48
user_520,665076,4360,2604,41488,4502,0.0691,12.1
user_521,220963,1599,287,15647,1437,0.0773,8.97
user_522,481761,3524,1448,22911,2136,0.052,4.19
user_523,249710,177,1836,15639,1808,0.0699,6.51
user_524,221984,4905,1054,4396,242,0.0209,13.39
user_525,898059,2811,1363,30874,2033,0.0366,8.74
user_526,857748,4506,145,31966,4261,0.0422,4.77
user_527,783355,4714,2373,35870,2157,0.0485,0.05
user_528,265512,1465,1745,19922,1813,0.0819,2.99
user_529,602863,251,1132,42924,4779,0.0791,14.63
user_530,269799,2419,2695,5238,785,0.0223,5.44
user_531,238549,567,1395,5270,403,0.0238,6.02
user_532,595319,1391,708,20856,1577,0.0377,6.48
user_533,994933,4826,1300,30198,3911,0.0343,13.03
user_534,485299,2038,1252,25737,3209,0.0596,8.27
user_535,613210,3595,300,44883,5163,0.0816,9.79
user_536,449982,4570,462,34810,2792,0.0836,4.62
user_537,125046,3852,1883,6971,432,0.0592,-1.51
user_538,407619,3325,856,27991,2774,0.0755,13.83
user_539,33097,3704,408,1547,207,0.053,14.14
user_540,997161,2484,636,24513,3306,0.0279,14.14
user_541,667326,4923,166,31182,1063,0.0483,14.04
user_542,650150,257,540,31763,2403,0.0526,11.86
user_543,231229,2683,649,14329,1152,0.067,9.64
user_544,119834,4167,2501,3042,447,0.0291,12.36
user_545,94848,203,2211,3393,366,0.0396,8.21
user_546,53921,3416,308,1913,139,0.0381,0.28
user_547,706086,4364,1429,54482,1274,0.079,4.65
user_548,651429,4814,33,26758,2501,0.0449,14.51
user_549,706660,1568,276,44418,1443,0.0649,3.97
user_550,285821,2650,1741,17880,2297,0.0706,12.75
user_551,56609,2245,1443,1618,190,0.0319,-0.42
user_552,228897,4548,1250,11451,914,0.054,3.68
user_553,975165,4741,877,70798,5366,0.0781,3.97
user_554,32024,3604,1215,1385,189,0.0492,-1.12
user_555,71313,2464,483,5431,312,0.0805,0.02
user_556,390957,2899,289,9778,512,0.0263,1.28
user_557,185078,1792,1264,2811,399,0.0173,12.24
user_558,358429,1356,2690,25950,3248,0.0815,-0.92
user_559,933842,3899,1226,64750,8202,0.0781,3.08
user_560,462243,4218,91,36739,1667,0.0831,-1.83
user_561,114632,4626,1326,6597,254,0.0598,9.83
user_562,998639,4705,2141,75465,1764,0.0773,8.55
user_563,938012,4890,2422,63678,3235,0.0713,8.96
user_564,252451,4245,1770,17446,2104,0.0774,4.36
user_565,4051,2605,516,201,10,0.0521,1.54
user_566,705107,2355,1007,25923,2975,0.041,10.25
user_567,377836,4558,2647,28496,1503,0.0794,11.79
user_568,612523,1138,929,24652,1759,0.0431,0.36
user_569,972525,2692,392,46406,6859,0.0548,6.28
user_570,722772,1227,381,29798,1544,0.0434,2.23
user_571,190407,4966,2160,9432,650,0.0529,0.86
user_572,450395,4807,1364,19337,1143,0.0455,10.48
user_573,950597,3044,343,12697,434,0.0138,7.15
user_574,463894,609,2451,33281,2785,0.0777,1.68
user_575,212810,3014,594,8748,605,0.044,3.27
user_576,958238,1321,755,49086,5415,0.0569,14.43
user_577,728975,1863,2804,14392,1817,0.0222,12.43
user_578,74523,2965,2413,762,69,0.0112,12.96
user_579,761463,659,1235,20689,500,0.0278,5.82
user_580,95476,2511,1715,5663,568,0.0653,8.6
user_581,234841,4170,1927,3979,108,0.0174,4.41
user_582,804451,333,738,59225,5929,0.081,-0.68
user_583,871045,2978,800,21821,2379,0.0278,4.82
user_584,223866,4446,1039,5444,248,0.0254,8.1
user_585,87672,1141,1423,1990,251,0.0256,2.88
user_586,599135,866,1446,6577,910,0.0125,12.42
user_587,345894,132,683,22146,2783,0.0721,0.57
user_588,735994,1970,1792,52441,3128,0.0755,4.24
user_589,29251,3541,2667,1550,149,0.0581,0.12
user_590,628769,3194,30,14571,2024,0.0264,4.88
user_591,375710,2143,2254,11259,694,0.0318,-1.33
user_592,551233,4763,2793,23876,3022,0.0488,2.63
user_593,878284,225,1058,67455,1432,0.0784,4.81
user_594,33217,2754,2845,907,18,0.0278,6.13
user_595,9308,4987,2478,569,67,0.0683,7.24
user_596,269093,419,604,10968,1305,0.0456,2.67
user_597,184062,1868,1095,5678,695,0.0346,6.89
user_598,395366,2151,2644,16571,2334,0.0478,6.65
user_599,745840,4835,1394,11176,394,0.0155,3.38
user_600,101235,3540,1471,6672,334,0.0692,12.11
user_601,75740,1829,1874,2047,281,0.0307,7.28
user_602,379496,1414,1809,23065,992,0.0634,3.65
user_603,854049,4512,762,12626,1372,0.0164,14.1
user_604,751201,3392,1796,57734,5136,0.0837,12.37
user_605,804328,4789,223,18910,582,0.0242,14.7
user_606,918230,3726,1096,65921,3763,0.0759,9.77
user_607,178247,2476,993,11882,1041,0.0725,4.43
user_608,664165,122,1418,51638,6754,0.0879,2.77
user_609,530525,3012,1885,23052,2581,0.0483,9.28
user_610,21056,909,1319,1282,129,0.067,14.67
user_611,177615,3906,1074,6385,539,0.039,8.65
user_612,188628,4188,1178,4320,254,0.0242,12.99
user_613,639836,2474,124,26243,931,0.0425,3.59
user_614,374632,1114,272,8092,592,0.0232,4.92
user_615,135415,2267,314,10663,252,0.0806,13.41
user_616,407716,4067,2735,6824,323,0.0175,10.87
user_617,447438,2309,1201,22928,1747,0.0551,14.68
user_618,554663,3801,568,29869,2222,0.0579,11.17
user_619,666022,2136,2698,31746,817,0.0489,5.62
user_620,542252,418,1797,30557,2951,0.0618,7.03
user_621,638717,2854,318,11581,1059,0.0198,13.31
user_622,253764,200,1768,12396,373,0.0503,7.38
user_623,715998,1184,1863,21555,3073,0.0344,2.34
user_624,467882,2834,120,35471,1167,0.0783,5.41
user_625,741427,4214,2399,46965,6158,0.0716,6.78
user_626,513153,2396,2903,40064,802,0.0796,-0.36
user_627,68215,4947,1794,861,115,0.0143,10.64
user_628,856474,2300,2460,25659,578,0.0306,-0.14
user_629,145356,110,893,3441,407,0.0265,4.88
user_630,204861,3060,2448,2208,147,0.0115,11.68
user_631,356612,3951,111,9615,1115,0.0301,5.95
user_632,455605,1387,466,26203,1892,0.0617,12.31
user_633,10435,1234,128,273,7,0.0268,3.81
user_634,448556,4476,336,20467,2451,0.0511,14.28
user_635,700438,1601,1855,50534,1478,0.0743,1.56
user_636,866264,4483,1963,50731,7096,0.0668,-1.35
user_637,576581,1679,1478,21693,577,0.0386,12.83
user_638,79781,1377,461,2877,236,0.039,10.79
user_639,192475,1576,2285,8064,919,0.0467,1.94
user_640,161196,1723,1265,3609,256,0.024,14.74
user_641,227507,1411,2740,12371,596,0.057,6.54
user_642,307063,1623,1571,10897,1293,0.0397,14.17
user_643,765121,2736,297,53302,6500,0.0782,6.59
user_644,777665,4420,588,48960,6851,0.0718,6.02
user_645,691607,2416,1029,36472,2512,0.0564,5.64
user_646,122172,3807,2942,4336,372,0.0385,3.69
user_647,357902,2484,2533,8838,593,0.0264,7.07
user_648,485963,2043,858,31262,1670,0.0678,5.69
user_649,456968,919,2821,20128,2367,0.0492,-1.38
user_650,319717,1064,1627,8227,527,0.0274,2.43
user_651,60101,1961,2905,1422,107,0.0254,1.62
user_652,496972,652,49,10723,777,0.0231,12.75
user_653,289790,3871,2426,18662,2102,0.0717,8.18
user_654,891617,740,1962,23207,3233,0.0297,10.98
user_655,548337,543,2153,25697,2741,0.0519,14.27
user_656,735965,539,1277,30622,2489,0.045,8.95
user_657,361260,2606,2814,18269,2215,0.0567,14.7
user_658,884811,4535,2380,63176,6527,0.0788,3.3
user_659,593673,344,384,41997,1170,0.0727,1.17
user_660,651419,4077,1820,27082,878,0.0429,4.86
user_661,434374,2893,1842,4810,119,0.0113,6.0
user_662,721777,2962,1882,28763,2283,0.043,13.22
user_663,548577,1767,924,28763,3663,0.0591,7.52
user_664,373370,2646,717,18311,1111,0.052,2.97
user_665,888225,4794,2198,49379,3453,0.0595,10.62
user_666,272967,1923,2870,5673,784,0.0237,6.6
user_667,192232,4713,2856,10622,1368,0.0624,0.76
user_668,305119,3308,1875,6952,740,0.0252,7.81
user_669,10540,2867,370,659,36,0.0659,13.49
user_670,541652,494,199,18273,643,0.0349,12.32
user_671,398827,3691,1523,23807,525,0.061,7.98
user_672,552951,4508,1206,7382,250,0.0138,4.41
user_673,52991,791,1826,2042,118,0.0408,-0.52
user_674,189751,2091,793,11262,1033,0.0648,5.98
user_675,367326,729,529,9506,269,0.0266,10.79
user_676,687337,2517,384,45137,1702,0.0681,4.12
user_677,619992,3747,372,33575,1461,0.0565,2.0
user_678,50115,1408,2867,2562,261,0.0563,13.83
user_679,354151,112,1126,12306,1231,0.0382,11.97
user_680,744583,2609,1268,32591,2985,0.0478,8.85
user_681,192962,3819,431,9998,525,0.0545,0.33
user_682,722747,4401,754,31130,2124,0.046,0.46
user_683,150143,184,137,8840,287,0.0608,-0.25
user_684,715635,3694,501,28882,1427,0.0424,8.48
user_685,990873,4967,211,23938,3272,0.0275,-0.04
user_686,537226,2185,2658,13417,1977,0.0287,12.32
user_687,953699,3328,2657,9924,1034,0.0115,14.88
user_688,354824,872,2726,11023,1534,0.0354,4.23
user_689,5000,3124,126,312,32,0.0688,5.71
user_690,726948,3031,401,47681,1159,0.0672,10.1
user_691,888474,170,802,21476,3212,0.0278,13.93
user_692,356754,1687,2457,27517,904,0.0797,13.2
user_693,252492,974,263,11404,1240,0.0501,-1.02
user_694,891123,694,2652,66111,3495,0.0781,0.87
user_695,500522,2082,2936,29767,2112,0.0637,10.83
user_696,492072,2811,487,29804,3098,0.0669,9.71
user_697,39304,2118,885,627,48,0.0172,0.26
user_698,505999,291,1581,12852,675,0.0267,6.54
user_699,332593,2718,1253,3531,224,0.0113,11.27
user_700,608274,852,623,36574,2355,0.064,1.72
user_701,152836,4214,1680,5213,754,0.039,12.81
user_702,109940,245,1116,7153,885,0.0731,-1.1
user_703,825926,2237,2035,27854,2217,0.0364,11.3
user_704,266517,3565,1678,17950,825,0.0704,8.47
user_705,668521,2380,1753,12801,1605,0.0215,3.36
user_706,622820,2409,1633,13786,557,0.023,10.26
user_707,880090,4891,879,29801,1411,0.0355,11.3
user_708,386777,3656,1899,14927,1008,0.0412,13.88
user_709,625674,326,1296,21528,2894,0.039,4.25
user_710,552638,110,32,35067,1302,0.0658,9.66
user_711,618296,3440,2366,10379,372,0.0174,8.24
user_712,881729,1963,1119,30494,2568,0.0375,6.93
user_713,550639,3977,1094,37777,2112,0.0724,13.14
user_714,613956,2641,806,9010,846,0.0161,-1.95
user_715,639873,616,168,48607,3825,0.0819,2.8
user_716,933809,3985,1774,73810,5649,0.0851,7.15
user_717,338497,1621,2189,5483,189,0.0168,1.03
user_718,208869,4767,1323,6347,243,0.0316,13.43
user_719,66953,1250,2605,2414,305,0.0406,9.01
user_720,844890,4459,1199,54366,7348,0.073,6.12
user_721,501328,2904,2443,25926,1309,0.0543,11.85
user_722,807790,2945,101,44513,1546,0.057,5.67
user_723,4267,1286,511,268,7,0.0644,7.5
user_724,83745,186,2423,1529,151,0.0201,-1.95
user_725,877020,1079,2045,59922,6770,0.076,4.22
user_726,825945,2206,944,49055,3358,0.0635,0.36
user_727,158164,2644,1316,7973,863,0.0559,9.72
user_728,536626,711,1623,38788,4370,0.0804,6.14
user_729,132484,2522,1616,7819,1107,0.0674,3.13
user_730,532831,2727,142,12851,365,0.0248,5.95
user_731,893323,2358,727,35806,1611,0.0419,1.56
user_732,952000,136,2397,42443,1226,0.0459,13.73
user_733,61692,2562,1010,855,113,0.0157,-1.08
user_734,221156,2992,2390,16990,2090,0.0863,12.71
user_735,224992,2823,2837,4274,404,0.0208,6.69
user_736,517771,2554,2060,30456,940,0.0606,8.52
user_737,831857,3360,2500,37796,2098,0.048,3.14
user_738,564044,1750,729,6652,390,0.0125,14.43
user_739,544176,3720,813,40667,3777,0.0817,2.79
user_740,692095,2750,731,48189,2580,0.0734,8.01
user_741,834727,3679,2606,38980,1149,0.0481,14.89
user_742,115352,4640,2668,3002,345,0.029,12.98
user_743,870474,1697,1737,16115,948,0.0196,7.12
user_744,86999,3368,276,3083,242,0.0382,14.84
user_745,18955,3737,1232,528,19,0.0289,9.92
user_746,825273,646,890,37523,4665,0.0511,1.55
user_747,71640,4595,2966,5562,520,0.0849,4.9
user_748,197582,534,1751,9927,1362,0.0571,3.69
user_749,953415,695,828,68927,5818,0.0784,3.85
user_750,977535,3139,2744,54313,7733,0.0635,10.93
user_751,745086,4807,290,32237,4382,0.0491,7.93
user_752,401573,4903,1563,28038,2661,0.0764,-1.35
user_753,426695,4434,569,18346,2594,0.0491,12.92
user_754,62476,770,1157,4423,274,0.0752,3.05
user_755,307955,4783,587,9365,632,0.0325,14.95
user_756,168280,548,378,3200,82,0.0195,14.22
user_757,676510,4779,1693,47269,4566,0.0766,13.99
user_758,596468,1723,1657,30490,3471,0.0569,11.79
user_759,699646,3117,1377,50539,6092,0.0809,1.75
user_760,638144,164,1732,48274,1905,0.0786,7.05
user_761,855882,3029,1382,11771,915,0.0148,1.81
user_762,415568,4819,817,18728,805,0.047,2.41
user_763,187141,1786,1304,6783,719,0.0401,8.39
user_764,899320,3661,906,48392,1961,0.056,-1.31
user_765,635736,2303,1778,41673,5731,0.0746,14.48
user_766,539685,2344,1242,15996,799,0.0311,13.62
user_767,960059,3680,2278,47019,2721,0.0518,4.47
user_768,179031,196,306,10672,1393,0.0674,6.76
user_769,919232,4032,1735,17842,1420,0.021,5.92
user_770,969021,3503,1805,64909,1500,0.0685,13.0
user_771,120180,4557,762,6300,531,0.0568,9.71
user_772,67234,2460,1525,5141,159,0.0788,2.73
user_773,565242,186,2060,19086,2826,0.0388,5.6
user_774,179352,3410,1066,3151,303,0.0193,5.29
user_775,80459,3055,315,3657,195,0.0479,14.31
user_776,410995,3602,2073,6578,613,0.0175,0.98
user_777,196004,68,2617,15262,457,0.0802,-0.48
user_778,467152,2292,700,5936,735,0.0143,12.97
user_779,942970,498,1911,59166,8300,0.0715,13.24
user_780,955443,1998,814,44673,5971,0.053,12.82
user_781,726256,995,222,26002,1675,0.0381,6.69
user_782,953774,4286,344,13933,868,0.0155,9.22
user_783,60163,1970,2892,3221,79,0.0549,7.58
user_784,476853,3027,2311,24303,2544,0.0563,-0.82
user_785,52934,4238,346,1570,140,0.0323,8.13
user_786,721255,4065,1006,53167,4238,0.0796,-1.77
user_787,426523,288,780,13344,1841,0.0356,3.52
user_788,841530,254,1056,34907,1459,0.0432,13.85
user_789,455137,2657,926,21875,464,0.0491,3.17
user_790,6486,4390,1423,110,3,0.0174,13.98
user_791,140407,4977,384,10565,518,0.0789,2.25
user_792,874332,3438,1264,31666,770,0.0371,3.35
user_793,651308,3022,2140,10195,870,0.017,8.68
user_794,628083,4440,1668,23308,1417,0.0394,10.95
user_795,221184,2737,1089,11504,499,0.0543,6.52
user_796,667490,4216,293,30674,3604,0.0514,13.0
user_797,350652,1398,2275,20554,957,0.0613,-1.32
user_798,762315,4450,1972,10583,1157,0.0154,13.68
user_799,643612,866,1904,19255,1259,0.0319,1.34
user_800,323710,870,143,21800,1886,0.0732,13.03
user_801,198775,242,1372,3099,438,0.0178,4.81
user_802,290336,1826,2610,20289,504,0.0716,12.16
user_803,788494,3695,1711,12957,1101,0.0178,9.42
user_804,609364,4674,2127,41687,5464,0.0774,0.99
user_805,90780,300,2966,3200,308,0.0386,13.61
user_806,153617,1838,2953,8119,454,0.0558,2.17
user_807,546977,3750,2849,11323,811,0.0222,2.15
user_808,798606,2513,461,11685,1267,0.0162,11.84
user_809,351605,1217,1260,8830,1199,0.0285,-0.2
user_810,913606,3943,930,17312,438,0.0194,1.77
user_811,890465,1146,1045,28377,831,0.0328,6.56
user_812,534636,2729,1579,24596,1531,0.0489,12.12
user_813,942218,1897,1761,48253,2425,0.0538,0.51
user_814,39102,3954,2899,2552,138,0.0688,7.31
user_815,75460,554,1754,4220,205,0.0586,10.09
user_816,365778,1671,645,19244,874,0.055,12.63
user_817,90930,2522,1710,3530,130,0.0403,13.9
user_818,532089,2596,1017,22968,3247,0.0493,11.34
user_819,628438,1437,2801,24519,949,0.0405,9.1
user_820,728627,3044,110,50240,2339,0.0722,5.37
user_821,180208,3866,2234,4703,244,0.0275,-0.09
user_822,155697,767,226,1619,228,0.0119,10.07
user_823,214945,3534,1108,11949,1412,0.0622,14.88
user_824,232915,4484,1931,5630,690,0.0271,10.52
user_825,728952,708,535,52709,1772,0.0747,-1.72
user_826,209124,4058,1200,14666,1887,0.0792,6.44
user_827,438477,4574,1812,6739,492,0.0165,8.45
user_828,526830,4284,2814,9191,497,0.0184,9.72
user_829,284821,3814,2373,12720,1206,0.0489,10.24
user_830,178804,3039,1921,9413,1194,0.0593,7.49
user_831,706703,4687,2025,20666,2505,0.0328,1.8
user_832,40081,2154,414,2411,327,0.0683,14.02
user_833,719216,1305,1117,37143,5224,0.0589,9.84
user_834,356249,2532,206,11662,594,0.0344,2.03
user_835,220930,433,1617,2601,195,0.0127,3.48
user_836,806497,2657,1611,50414,1104,0.0639,13.67
user_837,518313,243,2690,12974,1742,0.0284,13.09
user_838,215532,3857,749,14745,591,0.0712,4.89
user_839,613380,3769,259,24179,3191,0.0446,-1.35
user_840,520332,2631,2600,26222,1647,0.0536,-1.18
user_841,317837,2615,160,22600,1533,0.0759,2.83
user_842,290106,2813,158,20439,512,0.0722,8.7
user_843,29295,2848,2526,1054,65,0.0382,7.93
user_844,14807,2389,89,364,49,0.0279,8.78
user_845,436564,3456,404,28053,654,0.0658,10.19
user_846,158504,781,649,6390,465,0.0432,-1.68
user_847,239067,2922,2265,5604,134,0.024,-0.21
user_848,486008,3170,224,35629,2430,0.0783,4.11
user_849,976358,4830,1769,23303,989,0.0249,0.63
user_850,958766,4227,587,11319,597,0.0124,-0.72
user_851,693440,2654,1001,7918,1061,0.0129,8.9
user_852,395540,2432,824,21185,1624,0.0577,11.86
user_853,878699,581,1730,49485,2751,0.0594,10.79
user_854,518923,4366,2926,16487,1592,0.0348,11.89
user_855,167981,684,901,5442,209,0.0336,9.32
user_856,745699,1819,2055,25178,1352,0.0356,10.5
user_857,20870,3854,993,1202,109,0.0628,2.62
user_858,953082,2420,659,13409,682,0.0148,14.88
user_859,204196,52,1474,15322,1659,0.0832,1.11
user_860,249683,255,344,6386,535,0.0277,1.65
user_861,235677,4185,461,18848,2268,0.0896,2.91
user_862,27790,2671,823,611,87,0.0251,14.58
user_863,644162,4789,2355,41231,1445,0.0663,14.8
user_864,812721,2940,245,20837,1323,0.0273,11.51
user_865,449345,3243,1107,7036,433,0.0166,8.69
user_866,750074,2716,986,53439,2119,0.0741,6.84
user_867,488462,3356,579,34247,4292,0.0789,14.5
user_868,540773,947,733,20684,2456,0.0428,9.83
user_869,831914,1135,517,49222,4084,0.0641,14.06
user_870,87188,1329,2916,4271,384,0.0534,3.38
user_871,530036,720,2993,36947,1024,0.0716,3.67
user_872,743129,1555,2127,23820,2196,0.035,12.53
user_873,665795,3625,276,31064,3816,0.0524,0.55
user_874,791141,4864,596,34791,3291,0.0481,14.08
user_875,649249,2005,2306,22576,1230,0.0367,6.63
user_876,31355,299,57,2270,242,0.0801,13.75
user_877,712131,1942,2092,15390,1031,0.0231,3.73
user_878,452015,3489,429,9250,840,0.0223,10.17
user_879,407332,1903,480,20522,1711,0.0546,6.21
user_880,157542,2904,1460,8826,613,0.0599,8.66
user_881,174416,1553,2424,4120,467,0.0263,6.57
user_882,306062,3435,402,11431,1542,0.0424,14.44
user_883,839656,3621,1852,64031,1324,0.0778,9.77
user_884,564586,3842,588,15392,2175,0.0311,2.27
user_885,502708,3476,1091,28546,2469,0.0617,13.46
user_886,867651,93,452,53629,5957,0.0687,3.0
user_887,62629,3662,75,2590,339,0.0468,4.32
user_888,329184,2668,2644,24895,2009,0.0817,-0.26
user_889,493734,4728,2335,30397,3907,0.0695,13.3
user_890,756195,3213,2136,31801,1370,0.0439,2.86
user_891,291160,1338,1771,14515,590,0.0519,2.4
user_892,549248,2992,2067,32121,3387,0.0646,13.64
user_893,821023,269,921,42244,5623,0.0583,11.69
user_894,214920,1975,1644,15368,2090,0.0812,0.4
user_895,890765,3022,2860,31160,3230,0.0386,11.08
user_896,243804,3563,276,7555,667,0.0337,13.52
user_897,377965,2498,691,9437,595,0.0265,-0.67
user_898,461857,3521,509,5840,860,0.0145,12.03
user_899,823827,2824,2813,10718,659,0.0138,7.31
user_900,505492,1040,2116,35841,4184,0.0792,9.38
user_901,654983,2996,1702,37653,3357,0.0626,6.38
user_902,416916,1862,335,23446,2323,0.0618,9.86
user_903,822052,853,2480,43589,3101,0.0568,-1.42
user_904,759574,539,453,52748,7670,0.0795,10.97
user_905,129148,3606,1045,5633,531,0.0477,-1.43
user_906,807991,1543,1995,57309,8132,0.081,5.74
user_907,487261,3695,1999,17132,359,0.0359,0.57
user_908,356540,2941,1409,26693,2521,0.0819,12.0
user_909,193714,1755,439,11410,1292,0.0656,3.33
user_910,732899,3566,1616,20522,2398,0.0313,5.72
user_911,284876,3390,1604,14097,1940,0.0563,5.29
user_912,260747,103,863,12336,253,0.0483,11.13
user_913,616650,2625,1487,12118,242,0.02,6.18
user_914,424570,3641,2983,21817,1775,0.0556,11.41
user_915,276987,665,453,8873,211,0.0328,-0.75
user_916,639353,1004,2710,8736,1281,0.0157,1.26
user_917,859158,2483,1598,65644,3207,0.0801,7.38
user_918,18640,1679,2124,1023,83,0.0593,14.1
user_919,53528,2831,983,3821,106,0.0734,-0.73
user_920,825845,699,996,47340,4159,0.0624,-1.27
user_921,260214,2397,65,9104,631,0.0374,0.66
user_922,840070,4540,1213,38549,994,0.0471,8.9
user_923,971240,3328,436,55654,3537,0.0609,4.78
user_924,502108,2690,867,38771,2748,0.0827,12.03
user_925,635421,3851,2206,17637,2622,0.0319,-0.78
user_926,369501,2611,266,26326,1237,0.0746,1.34
user_927,725226,3299,249,54163,4919,0.0815,3.1
user_928,151159,420,811,8605,1276,0.0654,8.65
user_929,173502,907,656,13045,1604,0.0844,9.65
user_930,156576,4936,2441,5926,883,0.0435,0.11
user_931,925618,4803,757,71005,10358,0.0879,14.04
user_932,866291,433,1108,51279,4288,0.0641,3.8
user_933,887089,3927,107,11479,1268,0.0144,10.12
user_934,929479,2602,732,68299,2346,0.076,6.91
user_935,12023,4384,1769,527,40,0.0472,1.79
user_936,546735,4340,1247,23084,2889,0.0475,12.39
user_937,389043,2775,1956,19317,1655,0.0539,11.91
user_938,287103,4084,1425,5873,653,0.0227,4.73
user_939,67203,3343,620,2879,336,0.0478,8.01
user_940,906588,4301,1519,61810,3272,0.0718,2.38
user_941,161775,4038,2606,1793,239,0.0126,9.73
user_942,10337,972,233,300,23,0.0312,3.25
user_943,571715,2965,2141,5815,275,0.0107,12.35
user_944,515723,3000,2128,20164,2671,0.0443,1.7
user_945,324673,3096,717,19799,1471,0.0655,-1.75
user_946,365167,1024,1262,24069,2829,0.0737,2.56
user_947,347809,1280,2079,26490,2417,0.0831,1.25
user_948,631075,2485,2881,33191,2311,0.0563,6.64
user_949,688281,1864,2099,19150,2399,0.0313,1.46
user_950,296451,2984,1203,22142,2125,0.0819,10.97
user_951,421571,4983,1020,27095,1917,0.0688,2.1
user_952,128016,1413,256,6427,220,0.0519,10.02
user_953,792267,3990,1224,46501,6343,0.0667,7.83
user_954,545447,253,2625,40746,1002,0.0765,14.77
user_955,498562,210,1501,29847,3946,0.0678,15.0
user_956,703965,4537,1123,25192,1682,0.0382,12.78
user_957,384934,818,666,23062,2378,0.0661,10.92
user_958,893048,3798,2887,11448,1601,0.0146,4.57
user_959,956592,2631,492,35440,1407,0.0385,10.81
user_960,866184,1143,131,33298,3120,0.042,14.26
user_961,318428,4550,1865,6903,824,0.0243,-1.6
user_962,320187,657,1674,3719,440,0.013,7.14
user_963,691907,1590,402,13379,1181,0.021,1.71
user_964,884439,2925,36,49372,4997,0.0615,7.48
user_965,83844,3241,512,5547,657,0.074,5.93
user_966,552820,1887,2993,43769,5660,0.0894,7.79
user_967,166421,739,1916,5699,678,0.0383,7.37
user_968,123402,3809,1529,6411,423,0.0554,14.32
user_969,119012,2999,136,8997,1345,0.0869,7.39
user_970,439661,2153,1598,9537,729,0.0233,12.39
user_971,399929,415,899,24089,558,0.0616,3.44
user_972,581466,3625,2182,36544,2453,0.0671,5.45
user_973,574695,4600,1838,9326,341,0.0168,6.0
user_974,464556,4249,1592,32652,1168,0.0728,2.74
user_975,576278,4222,2881,38562,2182,0.0707,4.46
user_976,994176,4375,1668,12266,330,0.0127,8.17
user_977,130473,2428,663,2136,233,0.0182,7.86
user_978,984049,1255,1379,13224,391,0.0138,8.82
user_979,479007,3889,355,16014,743,0.035,3.98
user_980,845573,2785,2989,38600,1238,0.0471,3.37
user_981,418009,3397,166,19756,557,0.0486,8.4
user_982,319714,1725,141,9187,503,0.0303,0.26
user_983,227156,348,100,16766,1581,0.0808,2.3
user_984,169964,1006,2752,6081,884,0.041,-1.28
user_985,526303,1164,2729,6941,928,0.015,-0.77
user_986,62813,2555,2442,1948,260,0.0352,2.14
user_987,28712,1524,2130,1354,58,0.0492,-1.67
user_988,625785,4510,523,24139,1314,0.0407,2.17
user_989,926919,4496,687,27037,809,0.03,9.13
user_990,768214,3776,2516,14744,1786,0.0215,-0.96
user_991,113816,3521,2935,7664,222,0.0693,5.42
user_992,129778,2878,1464,10347,955,0.0871,13.52
user_993,587580,2900,1365,19430,1014,0.0348,11.45
user_994,286977,2556,2747,10535,544,0.0386,3.19
user_995,136230,3820,1209,7255,1079,0.0612,13.72
user_996,719040,3014,1640,43351,5131,0.0674,3.6
user_997,807741,4644,2000,30243,3895,0.0423,-0.77
user_998,270114,999,1692,19811,1869,0.0803,14.9
user_999,335618,4653,2528,16512,2199,0.0558,12.79
user_1000,833972,2900,478,34632,3598,0.0458,5.92
user_1001,152456,215,1232,8425,1204,0.0632,9.33
user_1002,805449,3536,483,61774,3494,0.081,9.41
user_1003,863312,2559,931,56649,5517,0.072,1.31
user_1004,106570,969,2446,1364,149,0.0142,1.4
user_1005,271846,163,1045,9042,642,0.0356,5.98
user_1006,918888,3554,2431,39455,5301,0.0487,13.5
user_1007,1404,1041,91,44,6,0.0356,-1.83
user_1008,959447,3889,1470,56619,4766,0.064,11.3
user_1009,704286,1308,2705,47777,3381,0.0726,-1.02
user_1010,947693,3476,1213,57993,4717,0.0662,6.13
user_1011,275907,564,1868,21866,2861,0.0896,8.84
user_1012,674744,4854,2404,19620,2038,0.0321,9.67
user_1013,716460,3246,2042,51047,1318,0.0731,-1.01
user_1014,885574,4484,2262,56378,5101,0.0694,5.12
user_1015,666220,2634,1031,23552,524,0.0361,7.93
user_1016,236365,117,672,14510,1758,0.0688,-0.88
user_1017,343786,1646,1318,5942,372,0.0184,0.3
user_1018,51612,4528,26,3367,273,0.0705,9.28
user_1019,811006,68,924,38330,4746,0.0531,6.87
user_1020,810956,2780,2048,24701,643,0.0313,0.75
user_1021,201244,3571,2633,11250,456,0.0582,7.1
user_1022,798348,622,635,43840,3144,0.0589,13.52
user_1023,5809,2308,1893,143,7,0.0258,-1.74
user_1024,164273,2952,2640,1992,127,0.0129,8.92
user_1025,709690,700,2666,28638,4288,0.0464,-0.75
user_1026,145528,2637,789,7256,923,0.0562,-1.89
user_1027,507964,3312,2309,36249,4890,0.081,0.56
user_1028,450613,1388,1586,33784,4791,0.0856,5.19
user_1029,908720,3684,1505,42724,2748,0.05,11.64
user_1030,39765,2877,1460,2495,146,0.0664,2.79
user_1031,953320,2267,785,38848,1959,0.0428,8.64
user_1032,832538,3589,403,51805,6626,0.0702,4.99
user_1033,317076,1087,2458,7716,835,0.027,1.98
user_1034,935604,4433,2963,33657,1706,0.0378,6.74
user_1035,844523,4028,707,45938,3170,0.0581,11.56
user_1036,547237,3011,1169,6167,529,0.0122,12.15
user_1037,202152,3276,66,12244,1085,0.0659,12.39
user_1038,300888,1148,1992,20607,2792,0.0778,3.76
user_1039,701903,2374,2686,26630,1850,0.0406,11.49
user_1040,895751,989,483,37044,5116,0.0471,1.61
user_1041,93193,3766,1892,6485,501,0.075,10.55
user_1042,37187,3464,142,2390,279,0.0718,14.12
user_1043,506950,1498,2201,15294,2155,0.0344,-1.77
user_1044,139311,620,1662,4552,628,0.0372,5.49
user_1045,911886,2954,860,52453,1437,0.0591,9.01
user_1046,801921,2555,1605,39634,1852,0.0517,9.93
user_1047,509153,967,2916,10873,891,0.0231,0.99
user_1048,190089,1924,2674,6024,458,0.0341,14.53
user_1049,587165,4978,1823,42862,4428,0.0805,8.46
user_1050,437341,1728,42,25441,3633,0.0665,0.79
user_1051,313066,665,585,24737,856,0.0817,-1.65
user_1052,619362,4551,1929,39447,3106,0.0687,11.32
user_1053,688409,1799,2833,52276,2353,0.0794,-0.65
user_1054,562419,3875,984,14135,1925,0.0286,0.4
user_1055,961448,4238,2302,61536,8947,0.0733,7.77
user_1056,641053,2527,1015,7317,601,0.0124,8.26
user_1057,861395,4799,1207,49059,1644,0.0589,9.68
user_1058,632172,3555,1814,27088,3307,0.0481,4.69
user_1059,126917,3525,845,4349,481,0.0381,11.16
user_1060,811717,4579,235,57119,3775,0.075,14.56
user_1061,300770,1185,676,20993,2841,0.0792,2.61
user_1062,699168,4050,1133,8083,1187,0.0133,9.95
user_1063,482680,424,2007,25420,2351,0.0575,13.78
user_1064,972375,256,330,34760,3251,0.0391,9.67
user_1065,282342,4925,576,11038,647,0.0414,9.58
user_1066,938262,1369,2324,64029,6145,0.0748,1.8
user_1067,540542,1191,2600,17129,1321,0.0341,7.1
user_1068,45238,4677,1576,3438,203,0.0805,7.56
user_1069,2252,2740,71,50,1,0.0226,9.9
user_1070,827196,3305,1381,46646,2465,0.0594,14.95
user_1071,865141,139,1214,49354,2256,0.0597,-1.43
user_1072,955945,4158,1668,26435,2391,0.0302,-0.89
user_1073,486450,3070,2367,15922,1563,0.0359,-0.67
user_1074,316826,1907,691,21682,2148,0.0752,10.63
user_1075,322638,854,797,20431,1439,0.0678,0.32
user_1076,606605,994,851,20040,1498,0.0355,8.58
user_1077,328359,2839,2299,15556,1998,0.0535,3.52
user_1078,603875,3925,1880,8646,708,0.0155,5.77
user_1079,7949,1660,1549,195,28,0.0281,1.67
user_1080,764185,2973,2095,33629,2594,0.0474,12.72
user_1081,318537,3932,1992,5102,532,0.0177,7.96
user_1082,729913,3271,1094,50388,1337,0.0709,14.06
user_1083,663301,4441,1736,39970,4194,0.0666,7.77
user_1084,551222,4785,1303,41922,5478,0.086,0.11
user_1085,941890,2437,610,55140,7858,0.0669,0.9
user_1086,781722,4773,2852,59276,8870,0.0872,14.81
user_1087,456102,991,2687,22265,1262,0.0516,10.33
user_1088,338889,4975,2006,17627,1671,0.0569,-1.16
user_1089,477467,2616,2653,37427,2941,0.0845,9.96
user_1090,357600,1025,1021,19649,1833,0.0601,5.01
user_1091,316557,1004,2251,3847,155,0.0126,3.22
user_1092,975304,1312,1066,59167,7768,0.0686,0.62
user_1093,884671,993,2196,64919,8974,0.0835,12.28
user_1094,305462,2252,2358,20065,1574,0.0708,-0.91
user_1095,251875,3377,1875,12812,723,0.0537,2.93
user_1096,464389,4324,520,26466,1013,0.0592,3.21
user_1097,71390,2309,2253,5662,616,0.0879,0.74
user_1098,708689,1878,498,11584,701,0.0173,6.64
user_1099,254490,1307,1614,14431,1994,0.0645,-1.8
user_1100,568376,514,2559,16959,1818,0.033,3.12
user_1101,248940,3344,532,13643,1418,0.0605,13.87
user_1102,366340,1280,2534,19245,1784,0.0574,3.28
user_1103,434027,2704,2352,9002,233,0.0213,4.13
user_1104,509041,934,620,12457,1758,0.0279,6.04
user_1105,318623,3855,1460,17050,1732,0.0589,7.55
user_1106,217464,3906,1143,4126,615,0.0218,11.75
user_1107,743729,3185,208,21242,1908,0.0311,1.24
user_1108,511736,974,1008,35037,3935,0.0762,12.82
user_1109,807395,4639,2957,26560,725,0.0338,10.88
user_1110,318267,1596,1901,14056,1435,0.0487,10.29
user_1111,651199,1144,407,49412,5900,0.0849,-0.52
user_1112,889900,2461,2308,23048,2793,0.029,-1.63
user_1113,224777,2667,1825,8378,1006,0.0417,8.1
user_1114,860909,812,2053,45156,2231,0.055,12.67
user_1115,801820,2373,1774,50413,7400,0.0721,7.94
user_1116,6569,4195,2484,480,71,0.0839,1.62
user_1117,595124,2825,2243,44088,1315,0.0763,-0.46
user_1118,629861,4709,406,40540,5746,0.0735,9.89
user_1119,430802,4928,1514,11193,645,0.0275,10.27
user_1120,259090,3205,872,3040,333,0.013,0.93
user_1121,668375,4020,2730,24639,1575,0.0392,-1.52
user_1122,46002,2090,471,915,133,0.0228,4.94
user_1123,772954,633,2344,46166,1532,0.0617,7.91
user_1124,662614,4381,1778,37291,3158,0.061,10.0
user_1125,935648,2153,232,12236,925,0.0141,11.77
user_1126,680574,1992,60,46661,2910,0.0728,8.38
user_1127,499870,4505,1165,13702,1423,0.0303,-0.12
user_1128,212791,159,2361,8566,317,0.0417,9.6
user_1129,203846,241,619,11569,1309,0.0632,14.73
user_1130,662450,953,2044,26537,3913,0.046,13.39
user_1131,667997,911,2608,27314,3403,0.046,12.82
user_1132,678775,1133,2050,9906,1305,0.0165,3.14
user_1133,25071,699,1802,955,63,0.0406,10.76
user_1134,583531,4184,1871,37077,2307,0.0675,12.47
user_1135,913259,3661,2518,67638,5899,0.0805,9.53
user_1136,895647,686,1799,34880,904,0.04,2.26
user_1137,173312,1086,2857,6871,981,0.0453,14.22
user_1138,258218,4181,2401,15282,591,0.0615,5.66
user_1139,215879,2198,1924,16405,2253,0.0864,0.21
user_1140,364714,3915,2958,10465,323,0.0296,-0.13
user_1141,427650,3207,2111,17452,2215,0.046,9.01
user_1142,332868,3637,163,21875,869,0.0683,5.44
user_1143,902791,3344,352,47557,1186,0.054,-0.39
user_1144,863129,4311,1017,15312,1738,0.0198,10.59
user_1145,554020,2480,1439,29884,1686,0.057,11.59
user_1146,646753,1929,74,14922,1684,0.0257,10.33
user_1147,929818,4016,1350,42506,3917,0.0499,1.44
user_1148,418170,3763,2937,19669,671,0.0486,9.73
user_1149,58108,4176,1466,4145,585,0.0814,-1.82
user_1150,481721,4156,1460,20412,1608,0.0457,3.19
user_1151,112195,2061,2864,3316,382,0.033,4.78
user_1152,890513,3423,2392,23302,1983,0.0284,12.2
user_1153,37668,2193,1753,2681,264,0.0782,4.64
user_1154,286205,2550,1714,6288,373,0.0233,-1.81
user_1155,342396,4631,99,13631,627,0.0416,3.99
user_1156,565037,1339,1004,13053,1181,0.0252,6.48
user_1157,131560,1497,2625,8437,651,0.0691,14.13
user_1158,367824,3249,884,15892,1123,0.0463,14.0
user_1159,148979,1993,2784,5151,553,0.0383,1.07
user_1160,150849,3233,1607,5321,584,0.0391,1.15
user_1161,749589,3266,491,52212,1355,0.0715,0.78
user_1162,52745,3186,2141,2572,164,0.0519,11.41
user_1163,371608,3368,1596,22389,1646,0.0647,-1.9
user_1164,92865,2832,1522,6759,220,0.0752,0.16
user_1165,899860,1040,608,65799,3333,0.0768,7.15
user_1166,213890,4970,1430,7057,188,0.0339,2.21
user_1167,24624,2203,1925,1887,282,0.0881,-0.43
user_1168,24321,275,583,285,32,0.013,4.12
user_1169,404704,826,486,14722,461,0.0375,2.66
user_1170,810006,2887,618,58892,1332,0.0744,6.69
user_1171,923744,737,1664,26996,3064,0.0325,14.65
user_1172,175293,579,1011,5103,393,0.0314,0.11
user_1173,928982,3492,1952,28968,3542,0.035,4.34
user_1174,784415,2203,2804,41465,5807,0.0603,13.84
user_1175,187717,1344,2315,7636,747,0.0447,12.91
user_1176,937766,1576,1624,57083,2530,0.0636,4.7
user_1177,381975,4824,86,27748,3376,0.0815,9.88
user_1178,184868,2946,2640,10573,1525,0.0654,-0.51
user_1179,660792,3153,2770,16065,1533,0.0266,10.11
user_1180,96257,2490,489,7246,787,0.0835,14.54
user_1181,589579,4185,2560,16811,1073,0.0303,7.14
user_1182,211176,3852,1744,4327,301,0.0219,6.47
user_1183,191471,894,2730,3120,360,0.0182,1.18
user_1184,915032,496,2353,45236,6360,0.0564,8.77
user_1185,473930,3965,1651,8513,866,0.0198,8.04
user_1186,837860,3159,2379,16517,2026,0.0221,9.08
user_1187,744091,1284,2376,23068,976,0.0323,-1.56
user_1188,519862,276,794,15448,734,0.0311,7.33
user_1189,918806,4193,1156,48050,4284,0.057,8.11
user_1190,476774,3009,2031,32025,1375,0.0701,1.53
user_1191,918559,1880,2523,58139,5962,0.0698,1.54
user_1192,636605,3829,1506,18062,1046,0.03,2.7
user_1193,140789,236,151,3825,470,0.0305,10.1
user_1194,390593,2927,949,30312,3790,0.0873,8.31
user_1195,816131,2585,948,8631,693,0.0114,12.38
user_1196,74686,1982,2188,5346,232,0.0747,3.03
user_1197,68661,2974,1240,1646,171,0.0265,13.51
user_1198,569535,898,1525,43461,6478,0.0877,10.64
user_1199,246121,2082,653,8358,843,0.0374,4.72
user_1200,673108,1302,2964,27479,677,0.0418,-0.38
user_1201,368257,1931,2839,21910,487,0.0608,2.37
user_1202,267765,319,1082,13692,844,0.0543,14.27
user_1203,147106,1680,2633,4745,215,0.0337,3.28
user_1204,259930,4455,2579,12676,1593,0.0549,3.61
user_1205,923630,3253,1204,56479,7332,0.0691,1.22
user_1206,661482,1624,308,8575,459,0.0137,11.72
user_1207,805462,2942,2267,8686,541,0.0115,2.69
user_1208,870270,1745,1831,36607,1856,0.0442,3.61
user_1209,872149,3308,547,16770,2315,0.0219,5.04
user_1210,449874,3312,936,25419,2169,0.0613,5.37
user_1211,563926,1495,1728,14088,1483,0.0276,4.99
user_1212,854499,269,1426,34435,2548,0.0433,6.56
user_1213,119033,102,1261,2837,289,0.0263,11.85
user_1214,631265,1807,1130,30549,2143,0.0518,11.93
user_1215,614157,1716,818,11130,714,0.0193,11.57
user_1216,630474,2835,1543,7324,750,0.0128,-0.28
user_1217,822106,769,31,11163,1081,0.0149,11.59
user_1218,167926,455,852,12896,750,0.0813,0.04
user_1219,571559,2344,2908,11408,449,0.0207,0.12
user_1220,861120,121,2710,51317,3485,0.0636,14.11
user_1221,432734,2103,1261,6384,472,0.0158,11.93
user_1222,374220,1279,1692,6575,668,0.0194,7.39
user_1223,666627,1617,2173,30412,4223,0.052,12.87
user_1224,222897,3732,710,9482,234,0.0436,14.82
user_1225,2062,3003,547,157,8,0.08,8.38
user_1226,248736,4532,1515,18938,855,0.0796,8.42
user_1227,575736,748,2913,37176,3171,0.0701,10.83
user_1228,96462,876,912,5030,381,0.0561,1.95
user_1229,400445,398,406,16757,1923,0.0466,0.84
user_1230,451009,3958,1269,15754,811,0.0367,10.91
user_1231,771173,357,2548,58837,5723,0.0837,3.86
user_1232,573203,3466,1797,29923,4036,0.0592,0.3
user_1233,267776,2384,427,13532,1872,0.0575,3.35
user_1234,629880,4911,1696,16523,2389,0.03,4.1
user_1235,659956,4870,917,8756,1055,0.0149,14.41
user_1236,372923,2859,730,28403,3913,0.0867,9.87
user_1237,400384,3608,2706,12796,646,0.0336,7.02
user_1238,633387,4528,1702,25956,1185,0.0429,14.47
user_1239,532849,3527,2882,9604,200,0.0184,13.35
user_1240,468010,4670,937,32098,3591,0.0763,6.7
user_1241,607440,2736,2270,7249,1028,0.0136,13.4
user_1242,650324,3035,436,44468,1970,0.0714,4.87
user_1243,387193,325,435,7674,788,0.0219,1.92
user_1244,27734,2597,1491,1998,233,0.0804,1.96
user_1245,924875,2814,1555,56495,7942,0.0697,9.26
user_1246,27069,386,104,582,60,0.0237,6.52
user_1247,736265,2023,186,36524,5337,0.0569,9.2
user_1248,538198,3029,2451,17160,1112,0.034,9.66
user_1249,336623,4626,2535,7566,495,0.0239,-1.62
user_1250,471951,4018,1115,33103,2998,0.0765,-1.08
user_1251,82264,960,829,3146,219,0.0409,7.06
user_1252,24275,2046,1564,919,18,0.0386,1.25
user_1253,597562,3179,1836,13081,1506,0.0244,8.75
user_1254,475665,4254,2540,17511,2061,0.0411,7.39
user_1255,363920,3807,1012,25843,3026,0.0793,7.96
user_1256,192076,377,1301,6803,441,0.0377,3.14
user_1257,195053,1849,294,14943,1313,0.0833,8.88
user_1258,710913,364,1793,54201,3620,0.0813,12.1
user_1259,573735,3595,2557,11556,255,0.0206,14.97
user_1260,953033,1184,1776,21359,1988,0.0245,12.25
user_1261,913826,2796,2393,64321,2321,0.0729,7.48
user_1262,600991,4926,2596,22533,685,0.0386,1.29
user_1263,863522,1570,911,8899,1051,0.0115,9.58
user_1264,804692,205,108,23473,498,0.0298,13.94
user_1265,113581,1774,2553,5887,851,0.0593,1.6
user_1266,266956,3393,727,17605,1531,0.0717,2.35
user_1267,422240,936,2417,8164,1206,0.0222,0.53
user_1268,715016,3123,406,12682,349,0.0182,10.52
user_1269,903580,2855,2154,67358,6456,0.0817,4.91
user_1270,945789,771,2374,59187,3871,0.0667,-0.93
user_1271,117421,962,1893,6021,780,0.0579,12.87
user_1272,526893,3407,1197,33638,2252,0.0681,7.48
user_1273,465374,920,459,18624,1003,0.0422,3.63
user_1274,73303,4158,2807,4624,607,0.0714,3.85
user_1275,159211,547,2331,5735,394,0.0385,2.93
user_1276,995653,1806,996,26968,598,0.0277,5.74
user_1277,188210,1167,754,11486,812,0.0653,3.73
user_1278,787237,3459,2488,30999,3257,0.0435,7.32
user_1279,863557,2878,2560,67958,3606,0.0829,11.15
user_1280,145990,1697,652,5031,383,0.0371,9.47
user_1281,159518,3033,1012,11887,325,0.0766,3.01
user_1282,125040,192,2478,9416,908,0.0826,6.99
user_1283,669406,2811,192,18026,2132,0.0301,12.28
user_1284,524138,3485,23,34527,2545,0.0707,-0.84
user_1285,419034,4710,2921,16893,1260,0.0433,-0.67
user_1286,757254,2481,1683,56208,1769,0.0766,7.45
user_1287,791756,4562,2035,32864,1520,0.0434,8.86
user_1288,863755,1898,1515,53640,2151,0.0646,1.59
user_1289,796543,2746,1080,34002,2809,0.0462,10.67
user_1290,956614,1767,2650,24820,2204,0.0282,8.99
user_1291,541677,3122,1074,12975,1860,0.0274,13.7
user_1292,647465,1117,400,25756,760,0.041,0.87
user_1293,304571,2836,1311,19152,1876,0.069,10.77
user_1294,998083,3841,2411,52254,4621,0.057,-0.58
user_1295,685106,1338,1612,39875,3473,0.0633,7.61
user_1296,123883,3921,185,3687,492,0.0337,7.38
user_1297,744246,1856,2767,32523,1519,0.0457,4.6
user_1298,763501,1554,2409,10007,253,0.0134,12.36
user_1299,918621,3358,1062,61756,6632,0.0744,-1.93
user_1300,388952,3001,1671,30840,2000,0.0844,6.84
user_1301,113221,121,1227,4356,97,0.0393,1.69
user_1302,800666,1740,564,8621,454,0.0113,10.64
user_1303,261669,1394,2259,5726,344,0.0232,-1.27
user_1304,760224,3353,2387,42326,4240,0.0613,12.14
user_1305,840873,3163,2647,44436,1885,0.0551,12.25
user_1306,526134,932,2542,34277,2526,0.0699,12.16
user_1307,536242,4284,2704,14892,1231,0.0301,0.59
user_1308,342383,2712,2494,21725,1731,0.0685,8.72
user_1309,245761,1554,116,14293,2095,0.0667,-1.76
user_1310,833946,2513,2563,27184,704,0.0334,12.42
user_1311,875668,2603,2728,42193,6060,0.0551,10.29
user_1312,885011,782,1321,17973,1719,0.0223,7.03
user_1313,138541,1798,2076,5774,712,0.0468,10.42
user_1314,948609,3974,476,67999,5164,0.0771,-0.4
user_1315,829533,473,1838,32752,2587,0.0426,6.99
user_1316,65323,3528,292,4492,603,0.078,2.95
user_1317,617210,1641,1051,31673,4322,0.0583,14.53
user_1318,190139,4535,227,4455,227,0.0246,12.57
user_1319,181448,4487,1957,9195,422,0.053,10.47
user_1320,701947,4759,1680,31881,2694,0.0493,13.87
user_1321,955480,542,1166,36217,4963,0.0431,3.9
user_1322,236659,241,1076,4348,269,0.0195,13.31
user_1323,390678,548,1556,15302,1603,0.0433,3.53
user_1324,855016,4967,223,12905,1446,0.0168,10.46
user_1325,105537,1306,2585,1785,216,0.019,10.52
user_1326,865909,2018,1852,33869,3160,0.0428,-1.69
user_1327,242983,4372,2584,7624,551,0.0336,4.14
user_1328,567821,2236,462,42466,6187,0.0857,-1.67
user_1329,789260,866,708,28649,2849,0.0399,14.95
user_1330,2917,3270,2917,183,20,0.0696,0.08
user_1331,283762,1523,852,13370,867,0.0502,7.23
user_1332,557542,1136,2406,33054,3539,0.0656,11.44
user_1333,787275,4249,1481,22207,1188,0.0297,1.42
user_1334,368436,1924,1179,27976,1450,0.0799,6.25
user_1335,510930,920,406,24067,2717,0.0524,8.33
user_1336,572650,4813,2061,39050,3427,0.0742,0.72
user_1337,283272,2092,2573,10071,1095,0.0394,11.24
user_1338,386925,322,1368,6583,362,0.0179,3.09
user_1339,767641,1079,1738,43878,4292,0.0628,1.59
user_1340,715743,3268,699,7546,586,0.0114,7.49
user_1341,590833,4119,709,25565,2495,0.0475,4.98
user_1342,83180,1101,2952,1954,112,0.0248,13.64
user_1343,613246,4083,1588,33063,3736,0.06,12.96
user_1344,404081,1623,2690,31744,3960,0.0884,6.22
user_1345,920723,3240,1189,39138,2105,0.0448,4.11
user_1346,302953,4438,912,20365,1203,0.0712,3.53
user_1347,379892,3847,972,17302,1833,0.0504,2.55
user_1348,6287,3339,1274,281,31,0.0496,7.26
user_1349,258665,3797,803,19433,2167,0.0835,11.68
user_1350,952891,2155,2066,68891,7491,0.0802,3.28
user_1351,9512,357,1891,618,43,0.0695,1.23
user_1352,657702,3409,514,20216,1442,0.0329,6.08
user_1353,457292,3226,766,22018,1169,0.0507,-0.83
user_1354,109872,1301,2504,2820,113,0.0267,9.92
user_1355,937720,2797,1874,38516,4238,0.0456,6.81
user_1356,773042,1567,2412,33932,1089,0.0453,6.44
user_1357,94070,1428,2617,6416,910,0.0779,3.11
user_1358,605055,4941,2887,44000,5608,0.082,13.38
user_1359,623117,2011,2608,24316,3196,0.0442,-0.46
user_1360,945118,4355,2211,10622,1464,0.0128,12.79
user_1361,430474,2913,2655,30272,2213,0.0755,4.4
user_1362,43078,2706,676,956,124,0.0251,12.97
user_1363,369432,2544,1902,19776,801,0.0557,10.39
user_1364,608812,4617,2412,7152,163,0.012,-0.23
user_1365,228645,4055,2763,8680,1059,0.0426,12.14
user_1366,537507,3613,1816,42472,1262,0.0814,9.6
user_1367,787667,972,287,13428,1994,0.0196,-1.45
user_1368,306073,4282,2236,12138,1307,0.0439,0.27
user_1369,128309,4512,1782,4041,476,0.0352,8.81
user_1370,330588,3009,2100,24250,1259,0.0772,9.26
user_1371,664927,233,396,47112,5069,0.0785,10.69
user_1372,889266,3408,1605,23689,606,0.0273,10.24
user_1373,465008,1448,1483,7292,940,0.0177,9.21
user_1374,721801,2846,2460,38904,1635,0.0562,11.03
user_1375,347699,586,508,11663,1290,0.0373,7.78
user_1376,336842,1323,741,19215,945,0.0599,2.43
user_1377,387594,3017,965,4747,137,0.0126,13.51
user_1378,773608,3099,2106,14959,1235,0.0209,-1.69
user_1379,661775,1146,1655,38413,1613,0.0605,4.23
user_1380,692519,1355,1060,17220,1977,0.0277,10.39
user_1381,44925,965,2293,3146,160,0.0736,5.26
user_1382,138023,3131,2134,1946,125,0.015,-1.58
user_1383,88388,4297,1697,2217,207,0.0274,-0.88
user_1384,533295,1078,2902,42609,2430,0.0845,9.03
user_1385,258802,2027,1018,10433,721,0.0431,14.4
user_1386,436048,3404,1797,25817,3253,0.0667,7.38
user_1387,59596,2561,2304,1357,58,0.0237,6.61
user_1388,908533,320,976,47871,1468,0.0543,3.41
user_1389,949027,1236,2986,57726,3618,0.0646,2.36
user_1390,352005,4605,1609,11268,847,0.0344,-1.64
user_1391,780554,4250,1181,53095,4807,0.0742,2.64
user_1392,874172,3814,2540,45666,3124,0.0558,5.63
user_1393,540812,2448,1888,20139,2470,0.0418,1.37
user_1394,523244,4579,572,25657,644,0.0503,-0.52
user_1395,413498,4285,1653,20829,1585,0.0542,10.2
user_1396,680290,4232,714,14685,1023,0.0231,13.21
user_1397,918581,1761,336,35081,3654,0.0422,13.93
user_1398,500097,2280,2665,17023,2478,0.039,8.51
user_1399,650789,178,787,24771,2138,0.0413,-1.1
user_1400,808043,1319,2953,51131,7582,0.0727,10.59
user_1401,149056,3722,2628,6525,386,0.0464,-0.13
user_1402,15060,1651,1991,1141,27,0.0776,9.39
user_1403,739345,4815,2325,22592,938,0.0318,11.25
user_1404,478272,4020,1523,18700,1334,0.0419,10.34
user_1405,519545,4294,2824,33815,2066,0.0691,14.18
user_1406,830735,4997,142,40059,1306,0.0498,10.55
user_1407,191279,677,2409,9237,704,0.052,9.78
user_1408,731406,3847,1888,10044,642,0.0146,2.45
user_1409,685647,2094,1691,25987,933,0.0393,13.72
user_1410,40711,3602,1102,1178,68,0.0306,1.05
user_1411,144026,2391,1748,11515,1557,0.0908,13.38
user_1412,336484,3264,2327,10627,629,0.0335,3.32
user_1413,466317,299,2016,33535,3783,0.08,0.21
user_1414,990024,2975,2162,56764,5651,0.063,12.05
user_1415,219134,1024,1168,7420,560,0.0364,-1.96
user_1416,103974,1375,2108,4995,255,0.0505,12.15
user_1417,150646,1033,1934,10370,704,0.0735,2.46
user_1418,403400,938,273,28978,2810,0.0788,13.04
user_1419,151168,2987,26,3208,210,0.0226,9.76
user_1420,593016,2167,2795,20026,959,0.0354,9.33
user_1421,690376,2722,2136,23103,811,0.0346,4.21
user_1422,536534,1376,561,6944,933,0.0147,-0.99
user_1423,439774,520,108,22813,1762,0.0559,12.11
user_1424,512937,2037,1958,35822,3627,0.0769,0.91
user_1425,412597,140,232,15146,1268,0.0398,4.33
user_1426,915228,579,2901,56563,7547,0.07,8.21
user_1427,954959,4806,285,51509,4692,0.0589,6.2
user_1428,93263,4109,2979,3385,279,0.0393,1.38
user_1429,922522,4884,2360,18334,2570,0.0227,0.39
user_1430,536590,2823,1250,32009,3634,0.0664,0.1
user_1431,854938,1736,2400,59691,2059,0.0722,12.67
user_1432,566445,241,1024,32859,1416,0.0605,-1.46
user_1433,580205,2036,2114,6528,798,0.0126,14.61
user_1434,224810,3673,641,5650,726,0.0284,1.37
user_1435,97646,2235,446,1451,131,0.0162,-0.12
user_1436,346266,4490,229,17288,1591,0.0545,7.81
user_1437,811951,1058,907,51115,5221,0.0694,-0.64
user_1438,491025,3833,1463,8711,671,0.0191,8.24
user_1439,481703,4348,173,33085,3587,0.0761,12.46
user_1440,975323,4718,434,47679,1625,0.0506,-1.19
user_1441,344054,4337,1200,20057,2907,0.0667,11.6
user_1442,907862,2102,1304,70811,8321,0.0872,4.71
user_1443,858756,3358,788,13617,1389,0.0175,0.71
user_1444,268552,1766,1002,19627,1199,0.0775,0.99
user_1445,60379,360,1531,1136,46,0.0196,13.62
user_1446,26053,4588,598,977,71,0.0402,-0.12
user_1447,403662,1310,2807,28095,2978,0.077,12.74
user_1448,657282,3982,2230,48269,4941,0.081,7.25
user_1449,99723,3318,1058,4532,316,0.0486,-1.34
user_1450,576644,634,2262,29747,2966,0.0567,5.9
user_1451,273933,2849,561,16318,2052,0.0671,11.9
user_1452,885152,409,378,60449,1415,0.0699,10.35
user_1453,854088,2916,869,15805,1241,0.02,6.31
user_1454,831460,2061,446,55462,6578,0.0746,12.62
user_1455,851916,4989,2564,37219,3386,0.0477,0.05
user_1456,33154,4056,2895,1377,144,0.0459,13.47
user_1457,214942,1675,505,8527,743,0.0431,12.39
user_1458,265480,2814,1851,12117,1804,0.0524,10.04
user_1459,366821,940,1492,27934,757,0.0782,11.9
user_1460,855211,781,1456,41370,3468,0.0524,7.24
user_1461,282173,4011,349,21648,690,0.0792,9.48
user_1462,846633,4751,1775,19151,780,0.0235,7.53
user_1463,33265,2554,2956,2018,140,0.0649,4.04
user_1464,366060,664,1190,24473,984,0.0695,7.67
user_1465,244322,3856,278,14058,2042,0.0659,2.38
user_1466,175944,1769,2359,9234,1321,0.06,5.48
user_1467,571485,4819,162,28309,1803,0.0527,2.77
user_1468,913165,1637,2036,64163,6619,0.0775,0.09
user_1469,449396,1661,2814,30341,2712,0.0735,3.47
user_1470,155782,946,646,2891,364,0.0209,12.48
user_1471,685846,327,1408,47598,4834,0.0764,4.48
user_1472,72907,4697,109,2842,56,0.0397,10.72
user_1473,916308,1686,739,25435,3032,0.0311,0.98
user_1474,203967,2208,500,14457,1692,0.0792,5.22
user_1475,851867,2482,2151,34280,2957,0.0437,-0.05
user_1476,303775,3954,1120,20227,2778,0.0757,0.36
user_1477,392182,4906,692,11152,1540,0.0324,8.5
user_1478,757892,3312,536,7787,686,0.0112,8.33
user_1479,283247,1499,2552,12656,1253,0.0491,1.63
user_1480,65772,4550,1633,1119,167,0.0196,6.07
user_1481,127108,1282,801,7983,469,0.0665,12.68
user_1482,15382,4167,2171,451,28,0.0311,0.96
user_1483,85291,727,2055,3501,153,0.0428,-1.67
user_1484,364339,2708,2406,5863,800,0.0183,9.08
user_1485,660116,2078,706,19847,2317,0.0336,-1.09
user_1486,283753,3808,1609,18360,619,0.0669,14.66
user_1487,148550,4674,919,3061,451,0.0236,8.36
user_1488,233050,2087,1521,12887,1482,0.0617,6.0
user_1489,433882,2699,2674,32202,4204,0.0839,5.31
user_1490,338827,706,242,19512,512,0.0591,7.74
user_1491,493313,215,1096,32939,2821,0.0725,-0.46
user_1492,387858,4994,1120,6837,757,0.0196,13.81
user_1493,655618,4641,1761,18063,1636,0.03,8.64
user_1494,596603,639,522,43323,4621,0.0804,1.13
user_1495,865266,4574,1359,51965,6564,0.0676,7.56
user_1496,389349,2871,2889,21324,1464,0.0585,0.27
user_1497,15153,4308,643,855,111,0.0637,-1.7
user_1498,601613,1312,1906,23459,966,0.0406,8.72
user_1499,241773,121,2232,3171,175,0.0138,9.02
user_1500,931503,3566,1070,60464,1549,0.0666,7.92
user_1501,56318,4800,1113,3238,218,0.0614,1.12
user_1502,395030,3630,2005,17024,1181,0.0461,8.26
user_1503,378177,318,1408,27600,3441,0.0821,-1.04
user_1504,77077,1826,1349,2584,271,0.037,8.36
user_1505,877906,2512,1167,26866,2062,0.033,7.42
user_1506,134515,1318,38,9563,1001,0.0785,9.14
user_1507,994497,1065,1300,65427,1757,0.0676,13.22
user_1508,207988,2772,1065,9577,415,0.048,12.46
user_1509,860751,1133,1008,16484,1673,0.0211,14.67
user_1510,126885,4151,2517,3179,328,0.0276,14.6
user_1511,897209,456,2619,50186,6054,0.0627,11.13
user_1512,542656,3126,1593,20052,1451,0.0396,14.26
user_1513,671688,1035,1091,46046,5246,0.0764,12.74
user_1514,189014,3653,2762,14458,1574,0.0848,10.37
user_1515,92751,4535,2654,6158,894,0.076,-0.72
user_1516,231203,759,2788,8422,403,0.0382,-1.17
user_1517,814738,2668,1226,53127,4872,0.0712,12.24
user_1518,696275,4899,1478,24091,2366,0.038,6.32
user_1519,824651,1461,2174,17892,2680,0.0249,11.85
user_1520,212951,4671,1231,2627,121,0.0129,3.32
user_1521,506155,1535,795,18727,1648,0.0403,4.76
user_1522,196716,3000,1879,14409,936,0.078,9.9
user_1523,585567,4701,1886,15651,1383,0.0291,13.56
user_1524,316172,2984,1180,7732,387,0.0257,-0.51
user_1525,891695,4164,1901,69451,1818,0.0799,12.65
user_1526,1126,4720,2965,13,1,0.0124,11.48
user_1527,839761,1053,2403,54588,3475,0.0691,3.36
user_1528,28632,2516,2674,930,40,0.0339,4.04
user_1529,501315,2516,2905,6328,393,0.0134,-1.21
user_1530,721670,1988,1800,53581,1414,0.0762,-1.73
user_1531,110945,1989,621,2193,314,0.0226,6.11
user_1532,318320,1685,1614,15478,1478,0.0533,-0.38
user_1533,251869,1748,2470,7350,925,0.0329,1.3
user_1534,742426,4577,559,10812,810,0.0157,12.4
user_1535,499716,2141,1115,6743,926,0.0153,7.71
user_1536,176399,1945,1825,3190,264,0.0196,8.77
user_1537,463120,4290,43,6944,656,0.0164,1.19
user_1538,135869,3448,643,8592,721,0.0685,12.09
user_1539,179954,1123,1855,7916,912,0.0491,12.76
user_1540,670078,2452,1099,22784,2134,0.0372,6.9
user_1541,35560,4945,1005,1397,77,0.0415,13.51
user_1542,864021,3262,242,64824,2522,0.0779,12.36
user_1543,285260,4087,198,21038,2078,0.081,10.43
user_1544,954748,1201,2867,57377,4796,0.0651,10.48
user_1545,133717,2495,2501,9617,312,0.0743,-0.21
user_1546,179595,2006,1980,5814,415,0.0347,2.6
user_1547,649373,4608,1493,23817,2070,0.0399,-0.86
user_1548,380862,3957,812,20170,2571,0.0597,-1.85
user_1549,806688,857,903,43281,1293,0.0553,0.69
user_1550,495592,236,2559,21666,1414,0.0466,12.97
user_1551,101158,4877,1232,3848,488,0.0429,2.08
user_1552,709533,4574,1621,56076,5848,0.0873,14.49
user_1553,169502,1357,829,11437,659,0.0714,8.15
user_1554,433498,2334,980,17534,2277,0.0457,2.03
user_1555,907151,4916,439,55254,4648,0.066,6.45
user_1556,981878,807,2716,28346,2403,0.0313,1.72
user_1557,331388,4281,1207,5637,828,0.0195,14.73
user_1558,668054,4937,1298,23161,3314,0.0396,12.4
user_1559,319408,3904,2543,12203,812,0.0407,-1.55
user_1560,469276,4316,1460,5235,200,0.0116,14.11
user_1561,58545,2256,2237,3924,244,0.0712,10.26
user_1562,512411,3608,1360,18007,431,0.036,-0.6
user_1563,826656,1630,2241,41852,950,0.0518,9.4
user_1564,885377,1011,2537,13437,959,0.0163,9.0
user_1565,14224,3897,2412,316,44,0.0253,1.72
user_1566,41738,3625,2512,3016,401,0.0819,10.89
user_1567,943654,925,1061,49643,4293,0.0572,-0.52
user_1568,851163,2468,1113,65130,6088,0.0837,6.32
user_1569,181760,4248,1381,14524,301,0.0816,-1.83
user_1570,764978,1051,2695,27562,1323,0.0378,14.47
user_1571,467725,3434,611,14460,335,0.0316,10.78
user_1572,664937,4116,546,46602,5503,0.0784,0.7
user_1573,533358,2895,2523,42616,1659,0.083,3.81
user_1574,127161,1531,1312,6876,914,0.0613,0.73
user_1575,533954,3351,1674,35059,3633,0.0725,11.03
user_1576,845193,707,830,54702,2725,0.0679,-1.0
user_1577,299512,2830,207,10445,423,0.0363,12.29
user_1578,663143,472,1612,33289,3381,0.0553,14.02
user_1579,567202,3731,2778,38747,5312,0.0777,9.5
user_1580,202579,4316,548,11783,1336,0.0648,1.62
user_1581,653026,2760,453,7497,489,0.0122,4.12
user_1582,997530,502,2355,33486,3226,0.0368,6.11
user_1583,772253,2447,1961,15532,938,0.0213,8.28
user_1584,505471,2025,2566,13297,1993,0.0302,9.37
user_1585,330670,1707,1824,24265,2847,0.082,7.42
user_1586,989339,2591,322,12448,1243,0.0138,3.97
user_1587,964269,3125,106,24478,1836,0.0273,13.15
user_1588,807388,3214,2897,25569,2566,0.0348,-0.62
user_1589,219967,3016,457,11698,753,0.0566,5.93
user_1590,833672,2103,2608,39505,938,0.0485,11.18
user_1591,384152,337,1065,9710,692,0.0271,-0.97
user_1592,955652,3267,852,20543,2895,0.0245,9.99
user_1593,95270,3904,816,2531,256,0.0293,11.94
user_1594,792189,1497,579,35788,1106,0.0466,9.23
user_1595,544385,657,781,15777,2130,0.0329,-1.78
user_1596,666755,4602,1718,50894,2796,0.0805,1.06
user_1597,148313,1814,2534,6298,325,0.0447,3.82
user_1598,891324,1275,1144,12581,737,0.0149,1.97
user_1599,159768,1285,2742,9753,926,0.0668,14.37
user_1600,247726,1079,704,8179,742,0.036,9.08
user_1601,857912,2721,1184,47823,4011,0.0604,3.05
user_1602,571451,4012,157,16898,1914,0.0329,13.8
user_1603,20816,4592,597,1039,63,0.0529,10.59
user_1604,968344,4980,729,62023,7546,0.0718,2.84
user_1605,758907,3227,247,56888,2434,0.0782,4.44
user_1606,315997,3772,2348,8936,1087,0.0317,1.39
user_1607,156989,4956,2751,5249,557,0.037,14.51
user_1608,622019,1525,847,26434,2876,0.0471,6.79
user_1609,677926,2946,450,50778,4194,0.0811,13.23
user_1610,207524,858,1083,15169,1618,0.0809,3.89
user_1611,588111,1028,1729,9581,291,0.0168,12.63
user_1612,152878,2513,1706,2940,384,0.0217,-1.08
user_1613,731880,775,1254,32704,890,0.0459,14.7
user_1614,527047,2551,321,9204,362,0.0182,13.5
user_1615,782452,3412,1129,26752,2540,0.0374,4.17
user_1616,436165,1266,1440,8892,1032,0.0228,11.17
user_1617,879806,4101,552,47969,1434,0.0562,10.79
user_1618,134554,2247,788,10288,1437,0.0871,13.32
user_1619,811874,2856,1958,64764,9492,0.0915,3.22
user_1620,952223,828,1424,34534,3411,0.0398,5.91
user_1621,452282,1022,463,23487,1939,0.0562,12.7
user_1622,94501,2860,279,6609,769,0.0781,11.24
user_1623,265223,2173,1558,4832,302,0.0194,4.69
user_1624,921221,648,1351,53679,4515,0.0632,12.38
user_1625,60676,3391,2806,2343,325,0.044,-1.2
user_1626,946456,274,2863,23122,3335,0.028,11.29
user_1627,742804,890,89,28369,3986,0.0436,1.52
user_1628,174532,1864,1497,2673,144,0.0161,2.86
user_1629,615685,4859,1482,36127,1814,0.0616,6.38
user_1630,598135,1156,1868,16563,972,0.0293,5.65
user_1631,618895,174,500,19679,1522,0.0343,6.85
user_1632,221178,3296,1187,4086,248,0.0196,7.26
user_1633,150521,2981,2091,10615,728,0.0754,3.64
user_1634,427752,4175,2813,19052,1918,0.049,0.98
user_1635,589365,3021,2912,29497,3513,0.056,11.06
user_1636,825690,2067,1218,41169,4760,0.0556,4.8
user_1637,704662,2465,2392,27294,3435,0.0436,6.6
user_1638,258009,4640,1912,6057,146,0.024,8.96
user_1639,947369,3146,1714,58887,1543,0.0638,13.46
user_1640,138717,1659,1903,2620,321,0.0212,10.03
user_1641,382915,767,1391,6613,590,0.0188,-1.23
user_1642,563288,3611,817,33634,3200,0.0654,12.26
user_1643,552025,1066,37,13590,364,0.0253,14.82
user_1644,798917,3615,63,25145,1337,0.0331,6.03
user_1645,301709,4751,174,13053,1344,0.0477,14.48
user_1646,944026,4520,886,39134,5153,0.0469,7.3
user_1647,907046,2010,2989,54060,7525,0.0679,5.81
user_1648,852587,1098,762,45732,3889,0.0582,3.63
user_1649,187240,1407,1871,10318,938,0.0601,9.18
user_1650,577775,3476,1445,34657,4446,0.0677,1.91
user_1651,917380,165,244,27964,2513,0.0332,-0.22
user_1652,275486,2145,236,8970,782,0.0354,-1.54
user_1653,303950,1851,50,12358,1701,0.0463,2.97
user_1654,311914,2196,1912,9832,1206,0.0354,4.73
user_1655,79623,1670,1102,6285,868,0.0898,7.39
user_1656,366321,4830,1935,24537,1186,0.0702,2.98
user_1657,918458,3000,917,19770,1743,0.0234,14.73
user_1658,863061,3842,464,8968,1161,0.0117,2.96
user_1659,908425,2991,1278,11804,406,0.0134,5.5
user_1660,184675,4955,1150,5001,616,0.0304,-0.24
user_1661,914376,1027,1234,16459,720,0.0188,2.43
user_1662,738334,3116,2035,34948,4370,0.0533,-1.18
user_1663,631235,833,2597,44224,4402,0.077,7.51
user_1664,813831,290,1956,50109,2260,0.0643,10.77
user_1665,653465,1603,757,16397,1336,0.0271,1.33
user_1666,217454,4628,1722,8252,896,0.0421,4.25
user_1667,999748,1062,893,45541,4663,0.0502,-1.72
user_1668,110575,236,585,7376,557,0.0717,12.27
user_1669,898336,1931,2038,61750,8454,0.0781,11.26
user_1670,208606,4636,1905,15370,1344,0.0801,-0.92
user_1671,973610,480,2143,44442,3811,0.0496,4.2
user_1672,506815,288,566,29698,834,0.0602,14.24
user_1673,293822,2395,2334,5237,732,0.0203,4.66
user_1674,77218,125,336,3827,164,0.0517,6.95
user_1675,588518,1406,1879,16130,1430,0.0298,4.04
user_1676,771044,4972,44,31011,3859,0.0452,8.13
user_1677,337199,2380,179,18338,880,0.057,14.63
user_1678,450589,4736,2663,12611,1116,0.0305,14.96
user_1679,687840,1952,1157,9391,481,0.0144,11.17
user_1680,479446,4063,919,5137,610,0.012,4.87
user_1681,463052,4720,2569,5348,499,0.0126,6.41
user_1682,335402,2109,1209,3550,466,0.012,4.06
user_1683,40986,190,722,726,98,0.0201,14.75
user_1684,680520,1839,20,18213,1900,0.0296,10.03
user_1685,348739,3676,1942,8887,1015,0.0284,5.63
user_1686,626646,66,2808,49552,4528,0.0863,-1.79
user_1687,473327,4398,2387,14872,1040,0.0336,6.85
user_1688,328073,514,1444,6206,647,0.0209,14.73
user_1689,598794,4521,401,28855,3984,0.0548,6.89
user_1690,35911,1877,1761,2515,186,0.0752,1.1
user_1691,874559,3078,1846,50255,3059,0.061,-1.62
user_1692,426037,569,1293,13090,922,0.0329,4.03
user_1693,731399,139,1568,36067,2762,0.0531,13.61
user_1694,979039,4865,1598,58781,1737,0.0618,14.94
user_1695,900885,2901,917,54924,4657,0.0661,14.07
user_1696,609746,2893,736,34546,2910,0.0614,10.4
user_1697,13175,4775,2374,934,90,0.0777,7.49
user_1698,906667,1934,410,64289,4318,0.0757,8.04
user_1699,317915,4221,1719,16062,1601,0.0556,7.16
user_1700,500876,975,2365,20080,2694,0.0455,10.02
user_1701,914589,3784,252,50220,7242,0.0628,5.12
user_1702,646588,1019,1946,43499,4170,0.0737,9.38
user_1703,612213,1144,2338,6364,162,0.0107,0.07
user_1704,769734,3245,1339,61147,8927,0.091,2.52
user_1705,67358,1454,2744,1535,171,0.0253,12.21
user_1706,411543,3414,725,17662,1124,0.0456,13.36
user_1707,48057,4340,253,3414,133,0.0738,7.16
user_1708,269294,4032,1411,6935,267,0.0267,-1.46
user_1709,791857,4373,2912,34347,1435,0.0452,13.76
user_1710,255726,4063,1275,4930,127,0.0198,9.94
user_1711,279176,4606,1916,10512,1443,0.0428,5.04
user_1712,527486,4763,2558,11815,1066,0.0244,8.17
user_1713,979004,3142,2570,34709,3852,0.0394,5.31
user_1714,709754,4209,909,25652,3274,0.0408,5.91
user_1715,938583,2124,611,74637,9172,0.0893,13.08
user_1716,168292,334,765,13402,1805,0.0904,0.74
user_1717,960378,4983,1739,17320,2524,0.0207,-0.24
user_1718,145931,4976,447,8875,684,0.0655,-1.95
user_1719,444676,1237,2764,6057,869,0.0156,3.34
user_1720,163491,4019,2713,1980,225,0.0135,0.51
user_1721,382009,3015,751,6636,193,0.0179,1.74
user_1722,402921,4369,819,31260,3395,0.086,-1.81
user_1723,961384,833,2431,72931,7969,0.0841,1.86
user_1724,261910,999,221,6174,850,0.0268,3.66
user_1725,24236,3989,2949,516,35,0.0227,-1.46
user_1726,88955,94,2213,2387,229,0.0294,8.33
user_1727,741874,1860,855,34191,737,0.0471,7.67
user_1728,628433,4616,2706,31345,1980,0.053,-0.35
user_1729,671718,2131,154,17136,481,0.0262,8.12
user_1730,231785,3548,2693,14594,1281,0.0685,14.98
user_1731,95914,879,1307,3037,383,0.0357,14.06
user_1732,890302,1959,2131,66371,3108,0.078,-1.95
user_1733,208990,2631,2558,11697,1035,0.0609,11.52
user_1734,379387,741,60,15382,715,0.0424,4.01
user_1735,539884,4069,932,35251,1258,0.0676,-0.92
user_1736,952076,981,1749,64030,5534,0.0731,3.03
user_1737,997261,4986,994,30250,916,0.0313,3.47
user_1738,657639,3456,1153,22215,2140,0.037,6.9
user_1739,195269,197,2435,14746,354,0.0773,9.24
user_1740,898928,1082,1479,19355,655,0.0223,10.73
user_1741,393417,1361,2985,5094,466,0.0141,2.18
user_1742,981020,437,2060,40990,3971,0.0458,3.47
user_1743,139155,3171,263,9196,218,0.0677,3.24
user_1744,121674,1923,2969,7789,736,0.0701,4.17
user_1745,907739,3638,185,67505,8708,0.084,14.99
user_1746,782817,965,1069,37046,4219,0.0527,11.23
user_1747,765757,1928,1517,13021,482,0.0176,14.57
user_1748,936275,3798,747,47944,4651,0.0562,9.78
user_1749,948479,327,1135,61165,6568,0.0714,4.91
user_1750,964152,2027,502,15940,395,0.0169,4.63
user_1751,257713,1909,2610,5691,746,0.025,6.31
user_1752,442501,3086,2998,4805,662,0.0124,5.09
user_1753,544351,3421,2467,28064,3664,0.0583,12.08
user_1754,68642,4763,1250,4947,629,0.0812,5.91
user_1755,91093,2232,2686,5187,606,0.0636,3.03
user_1756,508606,4725,2946,40049,4098,0.0868,11.17
user_1757,218215,1220,2168,3144,340,0.016,12.53
user_1758,956103,539,899,69996,8737,0.0823,5.15
user_1759,708280,2575,849,47443,5034,0.0741,9.35
user_1760,684889,1232,2044,21914,1371,0.034,-1.0
user_1761,36954,4529,778,2887,198,0.0835,7.0
user_1762,28856,4308,182,870,118,0.0342,-1.24
user_1763,527861,2538,1216,38138,847,0.0739,-1.5
user_1764,996848,1926,2569,71426,7917,0.0796,8.42
user_1765,560655,2512,2614,35341,5093,0.0721,3.16
user_1766,496553,1680,1327,24551,2745,0.055,10.62
user_1767,763092,337,2448,14041,2095,0.0211,13.23
user_1768,887040,4332,2937,41902,4583,0.0524,0.37
user_1769,323918,1957,2972,11329,277,0.0358,10.32
user_1770,24752,1211,2015,1620,206,0.0738,6.75
user_1771,842461,179,1954,53133,3028,0.0667,-0.09
user_1772,149757,2413,1576,11043,861,0.0795,9.08
user_1773,917714,193,2676,10129,613,0.0117,8.36
user_1774,314837,65,326,20979,1151,0.0703,6.77
user_1775,117739,294,1382,8911,677,0.0814,13.75
user_1776,843393,976,2122,55032,3810,0.0698,6.86
user_1777,239009,3228,352,4568,467,0.0211,14.84
user_1778,781316,2226,2194,12258,1540,0.0177,6.66
user_1779,208980,936,2772,2394,140,0.0121,-0.03
user_1780,257609,390,262,13914,664,0.0566,6.0
user_1781,389822,2101,1904,21080,2249,0.0598,1.1
user_1782,337676,3448,2667,26704,2861,0.0876,8.15
user_1783,345138,4000,1452,13067,1792,0.0431,9.78
user_1784,319277,355,2570,10610,234,0.034,5.96
user_1785,519271,957,2671,27889,3650,0.0607,-0.34
user_1786,324412,2704,322,21992,1929,0.0737,5.97
user_1787,486417,3842,254,36760,3704,0.0832,-0.62
user_1788,432459,4092,2206,28636,912,0.0683,9.6
user_1789,189456,1421,214,7553,575,0.0429,11.44
user_1790,556941,370,1570,30322,1502,0.0571,14.36
user_1791,158729,4704,1812,11101,588,0.0736,0.53
user_1792,958456,4109,666,42500,3635,0.0481,7.05
user_1793,940684,1181,2068,23675,2974,0.0283,7.65
user_1794,229504,2628,580,5021,585,0.0244,13.68
user_1795,647117,4092,1139,6478,627,0.011,8.66
user_1796,653665,3417,732,39400,3550,0.0657,0.47
user_1797,996915,867,432,17721,1338,0.0191,5.42
user_1798,526910,61,557,14262,2088,0.031,9.13
user_1799,574044,244,1898,17710,1643,0.0337,9.9
user_1800,41809,2587,2496,2058,109,0.0518,12.67
user_1801,542013,2892,254,20518,1024,0.0397,1.07
user_1802,717756,2279,2416,41075,4085,0.0629,14.18
user_1803,52226,3059,1799,725,63,0.0151,-0.99
user_1804,500512,4801,1913,9347,196,0.0191,14.72
user_1805,606470,2127,1524,27257,3486,0.0507,12.58
user_1806,476781,3917,1882,16013,1786,0.0373,9.22
user_1807,30402,4923,2463,933,98,0.0339,10.49
user_1808,5263,493,1394,77,2,0.015,-0.76
user_1809,752883,347,435,54734,3670,0.0776,-1.29
user_1810,178900,4953,1929,10452,1480,0.0667,-0.27
user_1811,573212,894,935,10612,1402,0.021,-0.51
user_1812,337326,1065,100,4909,280,0.0154,7.31
user_1813,225137,1434,2103,17614,711,0.0814,1.66
user_1814,453268,1447,1110,26145,2049,0.0622,12.62
user_1815,930168,603,2708,36482,2417,0.0418,5.58
user_1816,298881,2400,2949,17670,1920,0.0655,9.82
user_1817,364476,4566,1710,22941,3341,0.0721,9.1
user_1818,352707,1319,776,22783,1530,0.0689,3.44
user_1819,685733,1310,2690,29796,836,0.0447,2.13
user_1820,511585,234,487,20510,2803,0.0456,3.82
user_1821,692757,4613,1185,7462,186,0.011,11.54
user_1822,391719,2460,2423,29323,4218,0.0856,7.97
user_1823,480361,4481,2776,25090,2669,0.0578,2.31
user_1824,102371,2259,1514,2479,353,0.0277,11.9
user_1825,563997,3722,1664,41945,1927,0.0778,-1.07
user_1826,193192,4733,1039,14304,361,0.0759,9.89
user_1827,151322,1931,1634,11991,1000,0.0859,5.46
user_1828,22172,4346,921,1578,124,0.0768,10.43
user_1829,536843,571,692,42864,2704,0.0849,13.77
user_1830,997121,1937,458,27049,3908,0.031,10.75
user_1831,578564,2602,2598,39896,5064,0.0777,5.51
user_1832,582780,3859,146,39402,4176,0.0748,0.57
user_1833,709362,4933,2272,18561,764,0.0272,11.71
user_1834,514319,4205,2096,8687,1003,0.0188,5.83
user_1835,781298,4723,464,61378,7028,0.0876,-0.72
user_1836,877031,4466,985,26943,2027,0.033,10.22
user_1837,990859,3529,483,70313,9859,0.0809,2.96
user_1838,223320,1459,2218,2297,95,0.0107,-1.17
user_1839,418978,1744,2307,4806,263,0.0121,13.35
user_1840,12046,4714,2333,513,14,0.0437,6.21
user_1841,229071,576,932,6118,755,0.03,2.78
user_1842,379165,2710,516,22101,2228,0.0642,10.18
user_1843,947273,2222,1483,46974,2862,0.0526,13.06
user_1844,709662,329,1791,10945,451,0.0161,-1.99
user_1845,417366,3014,2752,8924,225,0.0219,9.69
user_1846,986751,4027,177,36671,1528,0.0387,11.04
user_1847,267997,2719,191,6161,486,0.0248,1.57
user_1848,646188,2943,513,42296,2205,0.0689,6.32
user_1849,483615,1801,989,18921,1015,0.0412,-0.48
user_1850,416008,4031,1354,6880,920,0.0187,10.69
user_1851,584417,4819,1446,25658,2231,0.0477,12.41
user_1852,762379,2411,1712,12471,1431,0.0182,-0.16
user_1853,206550,4477,1813,3929,96,0.0195,11.88
user_1854,245883,4181,2743,6582,444,0.0286,11.12
user_1855,639418,1758,678,44866,3692,0.0759,3.9
user_1856,461514,2736,2970,34485,1525,0.078,9.73
user_1857,950491,2945,685,64479,2297,0.0703,-2.0
user_1858,672210,4585,386,22442,2987,0.0378,13.84
user_1859,930616,2826,569,27054,3845,0.0332,7.36
user_1860,122789,1169,662,5948,179,0.0499,8.55
user_1861,680418,3038,1913,41185,2692,0.0645,9.3
user_1862,701780,4309,274,55816,8069,0.091,7.54
user_1863,564178,4293,227,10837,333,0.0198,12.56
user_1864,67017,244,2517,901,93,0.0148,8.36
user_1865,179376,712,114,10512,1538,0.0672,13.43
user_1866,689281,529,1903,47047,6923,0.0783,7.9
user_1867,500137,4268,2906,34631,2814,0.0749,0.91
user_1868,657884,1473,497,37823,1556,0.0599,13.53
user_1869,625712,2758,2750,48042,2222,0.0803,9.59
user_1870,802480,3225,781,36729,4982,0.052,9.89
user_1871,953615,3864,209,70536,9770,0.0842,14.75
user_1872,694264,2064,2778,53976,5344,0.0854,-0.72
user_1873,842344,3839,1527,58375,6981,0.0776,5.29
user_1874,559296,4855,1776,17720,2058,0.0354,2.06
user_1875,394276,2493,1579,9358,992,0.0263,8.72
user_1876,731026,961,775,35358,4509,0.0545,11.72
user_1877,608847,3263,1466,25395,2770,0.0463,14.43
user_1878,56337,2414,855,4024,359,0.0778,5.73
user_1879,898048,3679,1683,15268,775,0.0179,11.37
user_1880,276494,3522,1648,7753,904,0.0313,13.59
user_1881,25354,730,1855,1587,129,0.0677,9.62
user_1882,46186,4701,152,768,44,0.0176,2.13
user_1883,553433,659,74,17960,2231,0.0365,8.33
user_1884,428236,2206,529,15887,1756,0.0412,14.49
user_1885,611411,3916,689,32760,4647,0.0612,14.79
user_1886,500883,421,2477,10553,438,0.0219,8.92
user_1887,731546,665,1709,51385,5364,0.0776,13.08
user_1888,741829,2303,1336,30658,1586,0.0435,1.41
user_1889,545869,4992,753,40498,5567,0.0844,2.18
user_1890,614217,4188,1713,26258,864,0.0442,14.2
user_1891,286195,914,278,8372,881,0.0323,0.3
user_1892,576762,1318,1165,11493,1411,0.0224,1.25
user_1893,617036,834,318,6332,418,0.0109,5.15
user_1894,126995,4621,580,6000,864,0.054,8.02
user_1895,246690,4228,1932,4317,563,0.0198,8.26
user_1896,332770,2287,1884,12452,725,0.0396,2.96
user_1897,794392,4104,316,40711,854,0.0523,13.65
user_1898,429988,4945,2429,12597,737,0.031,13.56
user_1899,940024,985,2656,20930,1184,0.0235,4.67
user_1900,181553,4030,1481,11661,1582,0.0729,5.38
user_1901,561696,2388,2194,42843,6243,0.0874,9.94
user_1902,881438,375,216,15011,437,0.0175,9.27
user_1903,260568,1584,2288,5443,442,0.0226,4.5
user_1904,320278,3530,1014,24725,2256,0.0842,5.04
user_1905,152563,3911,2158,1929,61,0.013,3.92
user_1906,657701,2035,2478,51586,3563,0.0839,2.0
user_1907,700983,4982,27,7237,443,0.011,5.79
user_1908,615615,4653,2611,43805,3928,0.0775,9.67
user_1909,394554,2828,2535,12433,1317,0.0348,10.61
user_1910,203503,1320,339,15405,1716,0.0841,11.24
user_1911,144326,690,1437,4645,175,0.0334,4.37
user_1912,708220,4753,2336,39519,4966,0.0628,11.0
user_1913,12344,4128,1718,192,20,0.0172,-1.89
user_1914,395966,4711,2128,10676,1447,0.0306,6.11
user_1915,973260,1417,1481,62441,4896,0.0692,11.5
user_1916,593245,4092,1307,27887,3798,0.0534,8.71
user_1917,106423,2625,2864,7977,1057,0.0849,6.06
user_1918,321197,3653,1138,12851,989,0.0431,8.96
user_1919,465071,1631,572,32967,2292,0.0758,13.42
user_1920,672256,2036,2993,27849,3934,0.0473,7.63
user_1921,187833,2290,680,14753,1666,0.0874,11.6
user_1922,718912,4016,735,55491,7806,0.088,14.67
user_1923,776435,2155,2846,25653,3170,0.0371,9.99
user_1924,78454,178,2261,5649,560,0.0791,7.75
user_1925,258594,4851,2549,17929,628,0.0718,-1.36
user_1926,512897,4046,1478,12692,734,0.0262,4.37
user_1927,353744,901,874,18996,2772,0.0615,7.61
user_1928,910164,4153,2565,13732,844,0.016,11.55
user_1929,517142,2126,2279,35460,1139,0.0708,5.45
user_1930,946439,3044,684,21028,2354,0.0247,14.32
user_1931,38641,3794,2737,577,66,0.0166,2.62
user_1932,554999,2806,1917,21098,1204,0.0402,10.66
user_1933,857774,1694,1694,43218,2536,0.0533,5.12
user_1934,370040,4421,2288,25845,2092,0.0755,6.26
user_1935,668542,3194,292,52277,1193,0.08,11.64
user_1936,613121,292,1197,24993,3064,0.0458,3.04
user_1937,319420,4135,1292,4545,278,0.0151,-0.35
user_1938,282685,220,298,17650,2311,0.0706,6.84
user_1939,881889,702,835,43708,5434,0.0557,6.99
user_1940,476526,3562,295,19705,2088,0.0457,11.55
user_1941,45813,1549,1024,1449,90,0.0336,14.46
user_1942,693558,2149,2581,31326,2729,0.0491,-1.06
user_1943,665180,2208,942,22421,1744,0.0363,8.06
user_1944,287214,2022,661,18091,1158,0.067,9.58
user_1945,988272,3975,524,47508,6188,0.0543,14.76
user_1946,929626,2308,2657,66356,5497,0.0773,14.02
user_1947,343703,4089,791,16514,2117,0.0542,10.11
user_1948,205615,2085,1284,5485,184,0.0276,6.87
user_1949,477657,3321,2807,33233,1273,0.0722,0.75
user_1950,567074,907,2742,27789,4086,0.0562,4.53
user_1951,751294,3873,1279,18390,1772,0.0268,7.95
user_1952,756164,1099,1033,40564,3499,0.0583,10.33
user_1953,400953,4040,147,14049,1236,0.0381,8.8
user_1954,823494,348,2570,56910,2730,0.0724,10.14
user_1955,972741,973,1243,40593,4604,0.0465,5.3
user_1956,839003,4282,2969,51054,1583,0.0627,10.37
user_1957,288654,4356,2610,4816,455,0.0183,0.44
user_1958,282570,2849,1545,10659,1004,0.0413,0.76
user_1959,38265,4925,1693,3016,418,0.0897,0.77
user_1960,936354,4112,511,62353,5512,0.0725,13.14
user_1961,250321,4095,1277,5305,200,0.022,-0.71
user_1962,67150,1852,2781,1977,186,0.0322,11.63
user_1963,612600,2763,2858,20269,646,0.0341,1.97
user_1964,90613,4556,1686,5031,233,0.0581,5.96
user_1965,338054,2903,435,21293,511,0.0645,13.57
user_1966,839807,2707,2215,52460,4549,0.0679,7.96
user_1967,122826,4572,989,5612,173,0.0471,1.57
user_1968,560723,3396,2096,37432,3032,0.0722,2.83
user_1969,883875,1521,1404,35881,5069,0.0463,13.65
user_1970,451348,2999,327,8427,957,0.0208,5.26
user_1971,211017,991,2229,10447,314,0.051,7.98
user_1972,135055,1957,2936,10353,508,0.0804,5.82
user_1973,491457,4887,2919,32195,3463,0.0726,4.43
user_1974,677022,1293,80,34195,4661,0.0574,1.8
user_1975,810942,4473,2192,44825,1088,0.0566,9.67
user_1976,734547,1516,1499,55193,6933,0.0846,10.21
user_1977,697358,4007,2905,27883,2594,0.0437,2.67
user_1978,451062,2016,1950,14974,1362,0.0362,11.41
user_1979,95071,425,2533,7454,1077,0.0897,12.53
user_1980,794072,312,2310,55935,6555,0.0787,13.65
user_1981,307691,4412,1533,10034,1309,0.0369,0.74
user_1982,842052,3438,492,35757,2360,0.0453,3.17
user_1983,147389,3445,978,5756,529,0.0426,12.63
user_1984,640896,1994,552,13097,1309,0.0225,1.38
user_1985,270708,1943,513,20857,1289,0.0818,-1.94
user_1986,683705,3684,2966,26187,2465,0.0419,12.8
user_1987,639112,1702,101,45551,2312,0.0749,3.55
user_1988,255444,4191,2923,5940,229,0.0242,5.05
user_1989,604561,3942,898,29231,2005,0.0517,5.59
user_1990,862291,649,1565,10069,1169,0.013,12.42
user_1991,212837,4865,2990,13514,1879,0.0723,3.74
user_1992,111017,1962,31,5624,447,0.0547,13.17
user_1993,992542,1342,1306,53390,5529,0.0594,8.49
user_1994,124618,650,468,1697,56,0.0141,6.96
user_1995,970897,430,781,24051,3308,0.0282,3.54
user_1996,460297,4263,45,6997,657,0.0166,2.14
user_1997,126341,3687,1826,3818,463,0.0339,8.61
user_1998,816862,2213,2575,44045,5429,0.0606,5.6
user_1999,731892,4405,1588,36326,1937,0.0523,13.48
user_2000,553076,1148,81,29230,2595,0.0575,6.36
user_2001,751865,415,248,36426,5276,0.0555,6.7
user_2002,442759,2620,1858,12889,407,0.03,5.08
user_2003,932423,3469,626,25283,2750,0.0301,11.42
user_2004,856778,2526,1078,16787,2435,0.0224,5.22
user_2005,883554,840,1748,61349,3624,0.0735,2.58
user_2006,565262,3619,1499,30045,3965,0.0602,12.65
user_2007,894741,796,2958,20628,2916,0.0263,8.15
user_2008,541659,362,1545,12135,1421,0.025,8.06
user_2009,832516,4683,780,59202,2964,0.0747,8.38
user_2010,423845,970,614,26274,1666,0.0659,10.22
user_2011,707544,1127,1612,39734,979,0.0575,3.32
user_2012,325060,2879,1075,12508,1602,0.0434,-1.42
user_2013,599260,2431,1874,16982,2215,0.032,11.78
user_2014,194259,3668,2068,15261,1560,0.0866,0.19
user_2015,276128,847,1478,18171,1196,0.0701,10.27
user_2016,820471,4493,1881,25536,765,0.0321,-0.6
user_2017,610719,322,1179,42340,4991,0.0775,4.38
user_2018,871123,3060,1239,54989,6293,0.0703,-0.93
user_2019,846038,4865,152,26054,3612,0.0351,6.88
user_2020,404832,1823,105,16136,1855,0.0444,9.1
user_2021,890097,2597,1519,20487,2616,0.026,0.91
user_2022,630661,3214,1850,11209,1311,0.0199,4.32
user_2023,182144,4830,1223,11036,1125,0.0668,13.81
user_2024,812006,4767,2583,23325,1761,0.0309,5.52
user_2025,921934,996,194,62142,8530,0.0767,11.64
user_2026,251195,2715,2830,20018,2094,0.088,13.76
user_2027,144748,556,1995,2223,159,0.0165,14.56
user_2028,405032,293,597,17461,538,0.0444,13.27
user_2029,33733,555,1818,2231,128,0.0699,3.4
user_2030,742040,4567,2116,48400,4389,0.0711,14.36
user_2031,527338,3208,2595,33327,1860,0.0667,11.81
user_2032,110996,3640,164,3821,186,0.0361,12.23
user_2033,559221,1922,781,23358,2068,0.0455,-1.74
user_2034,550239,3843,1397,28418,1195,0.0538,14.22
user_2035,557701,1242,1845,43598,5408,0.0879,11.23
user_2036,166873,4475,948,5494,455,0.0356,11.06
user_2037,711979,4795,813,53127,5025,0.0817,-0.61
user_2038,951417,1514,1621,27453,1075,0.03,1.95
user_2039,900005,440,1680,71312,4435,0.0842,14.36
user_2040,434816,4526,338,24749,1814,0.0611,6.51
user_2041,714135,3427,1130,30312,3791,0.0478,4.76
user_2042,222888,4887,1596,11799,1417,0.0593,12.28
user_2043,786332,4965,717,22864,1120,0.0305,-0.52
user_2044,746453,722,866,21790,2181,0.0321,5.09
user_2045,768950,2610,1821,13801,712,0.0189,4.39
user_2046,167472,1261,802,3011,447,0.0206,3.95
user_2047,398710,979,2109,13690,1968,0.0393,3.23
user_2048,212760,1589,1136,13488,1257,0.0693,1.57
user_2049,123744,962,1770,6503,720,0.0584,0.94
user_2050,876863,693,2596,15065,1870,0.0193,8.89
user_2051,731051,4572,1669,50922,5791,0.0776,13.63
user_2052,502946,551,311,26201,2907,0.0579,6.65
user_2053,44001,779,988,3399,491,0.0884,3.07
user_2054,592652,1333,1507,33729,3289,0.0625,0.71
user_2055,912420,2168,1862,20312,2086,0.0245,12.11
user_2056,832460,4602,116,35932,4685,0.0488,14.52
user_2057,239506,4436,1138,13267,1420,0.0613,3.94
user_2058,754019,3886,93,9032,1041,0.0134,2.95
user_2059,431789,969,1379,4768,240,0.0116,8.23
user_2060,657166,4100,1111,12524,854,0.0204,11.18
user_2061,911775,2389,777,25180,985,0.0287,5.74
user_2062,712998,805,1961,28568,2449,0.0435,8.71
user_2063,653589,1919,227,28836,2285,0.0476,10.18
user_2064,913727,4522,1264,17965,2688,0.0226,14.33
user_2065,500722,557,1305,28609,2845,0.0628,0.81
user_2066,686117,1486,429,35492,4338,0.0581,14.96
user_2067,559924,2625,2398,17140,1087,0.0326,4.67
user_2068,736457,3476,2411,8068,1033,0.0124,10.29
user_2069,180352,608,790,2783,278,0.017,7.73
user_2070,811694,3152,1863,30372,3359,0.0416,6.27
user_2071,867867,4566,93,18032,1050,0.022,9.87
user_2072,194283,3672,1680,7067,645,0.0397,4.73
user_2073,973346,4449,273,52534,5380,0.0595,0.14
user_2074,916015,4107,839,44249,4273,0.053,6.31
user_2075,451195,3765,1005,11813,1641,0.0298,6.87
user_2076,770884,1351,351,26262,3591,0.0387,1.43
user_2077,999974,2205,1441,52980,7747,0.0607,13.91
user_2078,432413,742,2814,30381,3243,0.0778,1.87
user_2079,304988,4400,855,19130,2799,0.0719,4.96
user_2080,327898,1528,1711,15981,2049,0.055,0.63
user_2081,952661,306,474,33686,1859,0.0373,7.11
user_2082,864561,2480,1949,30738,2322,0.0382,3.23
user_2083,303186,491,1158,21695,1106,0.0752,6.32
user_2084,62665,1931,332,798,16,0.013,1.82
user_2085,247584,2696,1037,19598,871,0.0827,-1.09
user_2086,117953,3870,247,6665,136,0.0577,11.25
user_2087,477072,4727,2901,27517,3125,0.0642,8.9
user_2088,683736,1785,877,8655,651,0.0136,3.79
user_2089,187626,3785,1288,9829,595,0.0556,-1.19
user_2090,146271,2695,2885,6426,764,0.0492,12.71
user_2091,119533,68,1037,2080,266,0.0196,0.89
user_2092,999916,1174,2595,29452,4323,0.0338,13.82
user_2093,969452,4035,969,70112,7253,0.0798,6.14
user_2094,599069,2704,446,29054,2324,0.0524,3.79
user_2095,466966,2130,2109,18183,1085,0.0413,10.61
user_2096,67262,1597,484,1014,49,0.0158,12.91
user_2097,834032,911,1665,50032,2385,0.0628,4.3
user_2098,77898,204,297,4611,337,0.0635,4.92
user_2099,456699,3544,2903,24197,3603,0.0609,5.36
user_2100,150369,954,38,6874,138,0.0466,13.68
user_2101,555736,1319,85,22432,1023,0.0422,9.77
user_2102,289316,454,186,14908,663,0.0538,2.21
user_2103,961378,893,1628,25320,2866,0.0293,1.14
user_2104,8657,1832,422,656,43,0.0807,1.92
user_2105,478602,1614,428,24511,1947,0.0553,2.48
user_2106,781977,1234,2179,24853,977,0.033,1.91
user_2107,943929,796,616,39151,2844,0.0445,9.19
user_2108,945189,1775,2718,62758,2097,0.0686,-0.03
user_2109,375999,3238,1082,8013,715,0.0232,4.59
user_2110,943082,320,2172,28762,941,0.0315,8.63
user_2111,685191,4915,343,39443,4842,0.0646,2.94
user_2112,8906,4006,2002,285,26,0.0349,-0.89
user_2113,324557,221,1457,21250,2424,0.0729,-0.61
user_2114,579316,323,448,11083,824,0.0206,0.14
user_2115,794719,2356,2702,50375,3505,0.0678,12.21
user_2116,296804,1208,2797,4388,143,0.0153,9.18
user_2117,469974,1756,2956,5114,450,0.0118,-0.9
user_2118,847936,1821,1104,61793,5368,0.0792,4.65
user_2119,716080,471,1655,36300,2934,0.0548,2.74
user_2120,628267,1259,1397,21755,2529,0.0387,7.83
user_2121,35701,4725,412,938,120,0.0296,6.89
user_2122,84300,940,2271,4483,527,0.0594,6.18
user_2123,766537,4867,2325,34977,1353,0.0474,3.35
user_2124,674034,3317,2553,53526,5399,0.0874,0.34
user_2125,84560,1523,1560,6665,202,0.0812,10.62
user_2126,243615,3293,465,13265,1463,0.0605,12.96
user_2127,942378,4528,1223,38638,2690,0.0439,14.05
user_2128,44642,2231,1043,1981,73,0.046,-1.0
user_2129,518083,1499,361,29931,3952,0.0654,10.58
user_2130,492036,3146,152,8418,840,0.0188,10.35
user_2131,328304,3306,2510,10828,715,0.0352,14.1
user_2132,805034,3206,1879,12292,294,0.0156,2.3
user_2133,366464,1640,2320,5546,498,0.0165,10.62
user_2134,614089,4289,284,14559,2038,0.027,-1.07
user_2135,289075,4031,112,12709,1239,0.0483,8.73
user_2136,95377,1485,1705,6193,906,0.0744,3.96
user_2137,816624,273,1454,35918,1355,0.0456,11.07
user_2138,833974,269,2205,27924,2621,0.0366,12.68
user_2139,914447,4324,1251,14415,1783,0.0177,4.2
user_2140,829952,1704,1021,40269,3556,0.0528,6.93
user_2141,327916,4578,1680,9505,302,0.0299,-0.0
user_2142,452978,314,1616,24028,2301,0.0581,5.09
user_2143,313250,1003,2374,24559,2444,0.0862,4.13
user_2144,606409,4574,285,10789,1237,0.0198,1.11
user_2145,26559,3783,665,659,78,0.0277,13.21
user_2146,893027,2824,2385,38504,4628,0.0483,0.52
user_2147,559030,3174,1156,43494,4621,0.0861,8.81
user_2148,857101,529,2968,54877,2637,0.0671,13.13
user_2149,998703,3564,1421,72781,5280,0.0782,13.5
user_2150,678114,1403,473,22621,2734,0.0374,11.49
user_2151,136044,3372,2258,10807,1555,0.0909,0.99
user_2152,858263,3928,1934,14760,446,0.0177,11.9
user_2153,113217,939,1483,1551,139,0.0149,2.7
user_2154,567161,3904,1230,39640,2403,0.0741,13.68
user_2155,893964,974,850,66965,3301,0.0786,10.05
user_2156,913699,2220,1410,14930,1280,0.0177,11.35
user_2157,404119,1952,1132,7249,716,0.0197,-0.55
user_2158,659380,4923,2254,8125,172,0.0126,7.91
user_2159,829187,2445,2886,14357,1743,0.0194,11.96
user_2160,873388,78,1989,21537,2726,0.0278,12.65
user_2161,87988,84,2199,6854,997,0.0892,-1.51
user_2162,570936,3639,891,32400,1408,0.0592,13.97
user_2163,126991,2720,654,8190,796,0.0708,-1.26
user_2164,403732,3415,1419,25971,1959,0.0692,8.45
user_2165,507079,638,710,24063,1528,0.0505,9.79
user_2166,902437,3268,2759,59402,5556,0.072,-0.18
user_2167,527684,3188,1885,27284,3320,0.058,-1.18
user_2168,85082,953,1077,2724,62,0.0327,11.34
user_2169,937633,4136,1975,46204,6746,0.0565,4.54
user_2170,129322,2219,601,6122,766,0.0533,-0.18
user_2171,657951,389,2238,44504,5235,0.0756,10.97
user_2172,12303,4320,1409,968,115,0.088,12.44
user_2173,162633,1764,803,6305,444,0.0415,7.99
user_2174,334863,4742,200,21242,2500,0.0709,0.74
user_2175,250690,4596,38,4257,299,0.0182,-1.74
user_2176,785108,606,1269,50543,6915,0.0732,9.91
user_2177,100616,3137,2948,3622,155,0.0375,7.35
user_2178,911597,3316,1636,11629,674,0.0135,9.06
user_2179,87231,3617,2242,3090,283,0.0387,11.82
user_2180,270458,2106,1265,14265,877,0.056,5.38
user_2181,20623,3949,1658,378,28,0.0197,0.12
user_2182,724035,1066,73,54072,4542,0.081,13.98
user_2183,491042,2112,2762,7580,995,0.0175,7.27
user_2184,459298,888,2930,34493,3035,0.0817,8.46
user_2185,477840,1687,1446,28431,1908,0.0635,13.87
user_2186,106228,4371,2416,3514,183,0.0348,13.84
user_2187,427346,3546,462,15962,1167,0.0401,7.73
user_2188,708116,1863,2900,43801,3812,0.0672,3.06
user_2189,885056,3529,599,46114,5395,0.0582,14.95
user_2190,682652,1501,301,38921,1390,0.0591,9.57
user_2191,899217,2363,2427,33488,1634,0.0391,4.94
user_2192,521547,1564,2982,23024,1596,0.0472,7.52
user_2193,873638,1281,842,69271,4630,0.0846,5.07
user_2194,70274,1695,2959,1755,124,0.0267,13.1
user_2195,134541,3049,1689,5280,650,0.0441,6.2
user_2196,54947,3490,660,1671,103,0.0323,12.0
user_2197,678894,4106,1051,43149,3678,0.069,12.28
user_2198,195692,355,2036,12422,1255,0.0699,12.01
user_2199,49874,3586,582,1519,76,0.032,10.28
user_2200,574996,1773,2558,9025,1023,0.0175,12.53
user_2201,75553,1739,360,815,74,0.0118,4.58
user_2202,593632,1567,491,23698,1850,0.043,-0.05
user_2203,836570,3967,1730,32395,4058,0.0436,12.32
user_2204,710662,469,2316,56275,2906,0.0833,6.47
user_2205,572926,2986,254,24570,3312,0.0487,0.17
user_2206,79249,3912,1126,2214,205,0.0305,-0.04
user_2207,893297,4279,1136,64662,6414,0.0796,0.71
user_2208,528007,1500,1928,23430,3133,0.0503,10.77
user_2209,679250,3146,1437,35281,4455,0.0585,10.08
user_2210,471452,3311,843,7871,772,0.0183,1.46
user_2211,430725,1214,1311,15852,1869,0.0411,12.4
user_2212,43534,1919,651,3312,252,0.0819,2.78
user_2213,496518,1869,548,25454,2320,0.0559,11.48
user_2214,617529,2755,2000,21067,591,0.0351,6.31
user_2215,413003,3565,2189,22218,703,0.0555,10.44
user_2216,127209,1392,2959,9378,1198,0.0831,4.48
user_2217,443061,2276,2077,12928,358,0.03,3.9
user_2218,190004,1129,1359,8618,362,0.0473,12.3
user_2219,617412,4256,2905,47607,5877,0.0866,-1.4
user_2220,616947,4613,1316,13614,274,0.0225,14.57
user_2221,165134,2829,1349,9970,565,0.0638,9.02
user_2222,76713,2578,1253,4066,390,0.0581,5.35
user_2223,743623,863,2001,42815,4170,0.0632,8.68
user_2224,489972,2081,1773,16945,2050,0.0388,0.09
user_2225,978965,372,2820,31299,2684,0.0347,6.74
user_2226,76418,3019,2953,4424,381,0.0629,14.75
user_2227,985176,953,2531,24716,2824,0.028,2.0
user_2228,129232,1591,2779,5088,431,0.0427,10.28
user_2229,953336,3553,2795,22090,2189,0.0255,5.39
user_2230,521551,2703,2784,5518,754,0.012,9.09
user_2231,164038,2526,1968,12779,922,0.0835,1.48
user_2232,991049,3390,2147,39859,2792,0.043,6.0
user_2233,931491,4293,2547,72520,1483,0.0794,14.66
user_2234,169383,1191,921,3357,334,0.0218,1.32
user_2235,819007,899,910,41864,999,0.0523,8.82
user_2236,326996,416,1590,7870,673,0.0261,7.79
user_2237,259722,2947,1844,16961,2112,0.0734,7.61
user_2238,133079,1139,2085,8631,789,0.0708,8.46
user_2239,203053,4091,1208,3631,199,0.0189,6.54
user_2240,601530,2088,1568,44419,5428,0.0829,-1.71
user_2241,179589,2910,221,4242,233,0.0249,13.3
user_2242,504238,4320,760,26678,3075,0.059,12.06
user_2243,30257,1904,1389,2390,237,0.0868,0.96
user_2244,481488,4733,1409,34555,1454,0.0748,5.03
user_2245,436423,544,2020,33586,4623,0.0876,11.1
user_2246,145353,3232,1491,4939,227,0.0355,14.66
user_2247,324390,1834,1556,5641,838,0.02,14.17
user_2248,264579,3560,338,6134,128,0.0237,13.29
user_2249,230947,3836,2284,10400,564,0.0475,0.69
user_2250,232758,4180,1077,15251,701,0.0685,13.55
user_2251,616645,1048,1914,12647,275,0.021,12.93
user_2252,158732,4519,2333,8917,1027,0.0626,4.41
user_2253,923588,1501,743,30155,3321,0.0362,4.71
user_2254,932011,1801,2842,31580,3884,0.0381,5.82
user_2255,728955,2330,1720,41065,2191,0.0593,9.15
user_2256,609095,4850,432,26002,2022,0.046,2.43
user_2257,439755,4708,1295,29394,3106,0.0739,-1.61
user_2258,903385,2984,420,18893,1457,0.0225,0.4
user_2259,139563,3784,1859,9112,1008,0.0725,5.48
user_2260,784066,3396,743,11366,1164,0.016,2.79
user_2261,507047,1923,2349,11958,417,0.0244,11.0
user_2262,706552,4584,1155,39517,4802,0.0627,-0.19
user_2263,998899,3853,2790,69767,7931,0.0778,13.6
user_2264,911229,2029,770,25229,2655,0.0306,13.22
user_2265,327032,748,287,10760,432,0.0342,13.45
user_2266,598897,1362,2365,28506,1563,0.0502,10.57
user_2267,796509,3012,1360,19761,1405,0.0266,-0.18
user_2268,773800,2988,589,51675,2913,0.0705,5.45
user_2269,254973,4837,2576,16357,811,0.0673,0.23
user_2270,284097,2350,1993,5730,714,0.0227,14.79
user_2271,995423,3247,565,42273,4352,0.0468,3.66
user_2272,377826,176,2842,24270,2269,0.0702,7.95
user_2273,515257,1241,384,17319,855,0.0353,11.25
user_2274,855321,2689,566,46458,6473,0.0619,13.65
user_2275,680181,4439,290,9192,412,0.0141,10.84
user_2276,431783,3966,758,22715,2801,0.0591,9.47
user_2277,116374,1416,2604,2407,350,0.0237,5.92
user_2278,550148,1069,1277,37487,4293,0.0759,8.29
user_2279,677555,4129,78,23634,3523,0.0401,-0.4
user_2280,602763,4564,1294,17907,1873,0.0328,13.03
user_2281,485090,4589,1890,33404,1612,0.0722,7.24
user_2282,874698,734,105,11817,549,0.0141,-1.32
user_2283,677787,3679,782,25595,1591,0.0401,13.64
user_2284,888164,2937,409,31885,667,0.0367,6.32
user_2285,290227,1512,1223,8688,943,0.0332,12.77
user_2286,743406,4136,738,54880,3014,0.0779,12.57
user_2287,844804,2311,2923,52855,6658,0.0704,11.87
user_2288,649074,4230,168,9395,626,0.0154,-0.96
user_2289,962568,2891,602,57781,4760,0.065,2.2
user_2290,533101,1817,140,25008,3639,0.0537,12.88
user_2291,32598,4230,2832,2381,122,0.0768,13.28
user_2292,506934,3610,2672,16174,1840,0.0355,5.79
user_2293,783239,2162,2323,39311,4645,0.0561,5.48
user_2294,618394,4808,785,27860,1357,0.0472,0.98
user_2295,290226,676,2931,12848,1093,0.048,14.46
user_2296,816673,4209,819,34240,2243,0.0447,1.62
user_2297,228286,3464,2126,5568,670,0.0273,1.25
user_2298,438785,1425,1041,27599,2785,0.0692,9.23
user_2299,12745,1231,1489,530,43,0.045,2.13
user_2300,813461,540,2455,62714,7608,0.0864,13.96
user_2301,145097,3779,1129,4099,207,0.0297,-1.81
user_2302,233732,3584,2853,13507,1593,0.0646,-1.9
user_2303,910827,3346,1270,69086,9153,0.0859,6.58
user_2304,670648,1990,2660,37852,5080,0.064,6.3
user_2305,614474,4458,1669,43620,5316,0.0796,0.78
user_2306,925044,1932,1835,62832,4589,0.0729,6.41
user_2307,885200,4958,1365,31166,4601,0.0404,5.0
user_2308,214030,3037,2976,11131,771,0.0556,13.14
user_2309,725238,3209,1361,15185,1564,0.0231,-1.84
user_2310,567134,4825,2633,26931,1102,0.0494,14.6
user_2311,339076,4580,2466,8859,1306,0.03,8.61
user_2312,149554,731,1752,9281,1035,0.069,0.58
user_2313,286555,1123,918,13457,1587,0.0525,-1.21
user_2314,445191,2437,2360,17267,492,0.0399,7.15
user_2315,454761,2444,504,13104,1562,0.0322,1.99
user_2316,506518,2743,822,40475,4885,0.0896,3.12
user_2317,341941,1420,1735,5135,551,0.0166,2.17
user_2318,315451,4794,1935,4116,238,0.0138,9.05
user_2319,921597,4390,1777,23231,1943,0.0273,7.41
user_2320,995762,2206,1829,77644,2667,0.0807,-0.67
user_2321,285186,2630,2957,22400,1821,0.0849,6.95
user_2322,578218,4441,2311,32290,1669,0.0587,11.45
user_2323,773944,2209,1463,55420,3623,0.0763,-0.62
user_2324,438629,3298,1972,10955,450,0.026,13.13
user_2325,769747,3781,2883,60073,2998,0.0819,7.83
user_2326,225695,3879,2340,4512,135,0.0206,14.16
user_2327,885315,1677,1690,15120,2110,0.0195,0.52
user_2328,296900,3522,1868,5301,471,0.0194,14.89
user_2329,54268,77,539,2719,194,0.0537,8.95
user_2330,433430,2035,1171,28029,2510,0.0705,7.65
user_2331,213943,4203,1416,7630,775,0.0393,6.76
user_2332,784204,1571,2635,61522,8603,0.0894,-1.6
user_2333,422818,346,2705,17085,738,0.0422,13.97
user_2334,709691,2231,2226,14570,851,0.0217,8.95
user_2335,574189,3452,671,24470,3593,0.0489,-0.44
user_2336,363130,2346,2243,20891,1425,0.0615,-1.64
user_2337,195488,2647,1970,13343,305,0.0698,-1.14
user_2338,688556,951,2687,28997,1136,0.0438,8.36
user_2339,391530,1148,230,20184,472,0.0528,8.44
user_2340,793058,1727,2514,22771,3385,0.033,6.49
user_2341,663784,2931,605,36650,2061,0.0583,3.22
user_2342,800289,4916,186,63237,8857,0.0901,7.04
user_2343,242531,1428,2527,3258,486,0.0154,6.78
user_2344,247693,1298,2983,17848,1748,0.0791,-1.67
user_2345,938486,3785,1276,46323,1126,0.0506,2.8
user_2346,995465,4291,1225,27521,842,0.0285,-1.1
user_2347,920484,1314,1758,70732,5842,0.0832,13.3
user_2348,704650,1957,1072,30888,2248,0.047,10.33
user_2349,551719,1108,733,18327,1810,0.0365,14.93
user_2350,872408,2799,2908,19807,1526,0.0245,3.14
user_2351,239360,2098,2935,6489,917,0.0309,12.93
user_2352,345855,4298,707,23621,2114,0.0744,8.25
user_2353,508403,2526,349,26949,2969,0.0588,5.7
user_2354,27385,4066,1766,2024,276,0.084,1.78
user_2355,432374,4653,1227,11344,443,0.0273,10.55
user_2356,417235,3247,2162,7710,384,0.0194,13.37
user_2357,281783,4636,804,2937,99,0.0108,2.0
user_2358,86530,3603,2716,3941,150,0.0473,0.98
user_2359,756271,4490,2420,60412,5233,0.0868,9.84
user_2360,284707,1811,2997,16697,1031,0.0623,14.61
user_2361,957845,270,960,30256,2269,0.034,10.75
user_2362,378816,4868,1308,27039,3994,0.0819,2.84
user_2363,924280,4673,1699,59819,2414,0.0673,5.14
user_2364,430660,2938,2713,4771,430,0.0121,4.53
user_2365,987420,1714,645,66335,2179,0.0694,12.49
user_2366,402927,4036,158,12505,767,0.0329,11.11
user_2367,730678,4626,2783,14962,1325,0.0223,8.01
user_2368,346114,3027,781,8944,1279,0.0295,2.67
user_2369,244373,1921,1853,10459,741,0.0458,13.95
user_2370,348697,1512,2322,13857,394,0.0409,9.11
user_2371,162779,394,1575,4919,346,0.0323,14.5
user_2372,171182,94,695,3775,147,0.0229,7.86
user_2373,718148,2118,111,45499,2270,0.0665,11.96
user_2374,608167,1564,1112,48232,4840,0.0873,11.82
user_2375,957331,2648,56,61695,1774,0.0663,3.73
user_2376,239260,1051,1807,7349,590,0.0332,14.39
user_2377,924159,1083,2207,25078,2488,0.0298,-1.63
user_2378,832291,2090,2934,21004,1571,0.0271,11.07
user_2379,972129,323,2747,19023,427,0.02,14.41
user_2380,839530,2697,1221,40795,6042,0.0558,3.76
user_2381,671611,1829,1856,35177,2382,0.0559,9.02
user_2382,647701,4526,1914,38463,4662,0.0666,7.56
user_2383,787958,528,156,45398,2829,0.0612,10.95
user_2384,331904,565,2257,10110,826,0.0329,12.73
user_2385,48837,4336,1683,1617,113,0.0354,8.25
user_2386,519349,1241,2409,29969,1933,0.0614,11.87
user_2387,785838,2718,1602,27081,618,0.0352,3.31
user_2388,798968,1461,991,19881,1328,0.0265,1.89
user_2389,553829,3330,681,20050,2719,0.0411,5.32
user_2390,80083,321,2310,2326,255,0.0322,9.52
user_2391,969531,192,1830,15688,610,0.0168,1.18
user_2392,559819,3382,434,38129,3692,0.0747,9.57
user_2393,271856,837,2774,18953,2577,0.0792,4.7
user_2394,367245,1731,362,9321,1034,0.0282,11.52
user_2395,852887,672,2749,12395,487,0.0151,-1.37
user_2396,600032,3891,2720,37032,4918,0.0699,9.36
user_2397,778147,3726,165,19303,1142,0.0263,9.05
user_2398,655037,2622,342,24590,1943,0.0405,14.0
user_2399,792541,3310,2189,11483,1015,0.0158,10.13
user_2400,836700,4762,1295,21619,2822,0.0292,11.54
user_2401,757097,116,1898,49592,6997,0.0747,13.38
user_2402,842047,4336,2378,55834,7864,0.0756,9.48
user_2403,607791,4666,620,14888,313,0.025,2.93
user_2404,255346,1190,494,8557,1196,0.0382,12.79
user_2405,948263,2364,2637,18393,497,0.0199,10.71
user_2406,610996,2582,1535,9282,506,0.016,5.22
user_2407,716472,3630,594,56925,4949,0.0864,10.08
user_2408,627759,1237,366,35086,2890,0.0605,12.75
user_2409,779513,4521,2887,37375,3685,0.0527,14.59
user_2410,158661,4798,1530,10088,830,0.0688,14.19
user_2411,686375,3389,401,47226,6681,0.0785,3.53
user_2412,161081,598,1323,10707,548,0.0699,5.17
user_2413,870741,4137,91,9715,540,0.0118,-0.14
user_2414,389590,122,2588,8990,1255,0.0263,2.21
user_2415,718406,248,1137,40118,1202,0.0575,13.0
user_2416,894093,3251,1416,32458,3221,0.0399,4.13
user_2417,682503,1831,2406,53763,5840,0.0873,8.55
user_2418,7154,621,1379,404,34,0.0612,9.32
user_2419,678164,840,683,52190,5753,0.0854,11.29
user_2420,960192,1688,1535,23141,982,0.0251,1.11
user_2421,65288,1881,1911,4601,602,0.0797,3.18
user_2422,52195,1905,59,1696,64,0.0337,5.62
user_2423,283725,1224,1402,22490,1621,0.085,4.2
user_2424,446864,3790,2050,9401,279,0.0217,14.71
user_2425,293231,3327,2641,13530,1229,0.0503,12.19
user_2426,706290,228,1297,46261,4953,0.0725,6.15
user_2427,165053,2294,985,6649,946,0.046,12.95
user_2428,594586,4136,2648,25427,2952,0.0477,3.91
user_2429,833599,784,1920,65891,5952,0.0862,11.36
user_2430,731664,848,2237,29099,4109,0.0454,1.8
user_2431,437624,837,720,22881,1880,0.0566,11.13
user_2432,40499,2845,530,559,51,0.0151,5.76
user_2433,388960,4354,1303,26820,2614,0.0757,-0.17
user_2434,446485,4638,603,24722,1812,0.0594,2.65
user_2435,694919,3134,1003,26602,3431,0.0432,4.84
user_2436,246198,2968,478,2740,120,0.0116,10.74
user_2437,468535,781,2596,24090,2219,0.0562,-0.76
user_2438,768285,1179,1925,8363,952,0.0121,9.21
user_2439,621635,3496,2408,6268,861,0.0115,10.17
user_2440,311931,1655,2124,16571,2235,0.0603,9.12
user_2441,298632,3828,2285,6937,597,0.0252,10.93
user_2442,337585,2795,2686,7910,819,0.0259,1.03
user_2443,731023,3220,835,40739,2902,0.0597,7.98
user_2444,23431,4739,2798,322,26,0.0149,14.0
user_2445,324825,2983,2531,10374,1429,0.0363,8.38
user_2446,195555,1265,266,4001,564,0.0233,8.39
user_2447,648008,374,749,32797,4473,0.0575,10.52
user_2448,574441,1900,2440,32354,1229,0.0585,3.66
user_2449,269512,1540,436,16299,2127,0.0684,9.91
user_2450,945928,943,1074,26359,3776,0.0319,13.58
user_2451,899792,1440,387,14619,978,0.0173,-1.81
user_2452,177076,3439,2626,2746,240,0.0169,12.79
user_2453,220724,4289,127,8791,1066,0.0447,1.72
user_2454,900187,4529,2651,68602,6384,0.0833,5.75
user_2455,582273,2313,858,14697,2192,0.029,12.49
user_2456,837501,3482,437,23426,1856,0.0302,12.01
user_2457,315470,2421,1663,5382,607,0.019,13.16
user_2458,634025,3136,840,33216,4086,0.0588,13.99
user_2459,737421,4362,1441,42468,3577,0.0624,5.6
user_2460,679758,1565,702,37390,4913,0.0622,9.16
user_2461,754753,2967,275,53043,4826,0.0767,4.64
user_2462,51861,2402,2847,2284,167,0.0473,3.96
user_2463,339041,1217,857,6581,223,0.0201,5.34
user_2464,213977,160,2982,6474,460,0.0324,10.63
user_2465,652406,4377,2302,36776,4244,0.0629,6.52
user_2466,856009,3705,572,45298,6331,0.0603,11.84
user_2467,722001,3843,200,34056,1795,0.0497,10.67
user_2468,10078,1805,176,582,38,0.0615,-1.65
user_2469,943507,1627,1497,51531,2062,0.0568,8.71
user_2470,325912,1346,590,23365,2565,0.0796,5.42
user_2471,576335,3824,876,29405,4258,0.0584,5.76
user_2472,859058,2270,1804,55411,5725,0.0712,11.91
user_2473,845092,1022,1747,23163,2321,0.0302,7.31
user_2474,760746,1080,1067,43722,4020,0.0628,13.06
user_2475,968290,2643,1516,70833,2231,0.0755,10.12
user_2476,396141,4042,1443,14657,1683,0.0412,7.4
user_2477,216048,4663,611,13943,1370,0.0709,10.83
user_2478,761581,963,2201,46254,4902,0.0672,-1.35
user_2479,643120,2231,440,9110,1246,0.0161,-1.54
user_2480,917838,3247,2280,46539,5673,0.0569,-0.58
user_2481,650438,1512,2967,12431,1510,0.0214,5.44
user_2482,158087,2428,2549,12285,1726,0.0886,2.0
user_2483,34320,3504,367,2292,340,0.0767,14.73
user_2484,328025,3603,185,5799,554,0.0194,7.22
user_2485,616115,1357,956,11412,389,0.0192,9.26
user_2486,514287,1239,367,26543,2115,0.0557,2.74
user_2487,365359,737,2916,12474,1526,0.0383,3.47
user_2488,944793,4711,417,11756,277,0.0127,3.7
user_2489,260931,1257,602,12502,342,0.0492,9.88
user_2490,921893,1944,2793,34247,983,0.0382,6.05
user_2491,944187,4972,1620,16122,1854,0.019,6.8
user_2492,407845,1861,327,26972,2296,0.0718,8.06
user_2493,848982,3233,2865,62871,4272,0.0791,11.07
user_2494,550114,3847,2786,34636,1168,0.0651,-0.46
user_2495,101734,1694,2533,6874,791,0.0753,11.21
user_2496,158702,4018,118,3992,246,0.0267,7.57
user_2497,755122,2766,1285,21483,1170,0.03,9.37
user_2498,178235,240,177,4384,459,0.0272,3.57
user_2499,99511,1385,2677,6324,586,0.0694,4.96
user_2500,984939,4853,573,75204,5047,0.0815,1.93
user_2501,274797,3156,670,16536,1709,0.0664,14.65
user_2502,684321,428,2987,49067,2711,0.0757,6.45
user_2503,607229,4532,2294,33220,4096,0.0615,14.93
user_2504,730497,3879,2490,27127,1351,0.039,6.33
user_2505,821094,665,2310,32682,1328,0.0414,1.74
user_2506,99818,2380,2597,1524,185,0.0171,6.63
user_2507,974950,1804,1088,11896,1332,0.0136,-1.33
user_2508,153360,513,1515,8999,393,0.0612,13.38
user_2509,778915,1016,2438,31694,1112,0.0421,11.92
user_2510,620369,4317,1898,30184,3893,0.0549,10.34
user_2511,562165,3208,2719,27566,3334,0.055,8.37
user_2512,374706,3674,2756,11022,689,0.0313,7.86
user_2513,933817,4988,753,40445,4269,0.0479,14.94
user_2514,212957,739,1970,9147,330,0.0445,2.73
user_2515,73715,2672,111,2741,235,0.0404,11.25
user_2516,142398,2262,2239,9604,215,0.069,7.88
user_2517,635379,432,1647,26419,1873,0.0445,14.59
user_2518,520052,2306,1235,27175,807,0.0538,12.07
user_2519,133632,3860,1120,9713,794,0.0786,14.97
user_2520,866580,3553,1324,61212,4579,0.0759,8.0
user_2521,84186,1462,1407,6089,473,0.0779,1.48
user_2522,945249,1633,198,27318,707,0.0296,6.56
user_2523,688250,421,2305,8567,574,0.0133,10.09
user_2524,152094,660,2944,4300,508,0.0316,11.16
user_2525,911061,165,2969,26884,1827,0.0315,-1.99
user_2526,971083,496,299,71525,8080,0.082,6.59
user_2527,595604,1441,1062,33024,2246,0.0592,2.0
user_2528,29380,3374,1638,461,34,0.0168,12.87
user_2529,635486,1390,2807,12377,1154,0.0213,0.6
user_2530,265500,4560,390,5548,796,0.0239,9.33
user_2531,71326,2989,1820,3860,131,0.056,2.52
user_2532,879879,3749,2937,54094,1313,0.063,4.06
user_2533,640282,1123,1723,44931,4449,0.0771,13.99
user_2534,221971,4863,2288,16835,2413,0.0867,2.09
user_2535,807481,3619,2987,19475,2895,0.0277,-0.38
user_2536,469933,3200,323,14889,1234,0.0343,-0.82
user_2537,892793,1655,1368,23947,1936,0.029,6.58
user_2538,803514,4707,1480,28214,2929,0.0388,8.91
user_2539,788093,2344,2505,58339,5380,0.0809,3.56
user_2540,169484,3712,1213,8517,872,0.0554,9.73
user_2541,790352,4532,2442,48743,6513,0.0699,-0.96
user_2542,485410,4847,2448,21507,2516,0.0495,12.57
user_2543,770666,1033,2081,9263,783,0.013,11.88
user_2544,978819,401,2810,14186,1135,0.0157,14.75
user_2545,342705,1774,688,16331,1684,0.0526,13.92
user_2546,796378,2001,519,48033,3806,0.0651,4.06
user_2547,226314,1329,1434,5674,451,0.0271,4.79
user_2548,439716,1957,1592,26617,588,0.0619,10.68
user_2549,760900,4898,2632,50787,2164,0.0696,0.28
user_2550,803741,1074,549,31211,2606,0.0421,3.34
user_2551,580518,595,2026,36136,4587,0.0701,0.02
user_2552,899254,4224,2559,34425,1935,0.0404,5.73
user_2553,492872,2431,1239,28332,2491,0.0625,7.38
user_2554,517998,938,774,32882,2132,0.0676,1.59
user_2555,948531,1155,2367,75346,2533,0.0821,-1.55
user_2556,520984,2599,834,17806,2574,0.0391,10.23
user_2557,466757,2040,2614,18097,2372,0.0439,-1.66
user_2558,375484,4048,746,8107,244,0.0222,14.55
user_2559,509062,3825,750,12362,1403,0.027,1.77
user_2560,584609,2862,847,34221,2230,0.0624,9.29
user_2561,133028,970,2669,9869,1473,0.0853,5.39
user_2562,232447,4695,1351,8745,518,0.0398,-0.99
user_2563,861563,2111,2066,19461,993,0.0237,6.03
user_2564,442124,4537,2835,13244,1242,0.0328,6.78
user_2565,996843,3689,894,41721,5363,0.0472,12.53
user_2566,813395,3215,2198,24682,1111,0.0317,10.45
user_2567,627045,4485,2023,16522,1854,0.0293,-0.65
user_2568,433659,2694,1697,26678,746,0.0632,1.56
user_2569,886691,4902,627,9353,1304,0.012,3.3
user_2570,302207,1095,2093,14429,440,0.0492,-0.02
user_2571,377369,3606,1497,24741,3435,0.0747,5.77
user_2572,379544,2731,654,10868,910,0.031,14.73
user_2573,343962,3249,1229,17965,1405,0.0563,6.75
user_2574,267847,988,503,15219,2230,0.0651,10.61
user_2575,721488,4993,2747,40296,5994,0.0642,9.61
user_2576,597387,491,1094,24618,2573,0.0455,12.45
user_2577,420065,2600,1934,14391,525,0.0355,1.67
user_2578,688220,4275,2072,47153,4045,0.0744,10.82
user_2579,32585,646,608,2055,182,0.0687,12.98
user_2580,416231,1555,2275,13522,1174,0.0353,0.92
user_2581,996043,911,2324,17143,1612,0.0188,3.9
user_2582,568873,2690,1248,8548,191,0.0154,14.49
user_2583,290102,3781,1993,4815,541,0.0185,11.27
user_2584,289161,1601,2078,14689,1654,0.0565,2.8
user_2585,995211,3286,968,13551,474,0.0141,7.59
user_2586,387821,1786,2075,13024,1225,0.0367,4.87
user_2587,963854,1499,2099,60456,5676,0.0686,6.33
user_2588,930705,314,2027,28483,3096,0.0339,4.04
user_2589,816858,2709,2607,51814,1611,0.0654,2.75
user_2590,280922,2771,1761,17468,1772,0.0685,9.47
user_2591,701601,1512,406,19089,1078,0.0287,11.24
user_2592,43229,4302,1271,2637,226,0.0662,12.86
user_2593,87652,1495,2707,5464,658,0.0698,0.64
user_2594,915699,2348,1810,34633,3869,0.042,11.99
user_2595,250474,2975,1518,6194,219,0.0256,2.33
user_2596,704724,1682,226,32761,3173,0.051,5.26
user_2597,913935,2424,1838,68086,9939,0.0854,13.32
user_2598,261116,562,1800,14302,577,0.057,5.73
user_2599,872310,265,2624,19282,2523,0.025,1.35
user_2600,844488,3381,2415,48805,5433,0.0642,0.72
user_2601,945994,2222,812,37749,4553,0.0447,6.04
user_2602,521985,3203,2301,26833,1520,0.0543,10.97
user_2603,20975,1756,1744,1287,73,0.0648,14.95
user_2604,158795,2156,1025,7311,1007,0.0524,11.39
user_2605,417495,1617,2804,27963,1867,0.0714,12.91
user_2606,210373,2258,961,12738,359,0.0623,10.71
user_2607,930065,2381,1185,49344,4839,0.0583,13.22
user_2608,198133,2203,2243,4072,147,0.0213,-0.7
user_2609,875829,1178,1697,60008,7414,0.077,13.81
user_2610,705513,3560,468,53275,5510,0.0833,4.74
user_2611,296286,4373,611,5803,775,0.0222,13.67
user_2612,814348,3703,101,35975,4389,0.0496,-0.71
user_2613,589612,2415,2202,16581,573,0.0291,10.16
user_2614,177037,4947,2923,11120,773,0.0672,10.51
user_2615,389076,2971,1426,23544,2841,0.0678,14.95
user_2616,661008,4617,1500,13128,974,0.0213,11.07
user_2617,691493,1129,2507,49367,7227,0.0818,4.5
user_2618,969181,3561,1099,21969,2540,0.0253,7.47
user_2619,621347,2791,2764,40889,900,0.0673,4.23
user_2620,623605,3070,438,26184,3519,0.0476,1.33
user_2621,726495,278,107,23959,793,0.0341,2.22
user_2622,298190,220,2723,6284,240,0.0219,1.77
user_2623,441280,344,234,9590,1107,0.0242,7.33
user_2624,102459,4334,1778,5771,764,0.0638,13.4
user_2625,762985,475,2619,37027,3322,0.0529,13.52
user_2626,201422,968,1540,3735,215,0.0196,-1.07
user_2627,833325,3303,1737,14907,978,0.0191,-0.64
user_2628,102520,548,2570,1544,99,0.016,2.17
user_2629,913250,2859,2766,56679,3540,0.0659,2.34
user_2630,586560,875,2312,35094,1810,0.0629,-0.39
user_2631,748512,3829,1521,10546,1045,0.0155,4.6
user_2632,517123,1908,328,25452,3488,0.056,7.99
user_2633,330793,2168,250,5268,315,0.0169,7.83
user_2634,327818,195,174,24016,1063,0.0765,7.24
user_2635,145832,4615,1218,10718,1382,0.083,3.76
user_2636,153999,3627,2915,9066,1055,0.0657,10.01
user_2637,349619,242,134,26163,3689,0.0854,12.05
user_2638,62367,3938,1433,4166,172,0.0696,3.89
user_2639,754315,101,330,51291,1987,0.0706,-0.55
user_2640,406804,2460,1012,20291,1834,0.0544,3.04
user_2641,909182,1870,2367,28570,2853,0.0346,0.34
user_2642,758038,3014,1061,19137,1577,0.0273,5.95
user_2643,236806,2571,2851,7791,762,0.0361,0.65
user_2644,905586,1919,31,48896,2124,0.0563,5.87
user_2645,708593,2618,1447,15649,1288,0.0239,1.76
user_2646,45738,1917,2299,1285,135,0.031,10.56
user_2647,558685,2788,2033,23891,1821,0.046,-1.53
user_2648,345333,3319,749,9086,984,0.0292,7.43
user_2649,339511,3249,1321,17384,1367,0.0552,0.88
user_2650,203332,2629,1396,15173,961,0.0793,-1.98
user_2651,383729,4055,2056,23931,1423,0.0661,12.78
user_2652,864051,4985,2370,48948,3593,0.0608,9.42
user_2653,112453,290,560,5711,131,0.052,-0.32
user_2654,20816,3490,2537,919,98,0.0489,9.29
user_2655,960744,4681,2880,22154,2877,0.0261,8.4
user_2656,924780,1457,96,67166,4439,0.0774,6.05
user_2657,770299,3552,43,21104,548,0.0281,5.13
user_2658,866962,4088,1058,14210,2107,0.0188,13.08
user_2659,417715,132,695,26107,1417,0.0659,2.17
user_2660,372000,3818,2592,8293,302,0.0231,4.77
user_2661,214567,1000,2414,7731,526,0.0385,3.59
user_2662,515933,660,191,6180,716,0.0134,11.11
user_2663,596923,4719,1912,11696,680,0.0207,13.58
user_2664,895235,3655,2779,19806,1875,0.0242,12.45
user_2665,217184,4604,508,2999,221,0.0148,11.56
user_2666,299090,3333,1505,16738,591,0.0579,14.78
user_2667,318348,2223,2445,21835,1374,0.0729,9.85
user_2668,183958,3534,2439,6646,759,0.0403,10.77
user_2669,990156,1572,776,70519,7020,0.0783,14.71
user_2670,278707,2651,2544,6949,247,0.0258,-1.88
user_2671,93324,2707,2449,3058,126,0.0341,8.78
user_2672,224536,2209,174,4614,476,0.0227,10.56
user_2673,758232,2499,276,40519,5095,0.0602,13.6
user_2674,272991,3880,1799,10753,703,0.042,13.03
user_2675,27155,171,693,1437,139,0.058,12.31
user_2676,342815,4418,2135,21706,915,0.066,14.08
user_2677,642179,1367,2411,30952,1871,0.0511,7.14
user_2678,870742,4543,692,46962,1062,0.0552,-1.88
user_2679,461494,2568,2458,34827,4174,0.0845,-1.81
user_2680,150381,1280,1492,4651,335,0.0332,7.26
user_2681,132691,1183,278,4662,587,0.0396,5.4
user_2682,477410,1351,326,28758,3223,0.067,5.67
user_2683,444324,4084,1138,23456,2996,0.0595,4.81
user_2684,35707,1960,265,803,45,0.0237,13.6
user_2685,938841,1555,2800,34108,1502,0.0379,4.11
user_2686,519477,3235,1678,22206,3249,0.049,12.56
user_2687,868969,1966,206,34200,3873,0.0438,13.35
user_2688,722864,4965,1817,16249,2086,0.0254,6.49
user_2689,703974,3598,944,52593,1141,0.0763,5.6
user_2690,747788,2807,804,47381,3130,0.0675,10.94
user_2691,354299,2006,1615,15481,1804,0.0488,10.04
user_2692,787713,228,2475,45375,1367,0.0593,3.59
user_2693,159492,946,1380,11612,1088,0.0796,-0.26
user_2694,475112,1601,360,9279,703,0.021,2.5
user_2695,171102,541,582,4709,104,0.0281,0.23
user_2696,395274,110,670,18968,961,0.0504,3.01
user_2697,218285,1127,1213,14391,820,0.0697,2.45
user_2698,339404,2945,88,4255,146,0.013,8.84
user_2699,160476,4210,1603,12658,1292,0.0869,14.23
user_2700,759842,3733,2448,31794,1637,0.044,9.66
user_2701,161928,635,2124,5691,319,0.0371,13.75
user_2702,665560,4010,1320,20293,2775,0.0347,11.33
user_2703,851610,3820,2917,18909,1526,0.024,10.37
user_2704,297141,584,1142,19436,1379,0.0701,5.04
user_2705,944115,3512,935,72582,8281,0.0856,3.52
user_2706,644561,4061,2392,25108,3471,0.0443,12.39
user_2707,697595,3448,480,53484,1243,0.0785,13.39
user_2708,249500,2205,2246,16882,1321,0.073,5.68
user_2709,691417,1054,863,30196,3001,0.048,-1.85
user_2710,133311,2549,593,7622,468,0.0607,11.47
user_2711,760034,376,138,30742,3701,0.0453,2.85
user_2712,246546,4753,2616,12108,1771,0.0563,-1.83
user_2713,197733,2756,665,2780,396,0.0161,11.68
user_2714,652233,51,1498,38311,2090,0.0619,6.8
user_2715,570560,1083,2093,7815,386,0.0144,9.65
user_2716,876825,2531,1533,58919,8512,0.0769,13.55
user_2717,848644,174,2051,57492,4577,0.0731,7.2
user_2718,147470,1154,1051,3922,184,0.0278,6.55
user_2719,645318,2749,988,21073,2358,0.0363,2.94
user_2720,319647,1911,2030,13965,795,0.0462,3.19
user_2721,925142,2970,1559,47891,2621,0.0546,11.54
user_2722,7570,178,2600,227,30,0.0339,5.63
user_2723,331929,487,2216,17085,702,0.0536,0.78
user_2724,534398,4896,1531,16483,467,0.0317,-0.39
user_2725,500115,2598,1068,6943,381,0.0146,6.04
user_2726,80141,3179,674,815,80,0.0112,5.9
user_2727,13115,1271,1974,224,8,0.0177,9.11
user_2728,40062,951,574,2622,213,0.0708,6.01
user_2729,810343,3218,444,62639,6361,0.0851,0.44
user_2730,629349,4536,312,25103,3271,0.0451,6.63
user_2731,295700,3968,1228,13569,676,0.0482,13.42
user_2732,996635,1117,2621,20211,2551,0.0228,0.71
user_2733,391479,76,450,19014,960,0.051,9.73
user_2734,527257,597,2671,10611,1145,0.0223,8.1
user_2735,831185,2718,336,43874,3333,0.0568,10.73
user_2736,398686,616,417,30032,1048,0.078,0.56
user_2737,122863,753,1367,2911,328,0.0264,14.01
user_2738,797657,4330,1608,50666,2447,0.0666,8.56
user_2739,502076,3190,615,5846,251,0.0121,12.4
user_2740,648296,1640,2613,23523,1566,0.0387,2.19
user_2741,501726,4993,2143,8906,934,0.0196,10.57
user_2742,679556,4744,2932,23562,1187,0.0364,11.28
user_2743,631111,855,1963,13977,613,0.0231,4.76
user_2744,801101,3841,935,28944,616,0.0369,4.53
user_2745,955884,1407,2776,37496,3048,0.0424,9.18
user_2746,911830,3275,2553,28304,2143,0.0334,-0.41
user_2747,635965,3668,2814,35590,1793,0.0588,10.51
user_2748,772246,2176,1275,57393,1548,0.0763,-1.27
user_2749,49320,2510,2617,1876,142,0.0409,1.24
user_2750,965918,595,995,22664,2775,0.0263,9.29
user_2751,497758,2778,1095,14410,1628,0.0322,-0.33
user_2752,147649,3784,2986,10302,1358,0.079,14.52
user_2753,126354,2612,1264,6319,134,0.0511,12.76
user_2754,613297,2129,1471,25666,3737,0.0479,8.65
user_2755,782725,2691,1186,16025,1031,0.0218,11.92
user_2756,449625,3164,2048,18650,2774,0.0476,13.09
user_2757,29625,1976,382,873,46,0.031,2.41
user_2758,737400,666,2449,56058,4557,0.0822,12.44
user_2759,287233,3694,2338,20647,1362,0.0766,1.31
user_2760,37487,1253,2365,595,39,0.0169,5.03
user_2761,460054,1809,253,21238,2750,0.0521,7.49
user_2762,229071,2615,2642,5899,690,0.0288,10.14
user_2763,897880,3224,1751,34796,5183,0.0445,-1.49
user_2764,489011,3131,46,34905,3482,0.0785,2.94
user_2765,313282,2680,1514,14701,1179,0.0507,8.34
user_2766,174895,3211,112,5840,185,0.0344,4.08
user_2767,431424,4371,2684,10592,1584,0.0282,11.18
user_2768,317205,719,328,20942,1920,0.0721,9.08
user_2769,949163,3218,71,50985,5662,0.0597,1.98
user_2770,102376,2171,338,4378,319,0.0459,0.48
user_2771,426106,4128,2012,10748,980,0.0275,8.69
user_2772,866566,4201,200,28940,4124,0.0382,5.66
user_2773,834487,769,1612,64413,2681,0.0804,0.87
user_2774,768629,2650,2942,35669,2069,0.0491,3.55
user_2775,282652,3648,666,10754,427,0.0396,3.15
user_2776,960791,4719,1981,44676,5494,0.0522,-0.16
user_2777,473132,716,1303,30530,856,0.0663,7.3
user_2778,159056,333,2264,5377,164,0.0348,10.98
user_2779,635457,3953,2712,14303,841,0.0238,7.78
user_2780,795557,3615,2322,40530,3519,0.0554,12.05
user_2781,561347,2284,2044,31752,2312,0.0607,0.17
user_2782,463785,4643,2799,27776,717,0.0614,5.41
user_2783,628697,1515,355,45102,6516,0.0821,8.36
user_2784,935591,179,1596,33664,4843,0.0412,9.49
user_2785,500653,4784,1545,7647,430,0.0161,9.83
user_2786,530992,2110,1009,40931,4711,0.086,10.39
user_2787,979080,3722,2967,39604,3770,0.0443,9.07
user_2788,729744,2544,1298,39134,1990,0.0564,-0.4
user_2789,743488,1042,533,42112,2277,0.0597,9.82
user_2790,636567,2171,2049,30718,2575,0.0523,10.32
user_2791,990964,2634,261,24147,1798,0.0262,14.89
user_2792,683568,4246,2216,42969,2486,0.0665,9.79
user_2793,643804,2273,1753,42660,5331,0.0745,9.68
user_2794,523828,4572,2824,25514,2107,0.0527,6.75
user_2795,479366,3238,2687,21187,2227,0.0488,12.75
user_2796,722384,3287,2520,12985,579,0.0188,14.95
user_2797,958386,4186,2279,15215,1359,0.0173,11.24
user_2798,420139,4574,687,14187,870,0.0358,8.41
user_2799,520777,393,613,16539,1462,0.0346,-0.66
user_2800,377188,4511,2198,28951,3517,0.0861,10.35
user_2801,233549,4754,2679,15146,1816,0.0726,10.05
user_2802,554453,4873,275,31157,2057,0.0599,11.18
user_2803,592491,2326,1522,27394,3020,0.0513,0.12
user_2804,485965,4970,580,10553,1502,0.0248,9.11
user_2805,791546,3251,2130,62130,6296,0.0864,3.03
user_2806,983469,938,1354,35653,1400,0.0377,10.92
user_2807,37321,2093,426,652,70,0.0193,2.09
user_2808,336441,1391,2869,14993,504,0.0461,9.63
user_2809,884084,3770,1880,62928,8392,0.0807,3.01
user_2810,886736,2933,2082,63942,5573,0.0784,-1.85
user_2811,246014,4262,1730,2648,185,0.0115,8.77
user_2812,157498,2465,278,11346,311,0.074,-0.07
user_2813,18772,1167,742,544,37,0.031,9.21
user_2814,891186,4313,1302,11343,1558,0.0145,13.74
user_2815,791144,3051,633,54862,1246,0.0709,14.48
user_2816,395583,1788,1714,27877,2277,0.0762,2.01
user_2817,239389,1414,1998,12385,1746,0.059,11.76
user_2818,640430,2758,832,32156,2293,0.0538,4.01
user_2819,617024,4840,1806,41290,3124,0.072,13.31
user_2820,52924,974,350,3442,327,0.0712,11.39
user_2821,529014,201,2232,38251,3067,0.0781,-0.74
user_2822,352296,635,1236,17154,719,0.0507,4.92
user_2823,28723,962,1564,2232,50,0.0794,3.73
user_2824,914401,2371,1417,72905,7237,0.0876,11.35
user_2825,759470,545,406,13790,1926,0.0207,4.97
user_2826,887926,3845,1538,61682,2086,0.0718,9.64
user_2827,665468,2198,1837,29937,1419,0.0471,8.24
user_2828,209786,606,1837,7789,530,0.0397,14.59
user_2829,560931,1602,1834,29681,3714,0.0595,13.94
user_2830,687684,2170,2395,9570,526,0.0147,5.27
user_2831,891328,3135,1535,40512,5455,0.0516,10.3
user_2832,215432,3554,1260,15287,414,0.0729,12.1
user_2833,140999,206,339,3516,500,0.0285,13.28
user_2834,881112,784,418,35109,3261,0.0435,-0.84
user_2835,359690,4704,1934,27251,2878,0.0838,3.14
user_2836,940947,3326,124,37637,2551,0.0427,3.44
user_2837,80973,204,715,2840,345,0.0393,5.39
user_2838,850881,1046,349,34747,1447,0.0425,0.88
user_2839,635122,2344,679,29445,776,0.0476,6.44
user_2840,761674,4676,2666,41312,2950,0.0581,9.27
user_2841,995247,2955,840,65734,8609,0.0747,6.46
user_2842,454449,4874,1992,18926,2235,0.0466,9.32
user_2843,288681,1227,2708,19406,1692,0.0731,-0.87
user_2844,495509,203,1813,23467,2214,0.0518,12.89
user_2845,865008,4237,2381,29145,1075,0.0349,13.96
user_2846,632810,1766,481,35473,4586,0.0633,8.5
user_2847,547900,3252,1627,33005,4036,0.0676,12.98
user_2848,226049,2907,2553,11090,1168,0.0542,0.23
user_2849,269615,836,1695,3764,303,0.0151,11.56
user_2850,167703,4418,2477,3671,533,0.0251,0.03
user_2851,765357,4322,2094,22938,3079,0.034,4.94
user_2852,748419,3817,290,22290,2313,0.0329,3.5
user_2853,32348,2928,2753,1848,126,0.061,7.96
user_2854,196804,692,2568,2220,222,0.0124,3.13
user_2855,788609,4712,404,49601,4702,0.0689,8.83
user_2856,136832,715,79,3909,278,0.0306,4.25
user_2857,295923,3476,1150,9381,561,0.0336,12.63
user_2858,284780,3833,239,13371,974,0.0504,8.78
user_2859,607177,3751,1484,15249,1442,0.0275,1.66
user_2860,54551,1119,2838,3922,296,0.0773,3.71
user_2861,405772,2399,1926,6482,351,0.0168,12.41
user_2862,946102,4553,2631,38891,4625,0.046,4.57
user_2863,667923,1262,1615,46393,4133,0.0756,7.11
user_2864,572107,1202,2613,30384,874,0.0546,9.03
user_2865,336914,2561,115,10263,696,0.0325,3.91
user_2866,421182,193,1008,16616,2243,0.0448,3.0
user_2867,213781,2539,1132,12713,1502,0.0665,6.08
user_2868,454105,3278,2895,35478,2200,0.083,1.65
user_2869,683347,4632,1965,49556,7035,0.0828,2.83
user_2870,866146,3255,2298,29423,881,0.035,-0.94
user_2871,714708,4293,987,57086,8275,0.0915,3.17
user_2872,549884,3192,2342,5633,292,0.0108,3.45
user_2873,951678,3354,265,11357,240,0.0122,14.35
user_2874,851538,1407,2178,57622,4402,0.0728,8.03
user_2875,988471,2763,253,23686,1579,0.0256,11.39
user_2876,60182,4235,2484,857,77,0.0155,-1.23
user_2877,350307,1407,2745,9318,1151,0.0299,-0.19
user_2878,302454,4344,1171,12045,1560,0.045,11.85
user_2879,319232,4683,1280,19517,1408,0.0655,8.6
user_2880,654091,3242,822,35126,2665,0.0578,1.25
user_2881,140978,350,2686,3754,147,0.0277,4.88
user_2882,824346,773,2774,37284,976,0.0464,7.16
user_2883,897782,3060,2918,67185,6944,0.0826,12.34
user_2884,570667,117,1437,38263,1085,0.069,-0.97
user_2885,472828,3886,2542,15425,1780,0.0364,8.14
user_2886,771188,4043,674,60737,5471,0.0859,10.19
user_2887,259517,2556,2462,15468,708,0.0623,14.62
user_2888,956154,1587,130,13741,1238,0.0157,11.72
user_2889,441097,447,109,5496,240,0.013,2.7
user_2890,309557,4765,782,6744,519,0.0235,10.06
user_2891,138084,3407,1323,8416,1043,0.0685,10.98
user_2892,706475,1213,1376,16151,1292,0.0247,10.41
user_2893,794583,4875,2199,36395,1431,0.0476,11.94
user_2894,583004,605,1056,9636,1099,0.0184,13.36
user_2895,881179,3711,2524,65614,2905,0.0778,-0.33
user_2896,749013,1801,1484,25524,2961,0.038,-0.22
user_2897,692738,2991,117,50964,4195,0.0796,11.54
user_2898,699012,2707,1163,53223,4203,0.0822,2.29
user_2899,204502,2845,312,2132,278,0.0118,-1.0
user_2900,145539,2379,1859,6183,693,0.0472,4.82
user_2901,425226,2009,1754,4986,121,0.012,11.94
user_2902,522863,1651,1044,38487,2251,0.0779,0.15
user_2903,122999,2843,2639,5693,758,0.0524,9.42
user_2904,115793,1530,2317,1765,39,0.0156,-1.94
user_2905,973195,1152,671,17244,1567,0.0193,-0.13
user_2906,458373,3326,2216,16889,1935,0.0411,3.96
user_2907,371321,1349,2111,28152,2838,0.0835,-0.58
user_2908,13289,3929,1926,777,92,0.0654,12.38
user_2909,701336,1585,1741,49607,5672,0.0788,12.69
user_2910,699956,127,1087,24954,2744,0.0396,10.84
user_2911,941675,2881,2229,12265,1555,0.0147,2.12
user_2912,756801,3460,1836,59183,6151,0.0863,6.9
user_2913,258368,2771,272,2894,209,0.012,1.13
user_2914,87365,3677,151,6669,542,0.0825,2.78
user_2915,755950,1582,1927,27068,3063,0.0399,6.77
user_2916,901446,287,1930,9651,1292,0.0121,10.5
user_2917,176211,2046,2541,10262,568,0.0615,-0.39
user_2918,180785,3477,1699,14216,916,0.0837,3.04
user_2919,948238,327,1152,73577,10374,0.0885,13.75
user_2920,73588,3139,2773,1564,148,0.0233,5.3
user_2921,64646,573,1078,1466,63,0.0237,13.96
user_2922,266798,4325,1945,13229,1405,0.0549,14.85
user_2923,483238,4268,2342,26390,3926,0.0627,6.95
user_2924,806175,3172,206,49788,6325,0.0696,2.9
user_2925,835800,4625,968,18950,2216,0.0253,11.44
user_2926,746385,1847,2310,57569,2708,0.0808,0.71
user_2927,730532,2181,283,39968,5351,0.062,2.28
user_2928,924945,865,2017,64092,5662,0.0754,11.34
user_2929,120735,2744,541,5771,782,0.0543,5.37
user_2930,156683,492,1584,6110,384,0.0414,1.43
user_2931,907323,3190,802,71136,1996,0.0806,9.07
user_2932,633259,192,554,32136,2631,0.0549,10.46
user_2933,537437,4337,229,37986,2092,0.0746,0.13
user_2934,363246,1460,2113,27872,3148,0.0854,2.71
user_2935,322333,4523,1583,18461,2666,0.0655,1.76
user_2936,764264,584,45,37010,4064,0.0537,4.46
user_2937,940179,1766,194,9632,1303,0.0116,10.98
user_2938,858463,3414,1559,10989,866,0.0138,10.13
user_2939,567956,1082,1354,13664,1643,0.027,9.26
user_2940,407889,3392,341,9389,1216,0.026,-1.89
user_2941,995170,1460,1622,27698,3113,0.031,0.42
user_2942,613492,4550,1178,19230,1653,0.034,1.8
user_2943,212830,1222,74,7492,759,0.0388,2.62
user_2944,197501,938,1586,7788,864,0.0438,0.49
user_2945,417885,3388,1629,7070,374,0.0178,4.98
user_2946,166140,4567,1892,2154,269,0.0146,-0.72
user_2947,745149,1691,2735,42604,6115,0.0654,10.75
user_2948,141507,521,2214,6737,542,0.0514,11.39
user_2949,226160,2990,1528,9292,1032,0.0456,7.76
user_2950,184321,596,2666,10029,1161,0.0607,-0.48
user_2951,562672,4776,2087,38226,4055,0.0751,13.13
user_2952,522998,3647,352,20887,1903,0.0436,14.42
user_2953,607217,2875,1598,33323,4485,0.0623,1.44
user_2954,915391,3773,926,70256,5505,0.0828,9.98
user_2955,601441,413,930,41363,1155,0.0707,12.31
user_2956,760416,2216,420,30279,3929,0.045,7.18
user_2957,76388,3359,969,4211,453,0.0611,3.5
user_2958,556689,595,1349,12467,1625,0.0253,6.14
user_2959,519727,3290,2095,25589,972,0.0511,6.71
user_2960,728191,4779,2534,57303,1375,0.0806,4.81
user_2961,644791,1986,1930,29842,4221,0.0528,13.81
user_2962,233601,1012,120,17504,686,0.0779,10.65
user_2963,128834,3055,570,4961,621,0.0433,2.1
user_2964,35084,3856,2869,2803,356,0.09,7.95
user_2965,252459,932,2420,12760,1430,0.0562,9.71
user_2966,635929,3890,1725,8240,305,0.0134,0.38
user_2967,106111,920,2363,5419,578,0.0565,4.09
user_2968,450042,4661,372,13150,1782,0.0332,13.39
user_2969,430667,3035,2975,5285,398,0.0132,7.64
user_2970,663587,915,1038,44765,3301,0.0724,1.69
user_2971,163982,4359,1199,4804,372,0.0316,0.09
user_2972,299185,3253,1117,19673,603,0.0678,6.81
user_2973,876352,2947,2522,26444,3595,0.0343,7.31
user_2974,328825,2294,2779,7761,1032,0.0267,3.69
user_2975,235386,68,999,18401,2755,0.0899,8.72
user_2976,344715,691,1375,12173,1169,0.0387,-0.83
user_2977,197553,3133,758,10291,1210,0.0582,0.47
user_2978,462792,379,996,24388,1130,0.0551,7.29
user_2979,502174,915,1391,24723,2639,0.0545,-0.95
user_2980,785625,823,2300,58158,6075,0.0818,12.98
user_2981,652844,4537,1821,37349,5122,0.0651,0.42
user_2982,196246,4782,2169,7508,961,0.0432,9.46
user_2983,551448,2404,972,38803,5510,0.0804,4.65
user_2984,247242,3388,500,5606,745,0.0257,4.8
user_2985,512083,3568,1257,24629,3273,0.0545,11.0
user_2986,18633,2992,127,1426,40,0.0787,6.49
user_2987,804446,2617,992,43261,5622,0.0608,10.34
user_2988,867964,1724,1646,58316,5771,0.0738,6.59
user_2989,50104,2733,723,2793,193,0.0596,8.08
user_2990,960125,3430,2402,66014,1805,0.0706,10.93
user_2991,864663,789,2153,65813,7114,0.0843,8.32
user_2992,69388,1595,2801,2019,126,0.0309,8.47
user_2993,541302,4614,894,11841,956,0.0236,11.42
user_2994,93578,2309,1467,4106,446,0.0486,14.13
user_2995,690115,1185,2431,40806,5652,0.0673,4.4
user_2996,565678,923,2127,14652,1865,0.0292,7.81
user_2997,286855,4605,1293,2950,231,0.0111,-0.53
user_2998,92658,2350,579,3150,221,0.0364,4.1
user_2999,58993,801,136,4590,234,0.0818,5.0
user_3000,206768,903,893,12126,829,0.0627,12.2
user_3001,159285,3782,2982,6067,208,0.0394,6.73
user_3002,772148,2333,987,18130,2651,0.0269,10.43
user_3003,452000,1379,1588,15786,1493,0.0382,-1.68
user_3004,794853,527,63,17398,637,0.0227,5.9
user_3005,743296,2776,528,12964,853,0.0186,13.32
user_3006,543015,3141,2031,39896,3635,0.0802,1.81
user_3007,899850,4280,1208,71839,6413,0.087,-1.46
user_3008,529646,4555,1335,11381,280,0.022,5.37
user_3009,328252,1319,868,4535,651,0.0158,9.98
user_3010,258681,4231,1899,8557,477,0.0349,5.73
user_3011,95018,2653,936,4020,88,0.0432,5.82
user_3012,387601,1519,2965,9433,282,0.0251,9.39
user_3013,950621,427,818,29564,2821,0.0341,2.32
user_3014,295054,1730,895,7099,269,0.025,10.78
user_3015,652176,291,1780,41868,1064,0.0658,0.6
user_3016,230104,969,2353,13778,955,0.064,4.73
user_3017,843186,119,2751,45908,4634,0.0599,9.15
user_3018,194510,3974,838,7217,249,0.0384,12.08
user_3019,110847,2136,2188,8161,495,0.0781,11.46
user_3020,947875,2057,964,73808,5484,0.0837,10.27
user_3021,445717,850,926,9874,402,0.0231,4.1
user_3022,455162,2829,32,11657,1000,0.0278,0.08
user_3023,825899,4970,622,38647,1201,0.0482,1.69
user_3024,936129,805,219,15340,399,0.0168,12.7
user_3025,297037,2045,2653,12045,1054,0.0441,12.57
user_3026,77329,1371,1811,3922,204,0.0534,14.18
user_3027,32007,2380,467,1489,48,0.048,-0.71
user_3028,695892,159,1831,23078,1733,0.0357,7.13
user_3029,317397,1066,860,15225,2115,0.0546,9.03
user_3030,13323,3915,609,1027,117,0.0859,10.08
user_3031,898767,74,1173,21948,2766,0.0275,8.95
user_3032,113356,4988,2956,6329,843,0.0633,11.09
user_3033,636232,2888,2110,8295,1214,0.0149,4.11
user_3034,205451,787,539,3009,358,0.0164,1.05
user_3035,932714,229,1056,45355,4494,0.0534,1.48
user_3036,279600,281,744,4849,327,0.0185,-1.8
user_3037,556655,1967,2690,6437,280,0.0121,3.96
user_3038,55624,392,1007,1224,133,0.0244,-0.44
user_3039,404322,4622,822,20029,2991,0.0569,3.47
user_3040,235565,2673,2602,13953,1126,0.064,8.68
user_3041,69008,504,2369,1668,190,0.0269,13.21
user_3042,913358,4434,546,51858,4374,0.0616,12.27
user_3043,378539,4675,1685,8620,656,0.0245,2.3
user_3044,117492,2326,1158,6220,456,0.0568,0.28
user_3045,73240,645,479,2844,243,0.0421,1.28
user_3046,327459,3924,2899,18261,1236,0.0595,14.51
user_3047,987753,4580,2572,78678,9232,0.089,7.34
user_3048,726947,4547,951,54991,7349,0.0858,1.1
user_3049,273900,2719,2006,2821,380,0.0117,12.29
user_3050,462227,2185,344,33271,1650,0.0755,4.72
user_3051,299522,4014,598,4389,598,0.0166,13.29
user_3052,136327,1615,2828,10458,673,0.0816,2.43
user_3053,932988,358,2918,27735,1669,0.0315,4.68
user_3054,650991,392,1557,23918,2738,0.0409,6.58
user_3055,843981,485,2569,13853,825,0.0174,13.17
user_3056,166575,226,2020,2974,79,0.0183,12.77
user_3057,861226,188,2401,52424,3594,0.065,7.76
user_3058,500499,243,2351,38089,4334,0.0848,1.77
user_3059,494948,3307,494,26109,1631,0.056,4.86
user_3060,308257,3285,1097,18529,1887,0.0662,14.59
user_3061,599357,992,1501,37962,4016,0.07,8.33
user_3062,230189,4670,1622,6536,754,0.0317,11.28
user_3063,399465,3929,1463,5259,718,0.015,5.65
user_3064,252051,3163,651,2553,194,0.0109,7.04
user_3065,937705,3012,722,32393,1348,0.036,5.29
user_3066,650829,4886,2476,17508,1076,0.0286,9.95
user_3067,714936,1003,1001,10268,782,0.0155,12.48
user_3068,512778,1352,1347,11571,1305,0.0251,6.63
user_3069,781641,3431,1978,14628,317,0.0191,6.17
user_3070,272830,2930,578,20200,1233,0.0786,3.78
user_3071,506629,2237,241,10040,1218,0.0222,1.01
user_3072,316507,4937,1576,15076,1616,0.0527,13.97
user_3073,360687,595,2225,18581,2139,0.0574,3.37
user_3074,657021,1977,367,31566,3962,0.0541,11.61
user_3075,176915,4202,1202,2995,364,0.019,10.16
user_3076,620961,54,908,20066,2180,0.0358,11.45
user_3077,455179,3531,941,6185,477,0.0146,13.93
user_3078,43828,3303,1278,1652,244,0.0433,8.6
user_3079,836036,1412,2729,19397,1822,0.0254,13.27
user_3080,273670,1870,424,13495,625,0.0516,0.85
user_3081,856342,2713,1300,50093,2908,0.0619,8.65
user_3082,26592,2988,696,1256,138,0.0524,11.13
user_3083,292126,1323,608,11800,1654,0.0461,2.62
user_3084,787639,3376,1640,29231,1263,0.0387,10.59
user_3085,233041,3709,2625,16060,493,0.071,11.23
user_3086,351877,2995,2972,8922,1200,0.0288,12.13
user_3087,755296,3068,2546,46371,6444,0.0699,3.32
user_3088,125982,1181,2554,7939,444,0.0665,9.59
user_3089,257911,4813,1614,10147,700,0.0421,3.17
user_3090,69619,2686,585,2145,226,0.0341,10.56
user_3091,685688,3079,2591,29442,1851,0.0456,5.87
user_3092,309623,3069,723,5116,685,0.0187,8.16
user_3093,502643,4427,2888,6642,225,0.0137,5.07
user_3094,152175,3209,877,2710,67,0.0182,0.75
user_3095,171963,303,1304,3972,187,0.0242,1.03
user_3096,142826,378,604,6468,369,0.0479,-0.68
user_3097,756343,2641,2753,52520,1821,0.0718,8.51
user_3098,868869,2880,251,23020,656,0.0272,12.43
user_3099,99540,3094,2337,7511,888,0.0844,-1.65
user_3100,860414,1470,2941,66117,2734,0.08,-0.87
user_3101,628035,3451,1265,48436,6723,0.0878,5.78
user_3102,187994,2942,71,12901,875,0.0733,10.54
user_3103,311375,704,2183,11043,1183,0.0393,0.68
user_3104,30301,809,557,457,22,0.0158,2.62
user_3105,223724,1848,560,11145,571,0.0524,1.94
user_3106,515003,3021,1062,25290,2395,0.0538,4.78
user_3107,194783,4561,834,13537,1257,0.076,1.82
user_3108,697683,3476,1435,55618,6670,0.0893,3.99
user_3109,19752,304,2858,900,106,0.0509,10.39
user_3110,738565,3873,1672,25232,2704,0.0378,8.39
user_3111,885884,1926,2685,20386,1597,0.0248,-0.62
user_3112,669755,2807,438,6922,939,0.0117,8.84
user_3113,218029,2674,2376,9950,1004,0.0502,6.11
user_3114,908669,4171,883,44421,6606,0.0562,13.89
user_3115,57273,3054,205,3879,490,0.0763,2.92
user_3116,259503,4566,280,11760,302,0.0465,10.34
user_3117,617166,3784,1571,45764,2822,0.0787,10.42
user_3118,792327,1294,1316,42758,4033,0.0591,1.77
user_3119,120968,1058,2227,8325,947,0.0766,13.35
user_3120,378844,4364,2937,7721,706,0.0222,6.35
user_3121,601847,1560,781,42053,5138,0.0784,9.54
user_3122,11699,2009,243,669,37,0.0603,0.48
user_3123,197133,2558,1299,4320,189,0.0229,2.38
user_3124,535003,4808,199,12456,336,0.0239,7.96
user_3125,20169,2732,2087,1509,142,0.0819,3.42
user_3126,519652,1039,1667,6368,697,0.0136,6.49
user_3127,119413,4334,651,5060,315,0.045,4.36
user_3128,934667,304,1556,29856,2978,0.0351,8.89
user_3129,644552,4213,2125,36452,976,0.0581,6.28
user_3130,268926,4761,2790,18495,608,0.071,-1.92
user_3131,744537,4502,1983,26227,2917,0.0391,9.04
user_3132,523988,305,634,20898,1417,0.0426,5.18
user_3133,125481,1057,581,9879,1059,0.0872,3.81
user_3134,216400,1805,2441,14038,1798,0.0732,-0.4
user_3135,560873,2621,641,40833,5342,0.0823,1.75
user_3136,818114,3958,2155,33308,1411,0.0424,1.8
user_3137,179936,3047,1033,4747,395,0.0286,13.9
user_3138,393136,2853,2081,15265,1761,0.0433,5.35
user_3139,871848,3815,2200,52421,6322,0.0674,-1.28
user_3140,449330,4429,1980,7935,968,0.0198,0.36
user_3141,390954,3433,1077,11311,561,0.0304,-0.66
user_3142,39067,148,2959,518,23,0.0138,8.01
user_3143,699045,246,611,28146,2721,0.0442,1.17
user_3144,778622,2579,602,52884,6152,0.0758,6.48
user_3145,19073,927,1633,223,13,0.0124,4.29
user_3146,37035,1918,1121,2121,71,0.0592,11.67
user_3147,197049,2715,308,14832,1678,0.0838,3.45
user_3148,234782,1438,1588,6241,367,0.0281,5.79
user_3149,615661,2465,2946,36049,1500,0.061,10.26
user_3150,870794,619,1463,68145,2671,0.0813,5.37
user_3151,615805,2687,26,47638,2902,0.0821,11.48
user_3152,590738,1115,1203,15622,1516,0.029,9.25
user_3153,535670,471,259,9118,607,0.0182,4.98
user_3154,922941,2933,2006,18809,426,0.0208,6.57
user_3155,727331,1254,1466,43016,1402,0.0611,14.44
user_3156,458828,594,2603,27898,1611,0.0643,9.25
user_3157,746715,4216,1769,42709,4516,0.0632,13.38
user_3158,62929,3689,2137,2109,69,0.0346,1.04
user_3159,758771,1273,1923,16605,1542,0.0239,6.22
user_3160,753878,3222,2283,38186,1358,0.0525,13.45
user_3161,886296,817,1097,38870,1846,0.0459,3.48
user_3162,668689,3707,2873,40802,1729,0.0636,14.45
user_3163,781965,704,2397,31978,919,0.0421,-0.35
user_3164,288313,2496,867,9717,1042,0.0373,13.35
user_3165,88468,270,1331,2702,216,0.033,5.57
user_3166,35594,3716,2112,882,112,0.0279,-0.75
user_3167,995461,4327,2896,28472,935,0.0295,12.95
user_3168,192703,4452,2265,3206,124,0.0173,2.28
user_3169,46033,2619,1259,1578,94,0.0363,-1.62
user_3170,588421,1063,1524,7390,883,0.0141,0.31
user_3171,991669,2101,1352,22856,1365,0.0244,9.2
user_3172,74861,4035,2963,4661,340,0.0668,14.62
user_3173,708650,4993,2399,23231,1375,0.0347,-0.11
user_3174,294894,4949,715,16743,509,0.0585,5.85
user_3175,565749,4360,46,34047,4838,0.0687,1.07
user_3176,468016,3069,2385,23720,2165,0.0553,10.67
user_3177,79222,3731,2432,6108,747,0.0865,0.01
user_3178,637308,1493,979,7329,773,0.0127,2.08
user_3179,811658,4246,1546,50083,4349,0.0671,1.34
user_3180,794153,3060,1888,61241,1938,0.0796,7.39
user_3181,974658,622,392,68575,7101,0.0776,12.84
user_3182,545897,1382,1969,11874,477,0.0226,6.69
user_3183,970634,4803,264,31911,2357,0.0353,-1.01
user_3184,655801,4052,1860,14474,1473,0.0243,7.58
user_3185,204981,3184,1696,10677,1299,0.0584,11.56
user_3186,105211,4136,2545,6297,686,0.0664,0.25
user_3187,187321,275,144,6030,647,0.0356,-0.76
user_3188,443111,4250,556,21165,833,0.0496,1.19
user_3189,488689,2047,2773,28522,1853,0.0622,10.68
user_3190,924160,821,1939,36498,933,0.0405,8.06
user_3191,912297,4574,1655,63661,7227,0.0777,7.19
user_3192,861952,483,1445,55172,7935,0.0732,2.24
user_3193,457956,3149,1560,6652,361,0.0153,3.65
user_3194,851741,2779,550,45550,1430,0.0552,14.42
user_3195,30984,3457,2853,820,67,0.0286,2.09
user_3196,644235,3190,273,31584,4149,0.0555,13.33
user_3197,730182,915,2188,56211,5157,0.084,7.87
user_3198,6901,2843,680,493,12,0.0732,0.1
user_3199,163624,2961,1821,6269,919,0.0439,5.94
user_3200,223317,2465,1080,6790,867,0.0343,14.13
user_3201,294199,300,1385,7769,288,0.0274,5.12
user_3202,694045,3807,1056,32811,4588,0.0539,12.68
user_3203,992469,4706,1226,17861,1403,0.0194,2.36
user_3204,146788,968,2155,7111,486,0.0518,7.71
user_3205,639387,1223,2113,6453,515,0.0109,12.35
user_3206,536426,3253,1162,17524,2251,0.0369,13.65
user_3207,691658,482,1574,17564,1857,0.0281,6.26
user_3208,969616,885,1775,75615,2094,0.0801,8.87
user_3209,24429,2296,1985,1487,214,0.0696,-1.95
user_3210,575488,2312,764,19840,777,0.0358,2.3
user_3211,203380,947,1649,3355,392,0.0184,2.74
user_3212,442460,3682,986,20431,2098,0.0509,-0.41
user_3213,773577,4617,782,19294,856,0.026,2.75
user_3214,246127,3865,2829,11703,493,0.0496,3.46
user_3215,888700,296,813,60854,8102,0.0776,14.47
user_3216,761801,2479,763,40455,3016,0.0571,9.37
user_3217,18347,1040,1089,997,104,0.06,5.24
user_3218,673280,3360,1551,32231,2756,0.052,14.8
user_3219,557110,976,577,41732,4780,0.0835,0.6
user_3220,965163,3488,2014,72612,5976,0.0814,6.09
user_3221,565396,2657,545,25946,1488,0.0485,9.0
user_3222,916387,1124,2664,28777,1934,0.0335,-1.06
user_3223,483315,4072,859,20381,2683,0.0477,10.19
user_3224,8967,3849,22,206,16,0.0248,-0.3
user_3225,898151,4834,1071,48988,2339,0.0571,0.38
user_3226,537159,3201,1424,24175,3420,0.0514,0.71
user_3227,226371,3488,176,3900,481,0.0194,13.79
user_3228,209524,4623,2922,4994,136,0.0245,9.62
user_3229,730630,3541,1957,31836,4771,0.0501,9.14
user_3230,165685,756,1974,11951,1318,0.0801,7.44
user_3231,553467,3114,530,27478,1122,0.0517,2.98
user_3232,252537,803,706,14573,740,0.0606,8.56
user_3233,708548,637,1157,23900,2629,0.0374,4.97
user_3234,842531,1384,1432,42125,5112,0.0561,0.47
user_3235,560550,1897,1530,23160,1182,0.0434,9.72
user_3236,865645,3984,590,48596,2595,0.0591,0.2
user_3237,380551,3976,734,5152,308,0.0143,1.24
user_3238,936772,3367,1358,41715,4077,0.0489,11.9
user_3239,472082,4070,2306,14502,613,0.032,9.22
user_3240,873701,3205,2370,28686,962,0.0339,8.73
user_3241,61545,4352,2674,4755,514,0.0856,5.11
user_3242,235555,2248,1010,5367,650,0.0255,4.74
user_3243,224894,214,353,7148,608,0.0345,9.73
user_3244,728506,2048,2180,33287,2240,0.0488,10.58
user_3245,990470,3107,1664,69740,5311,0.0758,6.67
user_3246,303066,2134,381,11870,836,0.0419,14.48
user_3247,997868,4478,1900,61938,8968,0.0711,14.25
user_3248,568201,452,2868,39743,4763,0.0783,5.01
user_3249,360177,463,2164,11418,537,0.0332,11.95
user_3250,367936,94,2001,13794,964,0.0401,7.24
user_3251,251497,4207,2083,8792,797,0.0381,6.7
user_3252,974181,2517,2623,66536,6632,0.0751,-1.07
user_3253,444057,917,1997,5819,470,0.0142,7.76
user_3254,702692,68,395,22197,2781,0.0355,13.31
user_3255,486278,414,761,27989,3352,0.0645,11.26
user_3256,907295,3882,409,44984,3853,0.0538,11.37
user_3257,157104,629,2687,6369,834,0.0458,0.72
user_3258,694206,595,1260,33180,3903,0.0534,4.09
user_3259,715834,4200,843,17058,2067,0.0267,1.96
user_3260,45936,4923,2387,1844,266,0.0459,3.37
user_3261,686154,3089,2263,30958,1691,0.0476,7.85
user_3262,717948,4187,437,52469,2875,0.0771,4.2
user_3263,203056,4094,626,5738,777,0.0321,7.53
user_3264,968835,4376,587,68543,8251,0.0793,5.45
user_3265,226469,502,563,12477,1752,0.0628,2.87
user_3266,29141,4011,2298,332,9,0.0117,-0.38
user_3267,927578,1431,903,56326,5723,0.0669,13.16
user_3268,138478,1517,2588,1729,67,0.013,-1.81
user_3269,98359,2788,722,7850,671,0.0866,-1.97
user_3270,910711,1266,1243,64737,2605,0.0739,12.06
user_3271,155363,930,2913,4787,175,0.0319,14.95
user_3272,566856,3864,2740,15882,342,0.0286,10.36
user_3273,622827,3199,1642,22858,2329,0.0404,-1.74
user_3274,572139,134,2088,19985,1332,0.0373,1.85
user_3275,494158,4194,2655,17821,600,0.0373,14.52
user_3276,580111,1218,2965,18725,1160,0.0343,11.75
user_3277,24312,4214,1806,1300,54,0.0557,7.64
user_3278,961612,3179,1639,20673,2944,0.0246,2.03
user_3279,985422,3695,1477,68209,4201,0.0735,-1.76
user_3280,428387,2576,2438,28645,1816,0.0711,-1.65
user_3281,435995,2917,1603,18902,2441,0.049,8.4
user_3282,725188,3566,1934,50539,5266,0.077,-1.63
user_3283,501531,3417,97,13691,1537,0.0304,14.89
user_3284,886155,2244,1328,9951,1021,0.0124,1.12
user_3285,799843,3605,667,42667,6101,0.061,10.08
user_3286,497037,495,2207,20902,980,0.044,0.64
user_3287,250062,3676,572,12428,1846,0.0571,7.18
user_3288,844441,4066,1017,61605,7886,0.0823,-0.63
user_3289,409638,3925,301,31908,3081,0.0854,11.04
user_3290,436684,3387,1301,23760,2521,0.0602,7.94
user_3291,557659,311,1866,35402,3694,0.0701,-0.54
user_3292,58022,1898,1403,920,25,0.0163,12.43
user_3293,334373,4075,2507,7105,343,0.0223,7.3
user_3294,100071,2316,2337,6136,889,0.0702,13.67
user_3295,183268,141,1177,7366,659,0.0438,13.58
user_3296,998858,4272,2813,41170,2848,0.0441,13.65
user_3297,359918,4225,123,11374,1354,0.0354,-0.68
user_3298,490626,3359,785,25765,2272,0.0571,0.06
user_3299,289859,1032,2162,6655,144,0.0235,14.79
user_3300,815037,3493,2796,43917,5081,0.0601,6.29
user_3301,625141,2583,1616,13856,1596,0.0247,2.05
user_3302,556462,743,499,8050,333,0.0151,11.08
user_3303,928460,4170,2847,30755,4439,0.0379,2.49
user_3304,498660,205,2080,13054,641,0.0275,10.36
user_3305,77373,3638,1983,5588,444,0.078,12.23
user_3306,856684,1862,2668,11862,414,0.0143,11.33
user_3307,194021,4164,2162,4338,426,0.0246,2.66
user_3308,194718,1457,2360,9426,648,0.0517,4.83
user_3309,595305,1266,2092,25999,1713,0.0466,5.03
user_3310,64037,1460,1315,845,107,0.0149,6.35
user_3311,615106,3547,1548,6463,137,0.0107,0.85
user_3312,531836,4422,1209,42102,5209,0.089,5.69
user_3313,642269,4890,958,36043,3398,0.0614,6.68
user_3314,235213,601,781,8368,1240,0.0408,7.04
user_3315,205366,3444,673,8816,851,0.0471,11.94
user_3316,503420,1226,1689,14427,392,0.0294,6.79
user_3317,155249,4784,2705,5300,140,0.035,1.92
user_3318,287166,4382,2558,15918,2145,0.0629,9.27
user_3319,631585,1047,1951,45345,5865,0.0811,11.55
user_3320,661902,4126,1146,15150,984,0.0244,3.43
user_3321,223084,2781,1945,15353,1540,0.0757,8.97
user_3322,490536,3987,594,9079,759,0.0201,0.5
user_3323,61428,4102,2361,1538,224,0.0287,3.81
user_3324,679100,422,2963,8558,1228,0.0144,13.46
user_3325,322497,2298,1349,6403,946,0.0228,13.49
user_3326,638420,898,1297,47377,6284,0.0841,7.78
user_3327,188604,2606,1223,7951,1099,0.048,9.94
user_3328,541340,2372,59,8356,403,0.0162,12.52
user_3329,101689,553,2843,7848,1004,0.087,14.3
user_3330,703436,3239,539,50316,5643,0.0796,6.33
user_3331,447636,752,1659,28123,4082,0.0719,7.55
user_3332,657031,3675,2613,49502,4666,0.0824,5.07
user_3333,263307,364,2303,6690,207,0.0262,-0.78
user_3334,304568,2426,482,20876,2038,0.0752,5.19
user_3335,503754,1090,1271,29368,3208,0.0647,11.44
user_3336,972248,4428,1868,68915,3352,0.0743,11.68
user_3337,464547,3040,502,30559,2176,0.0705,13.17
user_3338,404850,307,2497,13867,1356,0.0376,-1.13
user_3339,136870,624,362,8788,603,0.0686,6.96
user_3340,285564,4719,1216,8102,556,0.0303,-0.17
user_3341,511259,1602,1482,16872,629,0.0342,1.41
user_3342,645863,4568,1222,11337,1613,0.0201,13.3
user_3343,783518,807,1641,59120,6950,0.0843,6.45
user_3344,292444,2860,2200,8881,179,0.031,10.9
user_3345,877313,1154,2418,40745,4870,0.052,-0.91
user_3346,11749,4574,2573,439,51,0.0417,5.09
user_3347,629419,3509,2151,48587,1033,0.0788,9.46
user_3348,681481,4042,1012,22797,1551,0.0357,0.27
user_3349,915995,253,2897,59080,5841,0.0709,3.54
user_3350,300631,2825,2928,21007,1656,0.0754,-0.9
user_3351,226019,2382,2410,9152,1108,0.0454,9.07
user_3352,427577,2042,2933,15594,1174,0.0392,14.51
user_3353,808655,2293,1209,50413,2016,0.0648,12.06
user_3354,598218,356,2360,44209,6495,0.0848,14.57
user_3355,670416,1737,1623,42132,2168,0.0661,12.38
user_3356,291524,4159,1213,7550,855,0.0288,12.54
user_3357,813467,1910,617,58717,2267,0.075,7.81
user_3358,818052,2011,664,30374,1906,0.0395,6.81
user_3359,938381,772,467,47234,3658,0.0542,4.91
user_3360,257553,829,2757,17565,790,0.0713,11.91
user_3361,449532,578,2922,10423,818,0.025,1.1
user_3362,720401,4943,2569,46765,1890,0.0675,-1.04
user_3363,380504,393,783,19684,1824,0.0565,14.11
user_3364,54352,3836,754,3942,418,0.0802,-1.94
user_3365,425127,3732,1662,9368,263,0.0227,14.61
user_3366,164856,258,2317,6503,866,0.0447,10.39
user_3367,4191,4786,620,286,12,0.0711,3.58
user_3368,951664,3456,2192,10797,532,0.0119,9.86
user_3369,877968,1361,2180,15675,1661,0.0197,11.9
user_3370,629864,2349,1000,49973,4044,0.0858,2.17
user_3371,196713,3386,1802,5828,494,0.0321,11.11
user_3372,443939,1997,2217,34755,1274,0.0812,11.67
user_3373,4631,969,2942,105,13,0.0255,2.24
user_3374,138244,2094,2410,4876,488,0.0388,-1.29
user_3375,305224,468,599,19137,719,0.0651,1.47
user_3376,221169,1799,802,12395,850,0.0599,1.41
user_3377,615641,2892,2388,31199,3910,0.057,-0.89
user_3378,414497,1149,2889,19519,1832,0.0515,10.34
user_3379,553959,3442,551,38245,1305,0.0714,4.46
user_3380,648099,2822,1532,17139,1173,0.0283,13.03
user_3381,707791,2530,2559,29000,1494,0.0431,2.29
user_3382,222972,1595,631,4656,406,0.0227,5.7
user_3383,778499,1120,2319,40260,5219,0.0584,8.86
user_3384,390878,1900,2025,10764,825,0.0296,12.92
user_3385,749321,4248,1120,25004,1908,0.0359,6.92
user_3386,509679,2989,1690,21909,3016,0.0489,4.35
user_3387,422818,1953,1435,5020,476,0.013,12.74
user_3388,745149,728,1455,12247,1146,0.018,3.27
user_3389,838831,1038,2240,48664,2630,0.0611,-0.65
user_3390,679832,2525,894,27212,2694,0.044,5.57
user_3391,705590,1657,2268,49769,4721,0.0772,11.35
user_3392,992120,2919,236,58165,4164,0.0628,-1.48
user_3393,8099,1552,395,85,12,0.012,7.96
user_3394,774974,1839,1629,41205,5548,0.0603,8.11
user_3395,419647,1475,30,6949,816,0.0185,13.79
user_3396,581780,2490,2959,37620,3380,0.0705,2.87
user_3397,97722,2092,1633,7759,621,0.0858,2.74
user_3398,966188,1328,2502,45588,2007,0.0493,5.49
user_3399,555399,2644,837,32099,1917,0.0612,4.07
user_3400,64936,4739,1316,1728,208,0.0298,10.52
user_3401,678974,2486,2998,27587,2179,0.0438,8.91
user_3402,224332,3853,710,15686,2112,0.0793,10.9
user_3403,960495,2255,1619,20861,818,0.0226,11.94
user_3404,726836,1077,1552,20778,1788,0.031,13.69
user_3405,774319,3589,1175,31886,3319,0.0455,5.33
user_3406,324064,3533,2922,19397,1691,0.0651,14.74
user_3407,488510,2291,1967,17738,2405,0.0412,1.67
user_3408,64530,2815,803,4835,718,0.0861,10.14
user_3409,430440,1223,2386,7150,250,0.0172,7.08
user_3410,270932,3280,2911,9741,359,0.0373,11.89
user_3411,553370,3400,1992,32995,1218,0.0618,6.11
user_3412,910719,4961,1896,23513,2552,0.0286,11.33
user_3413,614858,453,2688,34400,2354,0.0598,13.81
user_3414,626303,2775,804,13462,1552,0.024,10.45
user_3415,733176,3432,416,10204,741,0.0149,11.19
user_3416,871020,4213,1101,16088,1634,0.0203,-0.86
user_3417,148603,137,1523,11159,1339,0.0841,1.48
user_3418,875772,1208,2053,42582,3886,0.0531,14.56
user_3419,619727,4323,1634,40743,3672,0.0717,9.78
user_3420,963361,2907,479,32066,1009,0.0343,7.54
user_3421,142214,1431,2128,7322,537,0.0553,4.24
user_3422,640341,4731,2436,28589,2600,0.0487,-1.25
user_3423,573643,2114,2786,43712,3499,0.0823,4.28
user_3424,404082,2424,565,25186,3453,0.0709,6.48
user_3425,202139,367,2563,12358,1703,0.0696,1.59
user_3426,759994,1552,516,10065,1276,0.0149,0.94
user_3427,650714,2092,524,31544,2169,0.0518,6.64
user_3428,589315,4648,1112,25157,2849,0.0475,7.96
user_3429,452122,2072,2228,33886,2419,0.0803,2.08
user_3430,160210,168,1657,4488,225,0.0294,7.99
user_3431,93601,759,737,2703,174,0.0307,13.31
user_3432,30956,3607,1612,1200,35,0.0399,6.04
user_3433,239340,4190,1428,6470,408,0.0287,12.58
user_3434,630085,4459,288,11998,958,0.0206,13.76
user_3435,912349,3300,1966,63881,9212,0.0801,-0.43
user_3436,913735,467,1497,44845,2724,0.0521,-0.37
user_3437,470511,2653,2766,33074,4541,0.0799,6.09
user_3438,661799,3904,1561,45121,2244,0.0716,8.0
user_3439,965745,1151,884,28724,1287,0.0311,5.24
user_3440,829965,4471,2417,40121,3509,0.0526,3.55
user_3441,422486,3478,129,6685,718,0.0175,8.9
user_3442,604103,2311,2474,44744,1152,0.076,-1.96
user_3443,40279,4219,669,1542,75,0.0401,14.46
user_3444,372931,3684,2118,14006,1109,0.0405,1.95
user_3445,942392,558,1519,29395,1852,0.0332,13.59
user_3446,149702,2429,1130,6324,712,0.047,-0.15
user_3447,62063,3214,615,1714,148,0.03,2.05
user_3448,774887,737,998,28081,1147,0.0377,1.99
user_3449,255311,4802,750,16849,2296,0.075,14.93
user_3450,653184,1342,76,44676,2594,0.0724,-1.92
user_3451,691504,3955,2805,21639,2489,0.0349,8.87
user_3452,446377,3125,2263,19118,2320,0.048,12.78
user_3453,490934,3259,1803,34938,5073,0.0815,9.43
user_3454,520089,374,1721,7118,603,0.0148,4.17
user_3455,747434,2043,1306,53994,5402,0.0795,14.29
user_3456,209432,4026,131,5307,337,0.0269,13.19
user_3457,183051,4862,2832,10525,1138,0.0637,5.38
user_3458,98661,2820,730,5009,401,0.0548,7.75
user_3459,925483,4422,1221,45076,3466,0.0525,14.45
user_3460,944693,2633,967,66275,8695,0.0794,14.7
user_3461,698960,3607,45,11959,317,0.0176,5.65
user_3462,453776,3637,2477,15560,2095,0.0389,12.4
user_3463,472256,201,777,22516,2944,0.0539,3.13
user_3464,124257,1004,2598,8299,712,0.0725,4.32
user_3465,980062,4404,1820,24649,2063,0.0273,0.8
user_3466,873637,2421,1575,57839,3877,0.0706,1.56
user_3467,270054,1241,2816,10255,1530,0.0436,9.17
user_3468,976217,737,1861,22671,781,0.024,6.68
user_3469,834289,359,2313,52667,5094,0.0692,1.93
user_3470,560252,1552,1124,9167,995,0.0181,4.85
user_3471,419443,3177,681,19308,2731,0.0525,4.34
user_3472,924482,4618,928,13378,1624,0.0162,14.79
user_3473,804585,3417,2463,28119,2915,0.0386,12.51
user_3474,322909,3445,541,16815,591,0.0539,4.6
user_3475,755444,863,1876,36962,2535,0.0523,13.54
user_3476,633500,895,1779,24279,923,0.0398,3.82
user_3477,564359,1214,2993,22593,3040,0.0454,9.35
user_3478,113990,4812,2331,2949,346,0.0289,14.43
user_3479,70519,1817,809,2955,350,0.0469,4.63
user_3480,10503,404,1317,805,84,0.0846,9.56
user_3481,192775,1922,1749,13403,1151,0.0755,3.03
user_3482,982883,2074,191,19821,782,0.021,2.53
user_3483,620745,2867,284,7501,471,0.0128,7.76
user_3484,714226,3882,2006,53814,2034,0.0782,14.65
user_3485,148977,4325,1069,6982,797,0.0522,5.7
user_3486,571126,115,1512,27213,1111,0.0496,13.94
user_3487,912632,4965,1905,59001,6565,0.0718,13.54
user_3488,452495,4316,495,14492,1594,0.0355,2.31
user_3489,614777,4140,2423,26886,2143,0.0472,4.83
user_3490,27806,2571,1069,2163,81,0.0807,8.94
user_3491,177072,2631,53,10102,615,0.0605,6.81
user_3492,416384,1440,2331,8645,532,0.022,-0.37
user_3493,71119,1180,1181,1374,152,0.0215,14.89
user_3494,826146,2536,835,20074,698,0.0251,10.8
user_3495,186165,884,2942,11853,1514,0.0718,5.44
user_3496,842851,276,773,25855,3074,0.0343,8.51
user_3497,967649,3565,585,11125,491,0.012,-0.51
user_3498,630720,4587,481,47992,5446,0.0847,6.42
user_3499,471641,2493,1674,10319,1103,0.0242,13.82
user_3500,880381,777,2722,9392,1101,0.0119,13.24
user_3501,472027,3736,100,12555,559,0.0278,3.74
user_3502,920965,3672,2824,24361,986,0.0275,7.03
user_3503,408507,1086,1957,16152,819,0.0415,9.86
user_3504,703164,1882,889,52334,3535,0.0795,3.78
user_3505,864403,2790,1450,61841,7617,0.0804,-0.9
user_3506,880903,542,1089,36982,4287,0.0468,6.59
user_3507,852378,1598,618,33040,4635,0.0442,8.23
user_3508,886421,1193,1654,43302,1196,0.0502,-1.9
user_3509,85080,4007,826,2300,49,0.0276,-0.38
user_3510,253791,3457,1954,3464,384,0.0152,1.52
user_3511,979836,689,1096,74218,4179,0.08,3.92
user_3512,78794,222,723,1817,115,0.0245,7.2
user_3513,293985,4404,2543,7022,639,0.0261,3.0
user_3514,125447,4009,2659,5403,179,0.0445,2.7
user_3515,121029,566,2083,5375,556,0.049,12.78
user_3516,180830,572,506,2041,127,0.012,0.47
user_3517,508942,1967,725,10360,1059,0.0224,6.42
user_3518,339416,2936,1545,12378,1589,0.0412,14.2
user_3519,562931,2214,1184,32571,1375,0.0603,8.63
user_3520,968912,1979,639,25181,3550,0.0297,10.19
user_3521,307094,3995,796,12164,1082,0.0431,5.33
user_3522,188921,2259,466,9259,1296,0.0559,-1.66
user_3523,363644,3833,2357,26255,1234,0.0756,8.98
user_3524,684404,2640,228,22465,2214,0.0361,8.74
user_3525,499685,4984,1518,9668,700,0.0207,-0.12
user_3526,388732,4126,2480,17201,2075,0.0496,5.86
user_3527,541285,1143,2744,33706,3329,0.0684,13.56
user_3528,867183,3930,1470,15340,1292,0.0192,1.49
user_3529,623893,2544,1897,24785,3437,0.0452,5.84
user_3530,942415,2629,2731,10597,731,0.012,5.84
user_3531,842965,2538,2357,10409,505,0.0129,11.78
user_3532,345710,2835,1311,15144,1500,0.0481,12.02
user_3533,751230,2808,2218,23193,2345,0.034,10.91
user_3534,670931,1624,1762,46399,3576,0.0745,4.21
user_3535,633543,2423,1298,33039,2750,0.0565,-0.78
user_3536,785586,4040,1420,32818,4750,0.0478,3.94
user_3537,452157,4895,1696,17433,2009,0.043,9.56
user_3538,59005,1143,874,2643,90,0.0463,9.95
user_3539,218322,1239,1401,2801,133,0.0134,14.41
user_3540,190784,2739,2675,13830,2030,0.0831,5.71
user_3541,568829,4145,2437,45438,5199,0.089,8.75
user_3542,24387,1925,724,553,76,0.0258,7.17
user_3543,881412,3456,845,16241,966,0.0195,0.56
user_3544,705268,1837,1024,14140,1646,0.0224,5.84
user_3545,86457,3982,396,4865,548,0.0626,7.26
user_3546,145129,1657,992,8170,476,0.0596,14.16
user_3547,589316,3798,137,40871,3744,0.0757,4.23
user_3548,644534,98,463,40365,4099,0.069,14.66
user_3549,318875,3911,774,13226,1091,0.0449,7.22
user_3550,681218,2230,659,36036,4595,0.0596,2.12
user_3551,180761,3096,2191,10516,1348,0.0656,1.26
user_3552,569926,2883,2725,26154,3415,0.0519,0.41
user_3553,485814,1447,1320,21033,2617,0.0487,5.7
user_3554,178558,3876,2889,9848,821,0.0598,-1.63
user_3555,545855,4624,2731,26759,1862,0.0524,5.57
user_3556,423955,881,2427,23349,2990,0.0621,14.8
user_3557,583092,2747,642,30845,2582,0.0573,9.39
user_3558,371965,4827,1512,22445,1167,0.0635,10.92
user_3559,4754,2785,2028,261,22,0.0595,0.02
user_3560,552332,131,1671,25618,984,0.0482,6.04
user_3561,68260,136,1743,3940,433,0.0641,2.87
user_3562,67912,2113,1939,2815,179,0.0441,13.2
user_3563,257695,871,938,6936,373,0.0284,1.08
user_3564,533994,212,1193,5392,778,0.0116,5.8
user_3565,796326,3789,2519,39177,4740,0.0551,8.0
user_3566,936541,2447,1205,48087,5881,0.0576,6.74
user_3567,347130,1982,139,27091,2738,0.0859,12.11
user_3568,869374,2778,601,30691,3961,0.0399,1.93
user_3569,707972,3585,1967,26612,3158,0.042,4.42
user_3570,30725,3496,2166,741,72,0.0265,11.47
user_3571,137998,2840,1210,2061,298,0.0171,6.98
user_3572,105555,2757,1706,6765,303,0.067,4.84
user_3573,262486,3983,2019,7212,1028,0.0314,-1.5
user_3574,796928,3435,2581,41937,3027,0.0564,10.81
user_3575,581735,972,2731,33824,2999,0.0633,14.53
user_3576,889036,2225,420,38216,1374,0.0445,8.54
user_3577,686166,1632,2432,48954,4416,0.0778,12.56
user_3578,875631,614,1369,35958,3576,0.0451,6.79
user_3579,566609,3308,2648,16966,2539,0.0344,1.94
user_3580,778401,2647,1676,56606,8308,0.0834,-1.75
user_3581,234103,2550,640,16459,2396,0.0805,9.11
user_3582,983599,4616,2895,21130,1379,0.0229,6.38
user_3583,416872,1037,266,4926,733,0.0136,11.3
user_3584,56147,3686,2501,915,72,0.0176,9.81
user_3585,616684,273,1136,18536,2423,0.034,14.8
user_3586,443882,400,2682,34648,1667,0.0818,6.68
user_3587,476584,1978,643,23398,2006,0.0533,5.26
user_3588,301931,398,2388,10908,1588,0.0414,2.87
user_3589,245839,4327,1859,17752,2540,0.0825,6.11
user_3590,457162,4782,2923,19072,2076,0.0463,12.84
user_3591,547015,1067,2129,17540,2169,0.036,-1.28
user_3592,764711,2276,319,58030,2491,0.0791,14.62
user_3593,96081,4917,422,6674,759,0.0774,14.89
user_3594,385865,4174,1691,26646,2673,0.076,8.16
user_3595,766418,2469,272,35147,1121,0.0473,3.64
user_3596,593344,1943,1777,38722,1344,0.0675,1.79
user_3597,659441,3090,2545,14873,507,0.0233,2.7
user_3598,690556,2118,1412,34614,3951,0.0558,-1.15
user_3599,693095,1175,1984,54663,2100,0.0819,6.08
user_3600,761109,3167,179,23112,1867,0.0328,-1.03
user_3601,81102,4211,224,5320,353,0.0699,10.21
user_3602,998082,4092,1181,44248,4051,0.0484,4.32
user_3603,157570,4483,1411,2014,225,0.0142,1.39
user_3604,602153,2220,877,38183,4162,0.0703,7.26
user_3605,688016,496,779,14998,1305,0.0237,14.55
user_3606,68695,2708,1610,3723,299,0.0585,9.82
user_3607,432116,3412,2788,6912,495,0.0171,6.36
user_3608,522608,2768,2135,39864,5263,0.0863,11.21
user_3609,118235,3533,152,3596,226,0.0323,10.54
user_3610,441917,2994,1743,11424,613,0.0272,13.16
user_3611,634065,4426,2986,12072,1407,0.0213,1.48
user_3612,20033,645,449,1526,101,0.0812,12.6
user_3613,517409,2036,2375,30958,4027,0.0676,3.12
user_3614,667165,2800,2717,41308,2586,0.0658,14.0
user_3615,692211,1124,1217,31120,3462,0.05,2.78
user_3616,552120,4019,2479,23868,617,0.0443,13.76
user_3617,195509,4355,116,3460,242,0.0189,14.38
user_3618,378869,4271,1726,18636,1204,0.0524,0.47
user_3619,146016,4637,1197,3983,502,0.0307,14.57
user_3620,283017,3630,1738,22188,3233,0.0898,-0.54
user_3621,565660,3057,1285,37198,2972,0.071,1.72
user_3622,90464,1019,1347,3519,447,0.0438,5.55
user_3623,671739,630,1328,13833,1534,0.0229,14.89
user_3624,118322,2874,1070,7687,1120,0.0744,6.31
user_3625,693111,4051,1403,12852,1612,0.0209,7.36
user_3626,887514,1261,2269,20637,620,0.024,9.81
user_3627,746182,279,2829,18510,2086,0.0276,14.46
user_3628,792542,4334,2941,38820,3478,0.0534,11.32
user_3629,448557,3235,600,29198,646,0.0665,1.81
user_3630,799519,551,2437,25586,1347,0.0337,3.15
user_3631,417978,2182,552,6657,930,0.0182,-0.34
user_3632,870049,98,1195,36992,5193,0.0485,8.96
user_3633,625771,3616,1145,39027,4833,0.0701,1.07
user_3634,524886,3105,918,13393,1977,0.0293,2.38
user_3635,534884,738,2674,13583,1695,0.0286,13.1
user_3636,235627,436,1489,17979,383,0.0779,3.55
user_3637,632827,1019,2940,48595,2790,0.0812,7.63
user_3638,543601,3510,1272,43125,1034,0.0812,4.76
user_3639,900607,1055,789,59922,1931,0.0687,-0.74
user_3640,722909,3102,853,16751,811,0.0243,4.17
user_3641,115914,3467,1924,2879,246,0.027,4.94
user_3642,548993,2352,2303,18564,2416,0.0382,13.23
user_3643,723724,2333,2229,23354,3084,0.0365,3.52
user_3644,860877,1657,573,66250,6632,0.0847,4.45
user_3645,104892,4416,2855,6842,962,0.0744,11.31
user_3646,735005,172,1111,44600,3791,0.0658,10.9
user_3647,265167,1330,1216,6103,827,0.0261,11.57
user_3648,644942,3777,1680,47510,3754,0.0795,14.21
user_3649,191868,308,578,13037,730,0.0718,11.52
user_3650,81073,997,280,1739,241,0.0244,4.93
user_3651,879629,574,2284,62437,4397,0.076,11.97
user_3652,589717,937,1860,17135,1464,0.0315,6.65
user_3653,105195,257,1167,1647,103,0.0166,2.72
user_3654,717987,3432,824,40191,4267,0.0619,3.15
user_3655,34848,2844,1205,1943,290,0.0641,1.81
user_3656,956308,198,2268,15917,371,0.017,0.46
user_3657,933883,487,2469,30182,4134,0.0367,1.14
user_3658,978168,2252,294,77761,1594,0.0811,-0.93
user_3659,290910,3799,225,16724,1126,0.0614,13.1
user_3660,69099,3211,1743,4222,176,0.0636,13.83
user_3661,430276,3951,886,10715,1269,0.0279,7.98
user_3662,70122,4503,112,1087,28,0.0159,12.29
user_3663,672447,3295,1085,19758,1816,0.0321,1.12
user_3664,574156,4601,2446,15745,918,0.029,13.33
user_3665,644407,2873,1371,17024,636,0.0274,6.61
user_3666,417441,4774,2132,9806,1180,0.0263,-0.86
user_3667,882718,3320,384,44341,2140,0.0527,0.4
user_3668,269787,535,840,8894,436,0.0346,3.25
user_3669,487275,249,1527,32854,1831,0.0712,-1.26
user_3670,299871,4516,2049,6859,660,0.0251,3.26
user_3671,929509,2032,1944,39526,4180,0.047,-0.98
user_3672,110079,1521,2607,1206,26,0.0112,2.01
user_3673,853129,4393,1105,37296,1918,0.046,2.52
user_3674,17029,4933,2558,236,17,0.0149,14.9
user_3675,247353,2361,1316,19402,1225,0.0834,2.0
user_3676,408442,3423,2296,26688,3601,0.0742,2.07
user_3677,195718,2128,1063,8671,1061,0.0497,9.68
user_3678,979107,1571,22,15725,1593,0.0177,12.61
user_3679,422947,654,1773,21769,1392,0.0548,4.58
user_3680,372602,3898,930,23516,2612,0.0701,12.89
user_3681,897816,3392,326,20964,2718,0.0264,3.78
user_3682,69926,1467,2499,3480,338,0.0546,1.35
user_3683,662357,4647,155,44374,5412,0.0752,3.6
user_3684,318650,3925,1952,20322,2385,0.0713,8.36
user_3685,865661,2983,2582,57314,5406,0.0725,4.24
user_3686,444031,598,2260,31771,1924,0.0759,9.44
user_3687,43092,888,1628,3259,381,0.0845,2.03
user_3688,325683,3865,1458,12501,586,0.0402,9.92
user_3689,984581,897,892,49045,5950,0.0559,3.91
user_3690,153889,4759,1161,10056,1252,0.0735,5.75
user_3691,694221,4557,685,40820,5179,0.0663,7.48
user_3692,538716,4823,228,42928,3497,0.0862,9.67
user_3693,176006,4304,971,1928,86,0.0114,2.06
user_3694,771915,4518,1077,26908,886,0.036,12.21
user_3695,770727,2322,668,22868,2667,0.0331,10.27
user_3696,142330,3370,1361,4036,545,0.0322,1.98
user_3697,58775,2608,2187,1503,157,0.0282,14.57
user_3698,737940,4748,646,44009,1704,0.0619,9.3
user_3699,268613,4361,544,4279,605,0.0182,5.69
user_3700,291998,2046,1624,18078,2686,0.0711,0.68
user_3701,662616,3723,1888,38789,2961,0.063,7.06
user_3702,780446,1614,788,21506,2093,0.0302,0.8
user_3703,77256,4068,2579,2139,258,0.031,5.3
user_3704,952441,1890,2114,51451,5954,0.0603,4.95
user_3705,362278,3341,791,22951,3346,0.0726,10.24
user_3706,658011,2937,759,46951,1640,0.0738,1.27
user_3707,182360,776,541,12701,1212,0.0763,11.97
user_3708,347874,1294,1420,26974,2965,0.0861,3.54
user_3709,419267,3510,2201,21255,2884,0.0576,5.55
user_3710,290530,3768,267,21384,2857,0.0834,11.13
user_3711,993558,1115,1361,66166,9735,0.0764,8.63
user_3712,243634,4821,2503,17694,1531,0.0789,3.24
user_3713,934688,332,1878,10107,1293,0.0122,4.57
user_3714,34787,1131,705,2699,203,0.0834,3.2
user_3715,546909,3935,605,23597,1767,0.0464,8.11
user_3716,994068,2931,2418,65482,3466,0.0694,3.65
user_3717,603272,2634,162,11404,1441,0.0213,10.34
user_3718,454008,3020,986,17123,2536,0.0433,7.86
user_3719,439469,1202,2871,12745,679,0.0305,0.48
user_3720,821483,3547,737,24986,682,0.0312,3.27
user_3721,312955,997,662,5829,734,0.021,1.76
user_3722,31447,4810,2568,2088,210,0.0731,4.64
user_3723,129046,1767,389,1373,198,0.0122,6.77
user_3724,740290,116,1129,23597,1245,0.0336,6.61
user_3725,517494,686,806,11492,335,0.0229,10.83
user_3726,686614,363,2806,35177,2955,0.0555,1.22
user_3727,871477,3447,1503,24225,753,0.0287,14.09
user_3728,642147,614,969,18063,975,0.0296,3.83
user_3729,189490,1651,1368,8372,304,0.0458,3.1
user_3730,408688,875,541,22759,1118,0.0584,9.65
user_3731,505409,3720,2556,9345,315,0.0191,11.69
user_3732,528759,1075,1972,11783,1696,0.0255,4.43
user_3733,239404,2301,2464,6536,367,0.0288,10.7
user_3734,645600,4807,2963,50461,3921,0.0842,13.02
user_3735,517595,854,374,19565,2676,0.043,11.04
user_3736,752164,2501,966,39059,4220,0.0575,-1.42
user_3737,664689,4681,2355,17885,1794,0.0296,12.07
user_3738,166937,1441,1502,7400,826,0.0493,11.17
user_3739,47850,1285,1667,726,92,0.0171,9.38
user_3740,317364,4082,555,3945,529,0.0141,10.92
user_3741,244306,3330,1334,10459,1082,0.0472,14.65
user_3742,94808,4773,2918,3593,487,0.043,5.33
user_3743,502597,4894,2905,9841,881,0.0213,-0.86
user_3744,662757,3599,2235,38527,2159,0.0614,5.84
user_3745,229981,4250,969,18284,2457,0.0902,-1.21
user_3746,523220,4191,640,19722,1782,0.0411,3.0
user_3747,691885,1404,447,37167,5121,0.0611,7.98
user_3748,54072,1886,1745,4185,105,0.0793,3.26
user_3749,746466,2942,2557,50914,3649,0.0731,9.65
user_3750,609108,2546,2422,25855,3702,0.0485,11.97
user_3751,478746,2633,2263,29502,1547,0.0649,5.15
user_3752,24284,2608,564,460,65,0.0216,13.3
user_3753,979834,3668,2784,44922,6469,0.0524,-0.64
user_3754,84369,1609,843,2491,335,0.0335,12.28
user_3755,812554,1557,2999,17292,1612,0.0233,12.09
user_3756,917781,4121,1022,36564,3806,0.044,3.47
user_3757,857985,2113,678,16448,2188,0.0217,3.08
user_3758,738266,3692,2847,43505,5258,0.0661,3.19
user_3759,882220,2050,2078,36997,3770,0.0462,11.79
user_3760,588100,1344,2463,27746,4097,0.0541,12.14
user_3761,271143,4115,750,5489,599,0.0225,3.61
user_3762,285580,2802,1852,5649,829,0.0227,8.07
user_3763,830395,1803,428,42216,1159,0.0522,0.36
user_3764,658456,4260,2429,51985,1978,0.082,5.97
user_3765,524156,1653,103,8773,690,0.0181,14.98
user_3766,770097,1372,2223,23103,1618,0.0321,0.7
user_3767,419495,2491,726,29726,3619,0.0795,14.11
user_3768,253164,1148,1981,3812,155,0.0157,12.01
user_3769,896331,1555,2539,63919,9389,0.0818,14.53
user_3770,770605,1176,2686,35987,2193,0.0495,1.05
user_3771,289345,346,1467,11162,845,0.0415,1.63
user_3772,151787,3099,153,4808,267,0.0334,-1.71
user_3773,161381,2275,807,4970,473,0.0337,10.32
user_3774,671438,4404,2974,21087,582,0.0323,8.95
user_3775,450830,3837,883,32431,1279,0.0748,1.03
user_3776,530393,2146,686,32176,3763,0.0678,11.45
user_3777,905098,3659,296,51482,2277,0.0594,3.09
user_3778,357992,2258,1795,23596,1194,0.0692,0.29
user_3779,790271,225,901,22126,2723,0.0314,5.18
user_3780,69920,2552,2080,3724,119,0.055,-0.45
user_3781,831051,4049,2409,35074,2696,0.0454,2.48
user_3782,568109,1717,2102,36796,846,0.0663,4.31
user_3783,651024,4421,2626,20603,1340,0.0337,12.48
user_3784,931997,2595,1257,51280,5685,0.0611,11.47
user_3785,542357,725,2472,38916,1234,0.074,5.53
user_3786,506659,1873,2725,19329,2618,0.0433,10.32
user_3787,8531,1406,178,125,17,0.0166,7.67
user_3788,431267,3122,1153,19891,669,0.0477,3.79
user_3789,664096,3309,2616,22724,3381,0.0393,10.34
user_3790,664070,596,1871,37889,2223,0.0604,9.62
user_3791,68155,2133,298,5218,161,0.0789,8.52
user_3792,932479,2090,2546,41022,847,0.0449,8.51
user_3793,587712,4584,130,25056,1831,0.0457,9.61
user_3794,308747,1802,2498,17234,1755,0.0615,4.54
user_3795,941756,1665,561,16240,1026,0.0183,12.77
user_3796,475013,1899,1158,13179,1697,0.0313,0.76
user_3797,133503,2692,379,9923,1122,0.0827,13.03
user_3798,730963,1650,2439,41588,2724,0.0606,3.82
user_3799,693841,3446,1258,7591,876,0.0122,0.13
user_3800,880005,4452,1776,21405,3045,0.0278,8.2
user_3801,665917,3655,974,38489,1235,0.0597,4.39
user_3802,993475,3849,2326,63093,3772,0.0673,11.86
user_3803,366446,668,2845,25207,2022,0.0743,5.32
user_3804,656522,1182,2187,19992,1694,0.033,9.37
user_3805,953246,2165,995,71657,6483,0.082,3.24
user_3806,20675,2389,932,1007,59,0.0516,1.56
user_3807,74997,2789,1171,4406,470,0.065,4.6
user_3808,149087,4326,742,7718,801,0.0571,8.32
user_3809,968561,1537,2590,18007,1712,0.0204,9.17
user_3810,951095,1607,1731,73631,2561,0.0801,7.83
user_3811,487799,2163,344,9073,744,0.0201,14.8
user_3812,520349,1094,1549,14487,960,0.0297,9.75
user_3813,756678,2481,1569,50662,4247,0.0726,13.84
user_3814,141905,1632,1093,7563,1057,0.0607,0.0
user_3815,271040,1358,1965,18612,1534,0.0743,-0.96
user_3816,427188,4967,1627,19694,429,0.0471,3.29
user_3817,312877,651,2136,11385,877,0.0392,0.32
user_3818,776723,1670,410,57888,7333,0.084,6.94
user_3819,567088,4930,2450,7109,863,0.0141,6.82
user_3820,97044,4816,35,6786,588,0.076,7.78
user_3821,268491,150,865,7022,368,0.0275,10.67
user_3822,715423,4321,888,49658,3995,0.075,14.51
user_3823,490066,287,587,9675,902,0.0216,12.93
user_3824,659003,4075,2199,33355,5002,0.0582,0.01
user_3825,303929,2968,2039,21933,2275,0.0797,3.75
user_3826,806113,2592,2340,34781,3834,0.0479,2.35
user_3827,968530,2053,1666,60300,5058,0.0675,1.01
user_3828,367008,1587,2551,24342,1608,0.0707,7.26
user_3829,934396,804,2617,57516,7228,0.0693,7.41
user_3830,834731,3418,376,62415,5264,0.0811,1.86
user_3831,18073,2308,1676,746,111,0.0474,10.1
user_3832,889736,3715,2300,19679,1563,0.0239,10.46
user_3833,555970,4285,55,7420,213,0.0137,-1.64
user_3834,754158,590,2480,20552,2234,0.0302,4.73
user_3835,753254,319,1047,15083,393,0.0205,13.13
user_3836,911734,3510,2111,44726,2351,0.0516,6.85
user_3837,408505,3458,2635,9373,618,0.0245,3.91
user_3838,116359,555,2807,1480,171,0.0142,2.31
user_3839,926431,1179,133,11598,977,0.0136,2.14
user_3840,966834,2129,1792,65947,1564,0.0698,-0.3
user_3841,67707,3195,2464,3480,348,0.0565,11.89
user_3842,252351,3292,1217,8848,650,0.0376,-0.53
user_3843,471670,4958,1298,34241,4788,0.0827,2.97
user_3844,239511,411,485,3572,303,0.0162,-1.22
user_3845,236718,3770,1507,18611,2087,0.0874,11.28
user_3846,590716,1506,866,31390,1520,0.0557,-1.33
user_3847,51601,4117,521,1178,140,0.0255,3.24
user_3848,995969,4245,460,57302,6516,0.0641,7.75
user_3849,396755,1731,2136,25168,3461,0.0722,4.96
user_3850,496479,1102,345,19885,485,0.041,2.8
user_3851,636775,2559,1785,44774,3500,0.0758,2.68
user_3852,679029,4777,86,13954,1511,0.0228,11.56
user_3853,465184,731,323,13731,444,0.0305,14.56
user_3854,414860,3982,991,6863,503,0.0178,3.92
user_3855,412961,2179,503,10225,1456,0.0283,-1.33
user_3856,252924,4899,948,6755,517,0.0288,-1.38
user_3857,784441,4066,1460,58232,8624,0.0852,10.91
user_3858,815660,3352,168,12616,345,0.0159,7.39
user_3859,524394,769,2651,20933,2372,0.0444,11.32
user_3860,250430,124,2315,11837,1130,0.0518,9.86
user_3861,428737,1343,1144,31258,2659,0.0791,13.43
user_3862,123788,1972,2769,9883,1444,0.0915,13.06
user_3863,622527,4207,115,39055,1439,0.065,11.4
user_3864,552216,369,301,43048,5875,0.0886,6.08
user_3865,281466,2199,2389,18322,2012,0.0722,3.24
user_3866,451930,1502,548,34990,1877,0.0816,6.62
user_3867,351040,1605,2330,20890,2866,0.0677,6.54
user_3868,63292,4257,1662,986,74,0.0167,8.37
user_3869,554343,3082,599,21139,2660,0.0429,1.16
user_3870,306035,510,1683,16912,1193,0.0592,9.15
user_3871,607200,936,2361,20978,2740,0.0391,5.76
user_3872,662948,3583,1651,19316,1984,0.0321,8.54
user_3873,353680,3986,2462,17831,683,0.0523,2.07
user_3874,269448,1165,2580,20301,2120,0.0832,5.38
user_3875,532633,1125,2988,6630,297,0.013,1.57
user_3876,161372,3926,829,10302,757,0.0685,12.88
user_3877,942763,4665,2987,57122,2407,0.0631,6.3
user_3878,92006,4957,712,7128,162,0.0792,1.82
user_3879,933856,1974,254,70179,3336,0.0787,-1.3
user_3880,130350,976,971,8258,740,0.069,9.49
user_3881,689725,4702,1874,32022,2645,0.0503,1.65
user_3882,806878,2331,1380,19606,1670,0.0264,14.82
user_3883,789768,1105,1051,38040,1985,0.0507,7.07
user_3884,849464,4724,1486,54004,5890,0.0705,2.91
user_3885,207487,591,1984,15083,1682,0.0808,9.18
user_3886,98852,2211,558,6453,429,0.0696,2.68
user_3887,493092,2301,839,11670,1570,0.0269,11.94
user_3888,139593,1102,1701,7255,752,0.0574,3.24
user_3889,728067,4619,291,24209,2728,0.037,14.8
user_3890,679841,2794,1048,7236,405,0.0112,8.29
user_3891,281618,3919,1942,6763,135,0.0245,12.35
user_3892,178832,4531,1262,3205,424,0.0203,-0.76
user_3893,843150,4207,1161,58169,7382,0.0777,3.92
user_3894,307773,4660,612,8647,311,0.0291,10.54
user_3895,46232,4575,1625,1383,94,0.0319,9.14
user_3896,349688,4725,134,26994,2860,0.0854,1.3
user_3897,461385,1610,2330,16857,1766,0.0404,4.06
user_3898,784301,3812,1697,8369,1103,0.0121,2.48
user_3899,313813,1214,1465,9373,358,0.031,8.43
user_3900,210093,2772,226,3855,292,0.0197,3.86
user_3901,332328,2408,2370,5714,186,0.0178,3.25
user_3902,704305,520,131,10863,767,0.0165,1.53
user_3903,14140,1466,1460,728,15,0.0525,4.95
user_3904,389612,1518,1902,9060,1239,0.0264,1.32
user_3905,608745,858,204,21480,1901,0.0384,14.36
user_3906,539645,221,1784,37959,4952,0.0795,0.63
user_3907,524375,4176,920,20819,578,0.0408,13.53
user_3908,112672,4192,240,8348,413,0.0778,5.28
user_3909,331817,4275,1487,14883,799,0.0473,4.42
user_3910,646961,2449,1113,24531,1723,0.0406,1.93
user_3911,590921,1695,2965,36948,4595,0.0703,8.81
user_3912,733303,107,2689,11089,779,0.0162,9.65
user_3913,621399,1179,2494,10106,470,0.017,5.95
user_3914,865690,1403,2711,48165,1370,0.0572,-1.05
user_3915,407140,817,2635,17949,544,0.0454,13.61
user_3916,70286,3945,2032,4591,545,0.0731,14.67
user_3917,94269,732,2510,6989,543,0.0799,5.33
user_3918,259635,3504,620,9654,1104,0.0414,8.43
user_3919,75071,2058,1180,3884,422,0.0574,5.66
user_3920,451542,3192,523,20341,764,0.0467,3.47
user_3921,222095,1840,2198,17481,674,0.0817,-0.69
user_3922,514317,1527,237,35064,4144,0.0762,5.75
user_3923,31651,935,2755,2336,265,0.0822,11.91
user_3924,71202,3956,2238,1979,136,0.0297,-1.71
user_3925,49777,4542,1518,3189,95,0.066,7.9
user_3926,149066,1588,631,4260,91,0.0292,12.97
user_3927,854695,2123,1172,21035,1208,0.026,1.7
user_3928,191706,362,76,14588,309,0.0777,1.12
user_3929,625446,860,1224,7099,354,0.0119,11.13
user_3930,798232,2285,265,61924,4615,0.0834,2.34
user_3931,825255,2907,163,16875,603,0.0212,1.26
user_3932,764935,2813,387,51526,1729,0.0696,4.43
user_3933,327022,2082,1502,9586,1308,0.0333,4.67
user_3934,281852,1557,2285,9737,935,0.0379,12.86
user_3935,669179,4595,635,16845,2383,0.0287,8.51
user_3936,731265,2620,1901,37284,2421,0.0543,4.9
user_3937,589158,1944,1608,20247,2187,0.0381,7.08
user_3938,534571,2755,2509,29945,1395,0.0586,14.22
user_3939,686933,646,2908,7621,765,0.0122,-0.08
user_3940,866139,2197,718,12564,462,0.015,1.53
user_3941,425149,665,895,7217,146,0.0173,14.36
user_3942,531062,997,1705,20886,2946,0.0449,14.27
user_3943,204127,4701,2843,13683,1260,0.0732,1.01
user_3944,143055,4423,2829,10324,1450,0.0823,0.47
user_3945,621756,3814,964,16872,1069,0.0289,5.16
user_3946,883766,2063,942,44370,2778,0.0533,-1.15
user_3947,805565,3747,1766,51383,3703,0.0684,9.13
user_3948,933443,540,44,28206,3153,0.0336,-0.68
user_3949,526069,4400,2873,20322,1901,0.0422,-1.01
user_3950,115586,2478,1707,5395,756,0.0532,6.25
user_3951,450916,591,1579,8766,204,0.0199,14.28
user_3952,290768,1337,2831,3436,385,0.0131,5.26
user_3953,532111,1683,1103,11012,693,0.022,4.06
user_3954,543777,4970,453,29298,1272,0.0562,14.97
user_3955,172033,2976,2946,2606,225,0.0165,7.04
user_3956,513880,1402,1109,11962,1024,0.0253,4.38
user_3957,292262,4426,2977,9834,371,0.0349,4.56
user_3958,101417,1348,2632,1566,72,0.0162,1.31
user_3959,82816,4918,1971,1939,141,0.0251,6.71
user_3960,678623,4017,2173,50074,3662,0.0792,5.46
user_3961,276709,4473,115,3140,192,0.012,2.6
user_3962,676714,2308,187,37720,1482,0.0579,0.73
user_3963,175023,4697,2109,6459,132,0.0377,3.29
user_3964,878611,2123,1922,50155,7329,0.0654,6.65
user_3965,548936,751,2171,28110,4010,0.0585,-1.01
user_3966,444945,1969,1888,11410,945,0.0278,0.61
user_3967,42971,2510,2587,2978,444,0.0796,14.11
user_3968,19658,4312,2018,873,93,0.0491,7.23
user_3969,22253,4314,2349,1503,43,0.0695,-0.92
user_3970,458382,4374,1153,17611,621,0.0398,9.78
user_3971,180635,416,2030,14257,1983,0.0899,-0.95
user_3972,158462,577,768,10131,1032,0.0704,10.56
user_3973,351808,4936,1911,27306,3539,0.0877,10.75
user_3974,707938,3768,850,32567,4454,0.0523,9.07
user_3975,211097,3659,68,9110,712,0.0465,10.45
user_3976,629138,3985,134,39561,1040,0.0645,-0.5
user_3977,951162,4669,1198,68122,3029,0.0748,10.36
user_3978,663212,2203,1692,51392,1472,0.0797,0.32
user_3979,521498,1958,2570,17062,759,0.0342,3.77
user_3980,227058,3062,90,14965,1097,0.0707,14.03
user_3981,658911,4278,1379,16304,576,0.0256,6.55
user_3982,859379,3072,86,41413,1725,0.0502,14.45
user_3983,586289,3533,1536,13243,1032,0.0243,-0.49
user_3984,181231,2770,1693,6219,399,0.0365,6.12
user_3985,123775,1820,1797,9307,751,0.0813,-0.94
user_3986,970211,4163,986,19623,1487,0.0218,8.71
user_3987,558531,1827,2248,30310,3145,0.0599,-0.66
user_3988,678160,4262,1809,34929,4954,0.0588,0.98
user_3989,863371,847,632,15930,541,0.0191,2.4
user_3990,320972,3265,1906,10533,346,0.0339,10.73
user_3991,262716,3838,1642,12980,1698,0.0559,0.79
user_3992,401455,3026,716,9274,796,0.0251,12.39
user_3993,269854,3787,2670,17822,2132,0.0739,0.24
user_3994,415600,1761,2315,32437,1557,0.0818,-1.4
user_3995,939542,802,1257,23519,3004,0.0282,4.72
user_3996,172918,2519,2426,3991,559,0.0263,14.65
user_3997,220055,4019,268,9208,944,0.0461,-0.12
user_3998,986325,1442,657,61491,2076,0.0644,-0.27
user_3999,301135,2655,969,8947,1220,0.0338,10.77
user_4000,735417,727,1924,8377,1030,0.0128,3.31
user_4001,401187,155,1131,19211,2259,0.0535,10.19
user_4002,423355,3337,2730,32582,807,0.0789,1.4
user_4003,872877,4803,195,32636,4042,0.042,5.82
user_4004,209139,1996,742,8242,312,0.0409,2.51
user_4005,81257,1145,2493,6323,309,0.0816,5.68
user_4006,478958,1832,790,28077,2668,0.0642,11.07
user_4007,825143,4591,1967,49790,2710,0.0636,10.95
user_4008,7530,3307,722,371,39,0.0544,6.77
user_4009,274260,2047,2148,21453,2124,0.086,13.78
user_4010,591082,4919,946,34413,1172,0.0602,2.48
user_4011,918786,1611,157,66751,7027,0.0803,2.09
user_4012,211545,4056,2537,12471,1747,0.0672,8.43
user_4013,658258,1725,2417,40455,1656,0.064,8.56
user_4014,529423,1172,1169,16056,1567,0.0333,-1.21
user_4015,925133,4031,1960,28904,1862,0.0333,8.33
user_4016,372616,1351,1911,24148,1925,0.07,4.37
user_4017,912579,993,1898,28079,1609,0.0325,10.71
user_4018,479336,4600,1273,23676,1563,0.0527,11.74
user_4019,776158,995,1503,21309,506,0.0281,7.39
user_4020,614375,650,1388,41279,6092,0.0771,-1.97
user_4021,721391,2750,329,12793,1294,0.0195,8.82
user_4022,820812,4870,1063,55865,4753,0.0739,10.73
user_4023,917383,1467,1690,47879,3345,0.0558,2.23
user_4024,280215,1574,1584,6468,582,0.0252,5.9
user_4025,21074,3816,1603,1010,70,0.0512,14.42
user_4026,747084,300,1520,22244,1485,0.0318,3.07
user_4027,593131,1594,2336,19361,1554,0.0353,1.79
user_4028,40901,128,789,1415,79,0.0365,1.58
user_4029,274349,3173,35,3959,171,0.0151,7.5
user_4030,974165,947,625,76975,7109,0.0863,14.15
user_4031,912093,4926,1401,11134,1442,0.0138,8.35
user_4032,793338,275,832,44724,1783,0.0586,3.16
user_4033,396807,1259,2010,14279,346,0.0369,8.86
user_4034,913008,4948,2549,50416,2625,0.0581,8.62
user_4035,588275,4887,914,20552,3028,0.0401,8.15
user_4036,981874,2228,1587,56126,7169,0.0645,0.71
user_4037,343829,2729,2336,20989,2045,0.067,8.79
user_4038,373598,2935,433,21795,3068,0.0666,5.31
user_4039,368631,2856,44,6627,516,0.0194,-1.68
user_4040,579688,753,2024,32452,4797,0.0643,7.18
user_4041,157222,2594,335,4653,272,0.0313,14.82
user_4042,32852,2420,590,394,20,0.0126,3.95
user_4043,961374,3331,744,37530,3863,0.0431,14.41
user_4044,514012,4760,1869,20739,1434,0.0431,-0.36
user_4045,840188,378,1319,35877,3638,0.047,10.45
user_4046,378501,4278,1973,22459,1339,0.0629,-0.06
user_4047,644340,4980,408,20373,2044,0.0348,2.65
user_4048,57481,170,2789,1843,102,0.0338,7.7
user_4049,788715,1014,463,11230,299,0.0146,8.08
user_4050,34691,4274,2764,2014,279,0.0661,11.18
user_4051,395341,3725,990,19667,2651,0.0565,8.46
user_4052,199137,2126,2788,6862,1003,0.0395,8.09
user_4053,551458,382,2435,32736,3704,0.0661,13.51
user_4054,533726,3418,1984,25413,2763,0.0528,5.69
user_4055,807527,1366,2409,34600,3206,0.0468,1.83
user_4056,672514,1246,1848,30796,1120,0.0475,0.75
user_4057,402220,3220,323,21938,978,0.057,4.8
user_4058,797184,1479,783,44801,2581,0.0594,10.12
user_4059,56426,405,1993,1705,231,0.0343,-1.28
user_4060,240968,4284,835,4783,203,0.0207,0.19
user_4061,289963,1576,2179,6078,850,0.0239,-0.2
user_4062,496384,3947,897,27180,2390,0.0596,7.95
user_4063,879483,78,2997,62532,7067,0.0791,2.13
user_4064,522121,1063,722,20187,693,0.04,0.83
user_4065,156289,2752,2913,3417,187,0.0231,8.08
user_4066,262501,877,963,16527,2389,0.0721,10.94
user_4067,520165,4496,2346,35513,1938,0.072,3.65
user_4068,220780,2074,2449,15816,925,0.0758,7.83
user_4069,296138,348,2080,15540,709,0.0549,-0.33
user_4070,671396,1915,322,47166,1734,0.0728,13.9
user_4071,733635,4066,1599,8127,408,0.0116,3.73
user_4072,98756,2161,179,1728,178,0.0193,14.96
user_4073,443632,804,2221,7311,579,0.0178,14.64
user_4074,928091,819,2821,55576,5112,0.0654,11.24
user_4075,96665,3785,2248,1437,51,0.0154,-1.66
user_4076,657005,1288,1223,29398,3653,0.0503,7.24
user_4077,163002,4979,2444,7023,856,0.0483,-0.52
user_4078,262691,2263,2843,8340,190,0.0325,13.22
user_4079,607123,1956,1211,43062,3008,0.0759,11.42
user_4080,123232,1614,1193,2702,78,0.0226,14.53
user_4081,948594,1268,2083,32890,4044,0.0389,8.34
user_4082,743849,4651,1134,47749,5531,0.0716,6.88
user_4083,446358,1407,1163,5414,743,0.0138,6.82
user_4084,244051,3889,1999,13936,707,0.06,4.57
user_4085,158547,1510,272,10646,844,0.0725,5.97
user_4086,413104,4035,1452,31089,1367,0.0786,8.8
user_4087,569020,1466,2098,40594,2770,0.0762,13.86
user_4088,737983,2903,750,23878,2098,0.0352,8.13
user_4089,309449,4906,2356,15795,425,0.0524,12.57
user_4090,702397,4978,517,10824,1222,0.0171,12.67
user_4091,534634,1478,1448,14996,1359,0.0306,6.82
user_4092,788019,4428,567,13077,1670,0.0187,3.91
user_4093,13763,4524,980,441,24,0.0338,8.87
user_4094,191237,4343,151,13628,1872,0.0811,5.58
user_4095,763841,3112,1367,26201,3925,0.0394,-0.62
user_4096,857047,3121,877,42280,5898,0.0562,4.42
user_4097,430332,605,1175,17358,2102,0.0452,14.9
user_4098,646275,405,2052,27223,3419,0.0474,-1.18
user_4099,217823,1613,540,16961,1604,0.0852,9.84
user_4100,92353,3550,49,2838,126,0.0321,12.3
user_4101,222373,1090,2694,11988,1294,0.0597,9.03
user_4102,358792,2736,2071,14137,1592,0.0438,7.69
user_4103,550844,4524,528,7866,1164,0.0164,10.03
user_4104,846474,4825,1280,37459,3385,0.0483,5.3
user_4105,543387,2603,1578,36371,2010,0.0706,-0.45
user_4106,372233,1829,35,6295,685,0.0188,14.36
user_4107,177168,125,1016,2634,388,0.0171,5.35
user_4108,728346,4376,1627,15116,650,0.0216,9.31
user_4109,669590,3369,1859,42524,2652,0.0675,7.03
user_4110,423225,2399,2036,25681,2322,0.0662,-1.07
user_4111,203041,2823,1273,10060,423,0.0516,14.2
user_4112,34866,2312,1763,1491,34,0.0437,11.47
user_4113,106400,3279,2330,7680,490,0.0768,0.53
user_4114,871678,2166,1108,55498,7353,0.0721,14.69
user_4115,340119,442,2332,22732,583,0.0685,10.53
user_4116,436071,1158,1381,29185,2211,0.072,6.03
user_4117,344701,4412,397,18955,2257,0.0615,8.39
user_4118,138488,660,1218,5824,838,0.0481,-0.19
user_4119,597804,2825,495,42161,6244,0.081,7.53
user_4120,187987,4048,1309,14065,1052,0.0804,-0.75
user_4121,412274,722,348,4809,690,0.0133,7.26
user_4122,995141,3727,1859,13542,333,0.0139,7.4
user_4123,434934,80,1206,33538,3922,0.0861,12.87
user_4124,295746,1450,457,8695,900,0.0324,10.33
user_4125,468874,4121,1410,33353,1748,0.0749,2.24
user_4126,472328,666,1793,17577,1510,0.0404,13.1
user_4127,190139,4684,1242,3486,128,0.019,7.75
user_4128,159588,2836,1543,2494,332,0.0177,8.31
user_4129,654583,920,2083,13717,912,0.0223,0.87
user_4130,613257,4246,1864,16859,1709,0.0303,12.58
user_4131,657449,3654,1339,29056,1180,0.046,13.83
user_4132,955850,1462,887,56495,2644,0.0619,11.17
user_4133,206735,2789,2578,16341,2434,0.0908,13.99
user_4134,666847,990,1831,27277,3215,0.0457,3.14
user_4135,263299,390,1003,12183,1767,0.053,12.64
user_4136,124950,2958,1282,5813,339,0.0492,6.31
user_4137,330638,4183,2648,15791,653,0.0497,0.79
user_4138,601517,709,1344,27815,2375,0.0502,9.37
user_4139,105648,2083,2073,1121,94,0.0115,9.63
user_4140,39547,1610,1038,400,17,0.0105,2.88
user_4141,554083,3507,1809,9328,1075,0.0188,-1.53
user_4142,187368,1706,826,3205,214,0.0182,1.4
user_4143,546735,3025,1913,32444,1434,0.062,4.8
user_4144,692958,1099,1429,16869,1065,0.0259,0.85
user_4145,960318,503,2686,69747,6505,0.0794,1.3
user_4146,747111,1754,1338,56035,6412,0.0836,4.65
user_4147,257190,2834,1161,20141,1664,0.0848,14.35
user_4148,207402,868,424,15707,1387,0.0824,10.99
user_4149,253419,4918,1806,7357,280,0.0301,3.44
user_4150,755105,62,613,34496,4791,0.052,14.18
user_4151,875392,4029,2633,19505,2745,0.0254,8.98
user_4152,850710,970,2819,56516,6151,0.0737,5.74
user_4153,580365,4970,31,41896,933,0.0738,5.96
user_4154,113782,2468,2232,7918,711,0.0758,4.98
user_4155,628220,1364,2945,25339,2579,0.0444,1.96
user_4156,990410,3727,1337,62501,9331,0.0725,4.57
user_4157,928032,2067,1562,15619,2334,0.0193,6.97
user_4158,444316,1278,2145,5694,748,0.0145,6.98
user_4159,373013,4842,633,23397,662,0.0645,10.95
user_4160,926683,2484,2006,36858,5304,0.0455,4.1
user_4161,311925,2918,888,24856,2476,0.0876,10.19
user_4162,187339,2565,831,3148,390,0.0189,7.83
user_4163,476595,1488,1842,33311,2429,0.075,14.35
user_4164,418168,4214,786,18231,1122,0.0463,4.55
user_4165,841230,3593,101,57119,4582,0.0733,13.32
user_4166,99696,3225,1764,6699,261,0.0698,11.95
user_4167,504650,1831,2276,37404,2484,0.079,8.84
user_4168,51939,2313,541,1602,210,0.0349,9.13
user_4169,816948,2019,1347,62485,1557,0.0784,-0.56
user_4170,712886,261,1013,14697,582,0.0214,14.15
user_4171,142521,557,2532,2242,81,0.0163,-0.18
user_4172,575578,381,1545,23145,1675,0.0431,7.57
user_4173,914120,600,1489,62144,9297,0.0782,3.61
user_4174,874093,991,2695,37707,1603,0.045,5.31
user_4175,336098,777,1533,22871,889,0.0707,8.37
user_4176,810178,2912,800,49484,6876,0.0696,13.45
user_4177,593278,3293,1471,14630,1970,0.028,5.78
user_4178,584098,698,578,44637,1079,0.0783,14.79
user_4179,643650,2787,2158,9175,1080,0.0159,8.08
user_4180,477513,2797,2057,34800,3661,0.0805,0.73
user_4181,147295,1059,1773,4611,552,0.0351,1.23
user_4182,466453,1600,879,20995,1769,0.0488,10.17
user_4183,658957,853,1632,26071,3881,0.0455,-1.14
user_4184,722037,4130,575,15905,408,0.0226,6.17
user_4185,265803,4359,175,9321,470,0.0368,0.52
user_4186,87516,4314,2069,2057,147,0.0252,5.36
user_4187,75567,3451,1400,1834,143,0.0262,10.75
user_4188,802469,4291,844,18532,2590,0.0263,5.8
user_4189,127498,4661,1612,5639,523,0.0483,0.78
user_4190,703098,3211,2869,46302,1197,0.0676,2.28
user_4191,465894,4598,1101,23214,1695,0.0535,4.25
user_4192,537397,4205,1223,38974,2889,0.0779,-0.82
user_4193,285154,577,512,15557,2263,0.0625,7.93
user_4194,796219,3348,688,46382,4540,0.064,8.33
user_4195,764760,1073,94,43386,4452,0.0626,-0.94
user_4196,140544,3784,390,5827,656,0.0461,4.84
user_4197,247183,482,606,14399,1729,0.0652,5.04
user_4198,679743,1226,348,10114,1037,0.0164,3.67
user_4199,324853,450,609,22801,1159,0.0738,7.48
user_4200,464001,2154,1810,29903,3995,0.0731,3.88
user_4201,769613,3100,796,20907,2407,0.0303,5.08
user_4202,35518,2283,2042,2264,263,0.0711,11.56
user_4203,54909,2495,2371,597,89,0.0125,0.76
user_4204,805783,4750,598,20311,2525,0.0283,8.52
user_4205,725984,2885,240,10570,1350,0.0164,6.6
user_4206,971834,2563,1207,62795,9022,0.0739,3.19
user_4207,516693,1823,1523,32505,1288,0.0654,10.37
user_4208,540570,1146,2442,36193,3065,0.0726,7.37
user_4209,479082,978,1727,4941,471,0.0113,6.12
user_4210,240017,2001,1765,10821,679,0.0479,9.35
user_4211,415994,2023,207,24684,3187,0.067,11.64
user_4212,942768,1604,1234,19683,2344,0.0234,14.54
user_4213,453891,2828,1129,25184,2863,0.0618,8.7
user_4214,792507,4471,2541,12591,1883,0.0183,12.87
user_4215,470164,1044,863,10669,573,0.0239,-1.98
user_4216,704814,662,550,30522,3528,0.0483,7.01
user_4217,29365,2643,1090,1637,150,0.0609,1.65
user_4218,466982,645,982,9438,572,0.0214,-0.4
user_4219,442416,891,2542,10160,415,0.0239,7.04
user_4220,274146,4489,1189,6664,909,0.0276,10.7
user_4221,277091,908,1425,7400,720,0.0293,5.01
user_4222,211294,494,536,5463,695,0.0291,9.39
user_4223,882272,1838,1908,33226,3020,0.0411,6.33
user_4224,117219,4367,2493,6536,317,0.0585,5.43
user_4225,341754,3504,1511,13896,887,0.0433,2.93
user_4226,839574,4002,1137,53999,3758,0.0688,4.5
user_4227,581595,4737,152,35098,5141,0.0692,3.95
user_4228,136565,1080,333,2575,53,0.0192,8.99
user_4229,780383,1345,610,10471,1551,0.0154,-0.03
user_4230,313229,2113,1563,22382,3300,0.082,-0.43
user_4231,559516,1497,2226,8721,1303,0.0179,9.22
user_4232,736036,2095,2728,15003,1229,0.0221,7.29
user_4233,970379,4669,1905,11207,1628,0.0132,5.31
user_4234,425871,2900,1646,22990,1642,0.0578,0.59
user_4235,568760,3874,767,28873,676,0.052,4.99
user_4236,836869,2118,1517,66182,3253,0.083,11.43
user_4237,967920,3811,820,69772,9969,0.0824,13.12
user_4238,847143,2325,2477,32834,715,0.0396,9.94
user_4239,138888,1858,1517,5001,454,0.0393,-0.98
user_4240,78175,1361,1399,2406,71,0.0317,9.4
user_4241,589595,4105,699,12186,697,0.0219,2.1
user_4242,309877,2501,2181,6093,191,0.0203,3.36
user_4243,915634,1139,916,17634,2323,0.0218,1.33
user_4244,96028,1722,1566,1727,167,0.0197,11.19
user_4245,510666,3725,1813,13704,1881,0.0305,9.03
user_4246,143312,4582,2132,4509,493,0.0349,8.4
user_4247,492450,4974,703,38071,5567,0.0886,9.36
user_4248,93493,4404,1315,4720,407,0.0548,2.03
user_4249,126149,2053,1705,9982,1028,0.0873,5.56
user_4250,754704,4248,1405,27224,2584,0.0395,8.77
user_4251,203435,4914,2213,8551,709,0.0455,8.82
user_4252,164834,1174,962,5393,700,0.037,11.46
user_4253,271403,1271,1329,6188,642,0.0252,2.88
user_4254,182211,2910,1053,3648,452,0.0225,11.1
user_4255,916207,2323,2806,69774,8528,0.0855,5.48
user_4256,277993,3040,2253,21982,985,0.0826,9.39
user_4257,344912,2560,1640,4533,473,0.0145,5.75
user_4258,369252,286,2902,7578,348,0.0215,14.13
user_4259,877141,1194,828,34775,3332,0.0434,1.05
user_4260,318013,3303,190,7328,791,0.0255,9.48
user_4261,914320,3832,2280,32432,4853,0.0408,7.8
user_4262,64095,816,1573,1220,29,0.0195,0.94
user_4263,118886,2731,1615,4987,158,0.0433,-0.88
user_4264,858342,2715,1643,24907,747,0.0299,11.59
user_4265,480926,1809,46,16656,1195,0.0371,0.68
user_4266,286711,3541,1033,4759,603,0.0187,1.17
user_4267,36292,2865,1111,1450,188,0.0451,14.63
user_4268,75813,3563,2857,5976,692,0.088,10.19
user_4269,622424,545,427,20551,2807,0.0375,2.26
user_4270,576919,3230,1152,41163,2550,0.0758,8.05
user_4271,10885,3980,93,751,23,0.0711,7.08
user_4272,978163,2122,2645,74970,2066,0.0788,12.36
user_4273,186378,387,699,12171,1591,0.0738,10.4
user_4274,853746,3999,1411,47956,5512,0.0626,12.14
user_4275,328231,3158,2853,22963,2544,0.0777,1.6
user_4276,423381,1867,868,6475,415,0.0163,8.88
user_4277,977433,186,889,41441,2875,0.0453,-1.32
user_4278,461244,2605,256,36552,5283,0.0907,-0.83
user_4279,883430,4465,2794,56426,1596,0.0657,10.13
user_4280,575100,965,2445,44481,5363,0.0867,-1.58
user_4281,706860,3588,2728,45645,2750,0.0685,7.86
user_4282,473367,2150,2897,33723,845,0.073,12.29
user_4283,321787,2957,925,19132,2229,0.0664,4.46
user_4284,45900,2964,2443,2902,182,0.0672,-1.24
user_4285,437162,2032,638,20381,2320,0.0519,10.14
user_4286,402067,3920,2720,30033,3363,0.0831,13.8
user_4287,803720,4578,1052,54454,4874,0.0738,10.19
user_4288,73692,3617,2263,5090,616,0.0774,7.83
user_4289,461796,1048,2874,26373,2519,0.0626,1.91
user_4290,401584,2197,2960,12577,720,0.0331,-1.74
user_4291,872868,4744,1333,10905,1258,0.0139,9.81
user_4292,752496,445,866,56810,5487,0.0828,1.93
user_4293,47403,3648,2885,2418,52,0.0521,12.59
user_4294,616458,4560,1943,19030,2611,0.0351,5.93
user_4295,796600,988,2631,16282,1480,0.0223,7.02
user_4296,313023,1686,653,21306,2832,0.0771,10.82
user_4297,60871,2774,2746,4173,562,0.0778,11.25
user_4298,483604,2560,1037,32408,2522,0.0722,8.93
user_4299,492862,4686,27,27184,2337,0.0599,13.95
user_4300,33174,1699,1412,1181,87,0.0382,14.7
user_4301,756111,3740,1088,23654,1855,0.0337,14.1
user_4302,224563,3485,2411,2380,324,0.012,12.01
user_4303,138653,3251,1800,9477,1160,0.0767,10.0
user_4304,111155,4229,2863,1791,65,0.0167,9.28
user_4305,334997,4416,1662,18141,1802,0.0595,-0.24
user_4306,851478,2341,1236,38559,5763,0.0521,2.62
user_4307,312822,4533,868,14661,1428,0.0514,-1.9
user_4308,502608,263,1400,37630,4597,0.084,0.34
user_4309,814081,3287,81,9942,1192,0.0137,5.47
user_4310,128795,3912,1105,8260,541,0.0683,0.49
user_4311,89668,108,2489,1223,83,0.0146,13.33
user_4312,738685,2980,1837,9359,1068,0.0141,11.7
user_4313,670927,4988,652,26895,2286,0.0435,-0.78
user_4314,474620,3021,811,6841,644,0.0158,2.23
user_4315,877338,1577,2618,57237,6449,0.0726,11.92
user_4316,764429,172,1320,35981,4356,0.0528,11.65
user_4317,621307,3769,2673,7476,413,0.0127,14.07
user_4318,980448,1486,1474,12584,491,0.0133,14.96
user_4319,865434,1212,1158,45770,2651,0.0559,14.6
user_4320,554091,3350,1731,36807,3164,0.0721,4.97
user_4321,674590,3395,544,27419,1767,0.0433,2.26
user_4322,674222,2536,2040,32915,3090,0.0534,10.89
user_4323,437571,611,918,28874,778,0.0678,3.09
user_4324,949763,4031,2230,50086,4320,0.0573,11.71
user_4325,231147,1787,806,5948,403,0.0275,7.08
user_4326,556083,954,2977,29424,2633,0.0576,11.5
user_4327,508820,3604,1380,27465,2057,0.058,2.69
user_4328,271914,4540,2446,16692,950,0.0649,6.64
user_4329,536381,1776,192,28675,3943,0.0608,7.59
user_4330,965075,2973,1019,75128,3307,0.0813,14.03
user_4331,394409,3581,1830,9390,1019,0.0264,2.53
user_4332,363455,3956,83,27832,3902,0.0873,13.92
user_4333,280713,984,1365,13385,1205,0.052,11.68
user_4334,798622,124,994,45550,6100,0.0647,10.43
user_4335,850256,344,85,14422,522,0.0176,11.38
user_4336,699112,70,1886,25615,2156,0.0397,8.29
user_4337,688687,3292,1642,43977,3492,0.0689,2.15
user_4338,305214,1088,477,18155,382,0.0607,1.22
user_4339,565485,4705,1622,7243,562,0.0138,12.73
user_4340,527549,1159,2520,25460,1730,0.0515,10.33
user_4341,158584,3821,1977,2565,274,0.0179,1.62
user_4342,925220,421,1760,73749,10471,0.091,8.46
user_4343,349939,4963,1469,25479,793,0.0751,5.61
user_4344,292077,1224,1979,3351,209,0.0122,0.7
user_4345,660738,1214,2245,46321,3600,0.0756,7.04
user_4346,565871,1142,1974,42078,3331,0.0802,2.79
user_4347,375226,1333,299,13038,1574,0.0389,-0.36
user_4348,872803,2061,2411,52686,4090,0.0651,5.94
user_4349,685393,895,1060,28064,660,0.0419,8.03
user_4350,418216,2041,2363,23364,2624,0.0621,-1.2
user_4351,112032,570,2269,3789,511,0.0384,4.84
user_4352,207940,4516,981,6774,588,0.0354,2.38
user_4353,305748,4246,2751,12141,1160,0.0435,-1.48
user_4354,462552,4806,1962,9338,384,0.021,0.14
user_4355,882506,292,1237,60169,2929,0.0715,0.36
user_4356,227727,2850,394,7835,396,0.0361,1.11
user_4357,74869,4657,1931,2845,216,0.0409,11.66
user_4358,792842,2946,54,57547,8094,0.0828,5.47
user_4359,870807,2652,1412,38980,3423,0.0487,0.5
user_4360,712404,2323,2096,34265,1540,0.0503,-0.29
user_4361,719675,1591,794,55382,3023,0.0812,3.06
user_4362,883487,2815,240,63673,4452,0.0771,11.57
user_4363,203416,2164,2120,4447,449,0.0241,4.2
user_4364,925300,4541,2858,39903,3080,0.0465,0.72
user_4365,612004,4757,2143,47730,3389,0.0835,4.87
user_4366,579533,3133,513,20901,1952,0.0394,7.44
user_4367,568344,1907,1731,20466,1052,0.0379,-1.5
user_4368,411925,819,2184,9742,294,0.0244,8.67
user_4369,776024,1472,299,13970,323,0.0184,4.72
user_4370,321701,456,765,19887,1047,0.0651,-1.83
user_4371,280687,3022,2831,17936,572,0.0659,9.46
user_4372,431634,1922,2362,33594,2140,0.0828,10.11
user_4373,750971,2744,1494,48166,5803,0.0719,8.69
user_4374,497507,2319,1877,13449,1521,0.0301,3.81
user_4375,883470,4799,1561,11315,1124,0.0141,7.0
user_4376,410940,1231,1116,32456,4246,0.0893,4.58
user_4377,266972,1489,2909,9032,511,0.0357,9.91
user_4378,117656,3103,1079,3745,505,0.0361,7.92
user_4379,18087,3383,1942,1327,95,0.0786,-0.61
user_4380,931109,2947,2025,47446,3421,0.0546,8.93
user_4381,294481,2953,516,7374,536,0.0269,9.68
user_4382,137554,278,2273,9936,325,0.0746,4.3
user_4383,852765,4009,2493,67824,9957,0.0912,12.89
user_4384,486757,1943,63,7820,297,0.0167,12.33
user_4385,183024,1363,1871,12877,828,0.0749,0.98
user_4386,137535,1120,2672,5135,315,0.0396,13.37
user_4387,768524,1024,473,35878,1065,0.0481,5.49
user_4388,595736,1788,614,44106,1755,0.077,10.3
user_4389,529936,3335,1376,41407,1069,0.0802,11.84
user_4390,393720,807,526,11162,647,0.03,6.59
user_4391,296767,3145,813,7389,980,0.0282,4.78
user_4392,453372,370,40,7088,454,0.0166,13.56
user_4393,36634,2371,1419,1807,65,0.0511,1.92
user_4394,963106,605,2687,10548,1096,0.0121,2.37
user_4395,377742,4989,2481,14668,2193,0.0446,4.15
user_4396,312478,1436,1114,4729,237,0.0159,12.61
user_4397,856080,4813,1447,32844,1850,0.0405,13.96
user_4398,547342,3097,1605,7003,1024,0.0147,1.74
user_4399,595316,2477,1834,40758,1762,0.0714,12.69
user_4400,547495,2054,1440,13513,1168,0.0268,2.39
user_4401,474866,1980,356,15661,801,0.0347,14.5
user_4402,756181,4891,1687,53615,7570,0.0809,8.16
user_4403,606842,4820,929,37769,5574,0.0714,-1.88
user_4404,677746,2213,295,17169,2161,0.0285,-1.42
user_4405,608564,3917,911,9148,557,0.0159,0.51
user_4406,978022,2476,32,58776,4258,0.0645,1.19
user_4407,315925,3843,1046,11799,607,0.0393,11.05
user_4408,709140,2563,993,45119,6127,0.0723,1.79
user_4409,193512,3853,194,7967,1106,0.0469,14.48
user_4410,962703,2377,1428,32943,2452,0.0368,8.81
user_4411,848467,667,1645,35282,3716,0.046,9.77
user_4412,533498,2215,1963,33289,1382,0.065,1.7
user_4413,569651,3358,2308,41673,3189,0.0788,13.18
user_4414,767535,1042,566,10349,1056,0.0149,9.35
user_4415,603567,1427,2081,28179,1975,0.05,12.69
user_4416,192420,4431,1238,2366,157,0.0131,14.26
user_4417,711644,3224,1440,30450,612,0.0436,0.14
user_4418,501844,4832,1474,36117,4498,0.0809,-0.36
user_4419,204196,1355,2792,7210,977,0.0401,11.66
user_4420,200919,4883,1453,15123,2208,0.0863,12.72
user_4421,416648,3128,22,22558,2560,0.0603,7.92
user_4422,258324,2736,2758,19475,1778,0.0823,4.22
user_4423,720449,3033,1862,45389,2496,0.0665,9.09
user_4424,973902,2573,766,16790,2516,0.0198,3.2
user_4425,755651,3632,2836,19783,1912,0.0287,2.05
user_4426,659681,1535,891,24798,2691,0.0417,6.3
user_4427,868780,2150,514,19032,2069,0.0243,1.67
user_4428,431599,4631,2484,19268,2502,0.0504,6.22
user_4429,376960,3765,1434,16207,344,0.0439,14.26
user_4430,735042,2051,647,56552,2750,0.0807,12.28
user_4431,648341,1437,1095,26167,2787,0.0447,14.01
user_4432,473406,3233,161,30768,4195,0.0739,11.71
user_4433,184965,1080,1507,14045,1532,0.0842,4.03
user_4434,167892,1815,65,11985,883,0.0766,11.8
user_4435,853694,4813,2911,21006,1407,0.0263,13.69
user_4436,135832,1270,2077,6074,704,0.0499,14.1
user_4437,154262,4980,683,5297,616,0.0383,9.61
user_4438,68411,3856,592,2598,256,0.0417,1.59
user_4439,286521,2464,2049,10101,584,0.0373,-1.32
user_4440,440953,4395,1573,29916,4196,0.0774,0.5
user_4441,988073,1668,1641,41152,3775,0.0455,14.41
user_4442,39211,1313,2716,1829,224,0.0524,5.86
user_4443,214981,921,932,16934,810,0.0825,12.53
user_4444,266888,884,659,3789,245,0.0151,5.91
user_4445,781926,2872,2683,34527,4616,0.0501,9.23
user_4446,288139,968,2765,18494,490,0.0659,-1.59
user_4447,673337,1774,928,13858,1200,0.0224,2.25
user_4448,754298,2463,2245,39832,3290,0.0572,5.42
user_4449,559830,1363,888,14982,1762,0.0299,8.72
user_4450,11651,4548,1049,823,46,0.0746,0.92
user_4451,100239,2155,872,3297,159,0.0345,11.0
user_4452,866363,2618,326,28619,4018,0.0377,4.19
user_4453,751704,1188,2615,38993,3677,0.0568,11.9
user_4454,889544,259,2394,20325,683,0.0236,-0.33
user_4455,804147,1114,1836,24077,1085,0.0313,9.56
user_4456,438625,4961,414,17178,2574,0.045,2.99
user_4457,156378,2270,2367,5434,246,0.0363,11.52
user_4458,151158,283,768,7065,701,0.0514,4.84
user_4459,408592,842,2352,21236,1584,0.0559,9.31
user_4460,324494,3160,349,16116,2177,0.0564,13.88
user_4461,334569,2216,2117,18666,2205,0.0624,-1.65
user_4462,497574,384,2051,15694,1531,0.0346,-1.81
user_4463,430852,1409,792,8121,173,0.0193,11.09
user_4464,873552,1264,1665,55257,7425,0.0718,8.99
user_4465,902321,4469,1752,62760,4883,0.075,2.98
user_4466,445865,333,397,12479,1760,0.0319,6.4
user_4467,428826,262,1807,16508,1393,0.0417,-1.29
user_4468,666418,1708,1643,29922,3298,0.0498,1.27
user_4469,256948,4128,1019,12162,352,0.0487,5.22
user_4470,522481,4897,1868,29344,3429,0.0627,12.18
user_4471,862069,1467,1581,11131,711,0.0137,6.15
user_4472,472249,2436,793,28572,1876,0.0645,7.97
user_4473,857626,1844,1103,12296,435,0.0148,12.85
user_4474,864349,154,2935,36977,1445,0.0445,3.25
user_4475,65200,4915,1823,4429,195,0.0709,9.91
user_4476,106848,3943,1118,4443,278,0.0442,12.65
user_4477,107022,3895,2070,2187,297,0.0232,1.44
user_4478,702979,3740,1618,55501,3767,0.0843,4.06
user_4479,935658,3342,767,67601,7717,0.0805,14.66
user_4480,413755,428,1491,26476,814,0.066,14.71
user_4481,781741,3343,1784,30336,2937,0.0426,1.79
user_4482,847490,3379,2342,19381,1601,0.0248,-0.87
user_4483,63068,4858,1573,4786,704,0.087,2.61
user_4484,471529,3488,1635,22286,2897,0.0534,4.76
user_4485,887364,274,2282,61818,4891,0.0752,5.5
user_4486,162445,787,1528,5514,665,0.038,8.52
user_4487,689514,285,348,23078,1040,0.035,13.29
user_4488,138103,4328,2322,10908,1015,0.0863,3.62
user_4489,225605,761,1430,10497,311,0.0479,12.45
user_4490,204047,1938,145,4050,264,0.0211,-0.41
user_4491,810217,4768,786,20561,1014,0.0266,-1.29
user_4492,997432,1309,1593,43623,4949,0.0487,6.57
user_4493,250768,798,1247,3253,272,0.0141,-0.99
user_4494,685029,4036,1215,29029,3414,0.0474,4.67
user_4495,95475,3601,1778,3754,326,0.0427,13.25
user_4496,511370,559,236,33010,1031,0.0666,2.11
user_4497,527570,1873,1379,18383,2125,0.0389,10.0
user_4498,690984,4930,1341,54434,6984,0.0889,3.14
user_4499,704798,2991,851,15966,2194,0.0258,-1.24
user_4500,221972,4282,201,11402,1075,0.0562,7.46
user_4501,854966,2184,353,13917,1641,0.0182,12.19
user_4502,163777,1827,530,10051,1183,0.0686,4.96
user_4503,956748,1272,402,76188,3066,0.0828,8.49
user_4504,862396,3717,1916,58073,2401,0.0701,13.3
user_4505,693797,1827,351,33926,991,0.0503,11.42
user_4506,209944,1354,1208,9223,568,0.0466,1.3
user_4507,993382,4909,1285,67999,5545,0.074,10.47
user_4508,644294,751,919,48655,7284,0.0868,6.53
user_4509,237440,3039,661,18815,1430,0.0853,10.68
user_4510,729342,201,1270,27538,3150,0.0421,6.41
user_4511,313727,1375,653,24898,2742,0.0881,0.18
user_4512,825824,1351,2518,17271,804,0.0219,7.69
user_4513,8461,3772,215,234,6,0.0284,6.37
user_4514,625411,1761,1913,10151,923,0.0177,6.8
user_4515,797948,856,477,23157,2571,0.0322,12.94
user_4516,473501,4380,849,30188,4521,0.0733,13.21
user_4517,149586,2772,2324,10426,694,0.0743,5.71
user_4518,384395,4706,2076,24802,3386,0.0733,5.75
user_4519,495178,1375,2828,26826,1868,0.0579,6.76
user_4520,954772,4183,1244,43898,4812,0.051,6.83
user_4521,232496,1209,906,13858,1354,0.0654,14.16
user_4522,693148,2919,412,25894,696,0.0384,9.04
user_4523,732109,4566,1695,50436,1522,0.071,2.72
user_4524,717409,1292,2466,41181,934,0.0587,7.04
user_4525,849925,397,2398,50014,3411,0.0629,8.66
user_4526,561315,1881,2547,26671,3119,0.0531,8.88
user_4527,880979,1619,2201,63400,2691,0.075,7.95
user_4528,174921,3985,935,4834,477,0.0304,1.02
user_4529,887559,1968,954,32555,1873,0.0388,-1.43
user_4530,674218,3282,374,43443,5369,0.0724,3.74
user_4531,740522,3808,2651,32947,4078,0.05,5.27
user_4532,604291,2405,1541,43656,5273,0.081,-0.95
user_4533,708755,1447,2692,24273,2141,0.0373,11.85
user_4534,565046,2830,2357,20258,1154,0.0379,3.85
user_4535,317456,1874,2892,22923,2870,0.0812,13.53
user_4536,331814,2541,648,14104,623,0.0444,0.62
user_4537,83279,4110,2699,3841,221,0.0488,-1.03
user_4538,16434,454,1190,547,24,0.0347,6.2
user_4539,720407,1771,346,21156,2277,0.0325,1.22
user_4540,441991,2875,1458,24714,2699,0.062,13.94
user_4541,338913,3895,2277,6232,653,0.0203,-1.82
user_4542,771042,4260,1441,55167,4083,0.0768,5.01
user_4543,329821,3242,1146,21288,702,0.0667,13.75
user_4544,84555,114,2703,1974,273,0.0266,4.54
user_4545,653667,1349,1800,38292,3293,0.0636,-0.42
user_4546,742280,4970,1551,38735,2824,0.056,3.15
user_4547,764799,1465,1934,17527,1692,0.0251,6.47
user_4548,177806,3643,2935,5178,233,0.0304,1.15
user_4549,889097,1018,1252,34344,1278,0.0401,5.93
user_4550,482719,418,1976,28454,2069,0.0632,12.22
user_4551,434819,282,2495,23789,1178,0.0574,12.83
user_4552,470924,2292,412,22254,1151,0.0497,-1.16
user_4553,69803,3133,845,4452,605,0.0724,0.74
user_4554,433548,970,2983,27337,2432,0.0687,2.68
user_4555,879135,738,1932,46814,3878,0.0577,8.11
user_4556,808744,4322,2415,52640,5771,0.0722,4.14
user_4557,749736,1519,69,25040,3598,0.0382,12.35
user_4558,478742,4775,2983,34319,1186,0.0742,10.18
user_4559,700539,4309,1416,37159,4769,0.0599,-0.29
user_4560,727802,3672,1070,49174,4716,0.074,8.62
user_4561,246404,2150,819,11886,463,0.0501,-0.08
user_4562,643249,2315,1812,16268,953,0.0268,2.34
user_4563,303523,3839,2716,14559,1204,0.0519,1.02
user_4564,18297,873,1383,658,72,0.0399,0.94
user_4565,789443,3481,2368,46438,2393,0.0619,8.48
user_4566,510346,4201,1585,22100,1978,0.0472,7.58
user_4567,121234,4263,2233,8307,905,0.076,0.99
user_4568,569302,847,2383,32714,2562,0.062,14.83
user_4569,768454,829,20,44507,5883,0.0656,5.17
user_4570,930242,2900,1039,23442,3118,0.0286,-0.35
user_4571,881765,2942,1304,69569,5648,0.0853,0.05
user_4572,179570,1943,82,12375,1812,0.079,7.93
user_4573,784152,3356,2550,51150,1525,0.0672,14.64
user_4574,798552,2952,1889,26444,540,0.0338,7.72
user_4575,510733,4853,2289,24256,1685,0.0508,14.13
user_4576,927271,3768,171,18171,1783,0.0215,5.55
user_4577,285996,71,663,13640,1388,0.0525,5.41
user_4578,342383,1550,645,6920,567,0.0219,6.5
user_4579,395145,892,236,19248,697,0.0505,9.86
user_4580,733847,1810,215,40662,1714,0.0577,4.25
user_4581,512603,3691,1034,19127,2501,0.0422,12.69
user_4582,616863,241,2714,27696,3678,0.0509,-1.5
user_4583,508365,445,2775,36244,3900,0.079,5.48
user_4584,620328,4712,1541,10917,1161,0.0195,6.69
user_4585,149510,4376,1598,9781,955,0.0718,8.32
user_4586,180587,923,1100,3964,183,0.023,2.69
user_4587,531032,2671,1547,6674,505,0.0135,5.27
user_4588,740180,4385,741,17016,1879,0.0255,6.24
user_4589,436633,139,1627,27749,2493,0.0693,9.68
user_4590,925573,2329,1779,35503,795,0.0392,11.15
user_4591,829791,506,1582,58978,8490,0.0813,10.54
user_4592,676159,2330,659,31596,4101,0.0528,3.81
user_4593,361890,4499,2173,4182,225,0.0122,14.99
user_4594,750122,1054,184,45134,4519,0.0662,12.43
user_4595,646194,4584,234,11448,1602,0.0202,2.42
user_4596,202260,394,1114,13198,428,0.0674,1.32
user_4597,746219,2761,109,16243,1387,0.0236,3.34
user_4598,778881,4802,1815,26623,2111,0.0369,5.69
user_4599,764034,2512,2941,48354,3545,0.0679,12.46
user_4600,532885,1166,1271,40923,5263,0.0867,11.23
user_4601,834525,675,1122,30043,2087,0.0385,12.47
user_4602,431442,4429,627,29363,830,0.07,2.62
user_4603,204199,2029,368,4769,136,0.024,8.09
user_4604,377794,4044,2961,25124,642,0.0682,2.82
user_4605,485585,1728,265,27204,1991,0.0601,-0.15
user_4606,733722,272,291,17236,1954,0.0262,9.63
user_4607,682777,793,2050,21285,989,0.0326,0.43
user_4608,937197,512,422,18016,1874,0.0212,9.35
user_4609,473890,1618,1485,17442,1906,0.0408,9.02
user_4610,384100,3397,1215,9316,495,0.0255,11.77
user_4611,116598,1786,2965,6422,629,0.0605,0.37
user_4612,251100,4089,1099,19991,2179,0.0883,11.32
user_4613,783877,4001,1634,8497,685,0.0117,14.99
user_4614,709521,714,1146,33960,2165,0.0509,12.47
user_4615,777676,1406,303,39005,3919,0.0552,10.78
user_4616,134241,1064,536,9933,1461,0.0849,9.26
user_4617,740452,2182,2685,33631,2538,0.0488,5.17
user_4618,154124,2718,1321,7407,525,0.0515,10.42
user_4619,466065,1104,631,20048,1610,0.0465,10.31
user_4620,205923,1814,769,5935,177,0.0297,8.74
user_4621,9036,4508,1312,125,11,0.0151,11.54
user_4622,557066,2919,1876,21506,1349,0.041,5.63
user_4623,946238,1462,419,12945,463,0.0142,0.06
user_4624,155245,717,1546,7534,607,0.0524,7.5
user_4625,686763,3420,2044,21640,442,0.0322,2.51
user_4626,984825,1444,2153,46633,3368,0.0508,4.54
user_4627,203747,148,339,3952,133,0.02,-1.7
user_4628,924848,4120,1075,69626,1612,0.077,4.51
user_4629,544088,471,355,39509,5024,0.0818,11.75
user_4630,288516,3700,2118,6722,935,0.0265,7.23
user_4631,324660,4207,193,11051,519,0.0356,-1.83
user_4632,807970,1182,1661,42777,3854,0.0577,5.99
user_4633,851350,1752,520,14215,797,0.0176,2.95
user_4634,933477,3670,2143,32503,2735,0.0377,6.12
user_4635,334299,3240,2383,9219,707,0.0297,4.88
user_4636,756600,647,1876,56053,3081,0.0782,13.84
user_4637,60500,441,1916,4215,468,0.0774,-1.3
user_4638,168647,1125,1683,8531,310,0.0524,9.62
user_4639,237527,2700,1738,11027,296,0.0477,12.47
user_4640,436477,2434,1798,32801,3929,0.0842,14.31
user_4641,635947,859,716,47867,5101,0.0833,1.02
user_4642,553004,3359,751,43053,3651,0.0845,7.03
user_4643,397452,3788,1114,7462,603,0.0203,-1.26
user_4644,410064,1209,2921,8709,737,0.023,6.49
user_4645,3352,1581,2733,192,14,0.0615,0.13
user_4646,134004,2732,671,6418,456,0.0513,12.24
user_4647,863881,303,1114,9755,828,0.0123,-0.06
user_4648,533844,3598,65,7654,678,0.0156,6.73
user_4649,787261,3235,1090,56813,6246,0.0801,6.86
user_4650,349980,1281,1465,24785,2787,0.0788,14.52
user_4651,661858,2473,2216,23170,1600,0.0374,9.13
user_4652,732478,3625,2977,53012,3910,0.0777,2.89
user_4653,51098,4311,475,2634,180,0.0551,2.09
user_4654,982890,1623,1682,65277,5858,0.0724,0.18
user_4655,375313,2958,2944,14982,1182,0.0431,10.86
user_4656,665929,4762,985,11945,1620,0.0204,9.74
user_4657,248199,1675,2040,10017,1107,0.0448,8.37
user_4658,127060,4048,888,5337,730,0.0477,-1.31
user_4659,188954,3933,1548,9176,1029,0.054,10.97
user_4660,726753,3565,2996,12638,1848,0.0199,8.91
user_4661,131544,3453,1020,10444,1072,0.0875,14.39
user_4662,525628,4648,793,14239,2068,0.031,7.98
user_4663,700309,4730,2311,16736,678,0.0249,3.17
user_4664,607590,2008,2541,28481,763,0.0481,4.49
user_4665,980947,4059,2449,46697,4449,0.0521,0.99
user_4666,748028,2785,1146,30510,4511,0.0468,10.29
user_4667,468243,4541,2556,29982,2227,0.0688,10.03
user_4668,525426,3224,1080,24256,1153,0.0484,1.41
user_4669,394574,451,1697,20785,1824,0.0573,0.69
user_4670,644907,1024,1563,39121,4082,0.067,-0.69
user_4671,469466,273,416,5517,336,0.0125,13.5
user_4672,872808,4663,2363,43592,4922,0.0556,1.96
user_4673,625219,285,126,44949,6596,0.0824,3.85
user_4674,949158,3548,2927,10646,1454,0.0127,2.77
user_4675,157951,4261,973,6059,350,0.0406,5.03
user_4676,868964,3284,2597,65029,4062,0.0795,10.14
user_4677,843210,275,1868,29276,1999,0.0371,12.8
user_4678,563060,2327,953,23711,1690,0.0451,1.1
user_4679,59478,4327,307,4681,154,0.0813,9.67
user_4680,458569,1391,725,10983,1307,0.0268,3.99
user_4681,552050,4086,2063,8042,542,0.0155,14.67
user_4682,145355,259,1504,10198,1370,0.0796,3.08
user_4683,720282,3777,234,50990,7164,0.0807,-1.88
user_4684,695780,3978,1324,29950,694,0.044,6.77
user_4685,843000,2853,2799,38773,5757,0.0528,0.56
user_4686,872522,1159,1997,59773,6712,0.0762,-1.24
user_4687,807651,2076,1502,49831,4367,0.0671,9.87
user_4688,844601,443,1844,24122,1703,0.0306,10.45
user_4689,494671,893,363,5531,483,0.0122,5.83
user_4690,600253,1574,213,26158,1627,0.0463,9.51
user_4691,178912,653,177,12546,1266,0.0772,7.15
user_4692,176767,631,484,12852,412,0.075,8.71
user_4693,237281,1989,2171,18255,1839,0.0847,8.14
user_4694,85754,182,2101,6137,342,0.0756,9.32
user_4695,603276,2888,2706,30527,680,0.0517,1.39
user_4696,452558,3435,1769,18610,1709,0.0449,2.57
user_4697,508732,3820,2392,32680,3111,0.0704,5.48
user_4698,151023,2318,2758,9331,704,0.0664,5.58
user_4699,657667,1025,611,31351,921,0.0491,11.16
user_4700,81388,1863,2208,1311,178,0.0183,4.25
user_4701,878200,3313,2541,65711,6537,0.0823,0.76
user_4702,822860,1593,1074,34471,1207,0.0434,2.27
user_4703,240779,2885,903,8531,737,0.0385,1.65
user_4704,879453,2788,82,47551,4024,0.0586,10.44
user_4705,905850,1407,1130,51786,1442,0.0588,6.0
user_4706,207846,4184,323,5143,508,0.0272,10.05
user_4707,695335,1366,1104,47690,5965,0.0772,5.08
user_4708,133212,211,415,4035,473,0.0338,13.13
user_4709,943346,1959,353,21760,1009,0.0241,14.72
user_4710,813853,1177,2853,31291,4133,0.0435,9.39
user_4711,789140,3920,430,48247,3113,0.0651,12.68
user_4712,922134,1708,2351,71541,10233,0.0887,6.63
user_4713,413811,3175,485,27580,808,0.0686,13.89
user_4714,601309,2013,99,45593,3793,0.0821,12.14
user_4715,160380,2339,2851,3182,310,0.0218,14.86
user_4716,45789,1016,1120,686,35,0.0157,8.59
user_4717,974194,939,1997,47773,5746,0.0549,11.25
user_4718,27086,3111,752,821,83,0.0334,7.23
user_4719,280003,3679,1837,19030,425,0.0695,2.41
user_4720,532972,3239,1583,30400,3012,0.0627,4.03
user_4721,92088,2798,1404,7178,602,0.0845,13.2
user_4722,395423,1716,2144,11006,500,0.0291,-1.05
user_4723,571387,3116,2576,25143,3757,0.0506,8.06
user_4724,986000,1491,1207,44455,6073,0.0512,4.33
user_4725,591381,1117,1218,15814,917,0.0283,4.57
user_4726,161761,4273,2529,8299,749,0.0559,13.04
user_4727,836083,2973,1631,34304,2097,0.0435,12.51
user_4728,539181,4303,2312,22252,2688,0.0463,8.18
user_4729,492024,3906,141,17413,2454,0.0404,2.64
user_4730,591706,876,204,6618,441,0.0119,6.08
user_4731,126074,4657,51,5868,731,0.0523,4.94
user_4732,890497,4035,1017,29802,2527,0.0363,4.01
user_4733,131351,2142,2006,1325,94,0.0108,-0.25
user_4734,716371,3229,2829,22605,3209,0.036,7.23
user_4735,39635,4588,588,1169,100,0.032,3.13
user_4736,974619,3951,2377,36588,2954,0.0406,9.23
user_4737,96071,2412,1415,1847,198,0.0213,3.43
user_4738,996909,2274,1699,45397,2449,0.048,5.33
user_4739,466918,1776,849,27301,1698,0.0621,-1.11
user_4740,865950,2056,1639,46859,6614,0.0618,14.87
user_4741,369377,316,1099,24475,2648,0.0734,6.63
user_4742,891083,887,810,37105,4729,0.0469,-1.59
user_4743,598093,4634,2531,27713,1530,0.0489,7.2
user_4744,977458,4847,2745,65223,5915,0.0728,12.8
user_4745,422280,736,2737,16865,2467,0.0458,11.13
user_4746,910245,3411,2765,53806,3305,0.0627,9.92
user_4747,342207,406,1013,13832,565,0.0421,0.37
user_4748,265598,3865,97,10422,900,0.0426,9.18
user_4749,284022,921,2601,17954,1264,0.0677,11.03
user_4750,183170,2023,127,4073,165,0.0231,7.73
user_4751,194226,4697,1316,6545,886,0.0383,13.18
user_4752,145063,1860,2831,3726,554,0.0295,2.71
user_4753,593632,4468,2082,20858,1958,0.0384,2.12
user_4754,892378,2691,389,23314,2814,0.0293,12.78
user_4755,561881,2278,2272,28407,3740,0.0572,8.63
user_4756,561592,3441,2024,36993,4110,0.0732,-1.98
user_4757,424602,4228,1723,27625,711,0.0667,4.0
user_4758,711580,2400,2932,25271,1023,0.037,12.58
user_4759,114613,4407,460,9078,265,0.0815,-1.54
user_4760,725698,4929,2926,37424,796,0.0527,-1.94
user_4761,488505,2789,246,18542,1108,0.0402,2.78
user_4762,415299,2780,2595,28442,2019,0.0733,13.54
user_4763,543642,1368,2421,33211,1704,0.0642,13.33
user_4764,285334,1585,642,17818,506,0.0642,6.82
user_4765,531430,4834,1044,12610,1120,0.0258,7.41
user_4766,422614,2493,1596,18080,1004,0.0452,3.64
user_4767,184043,1822,2994,12943,1598,0.079,2.14
user_4768,829294,3259,1663,37552,790,0.0462,11.86
user_4769,709770,4984,1204,41054,5317,0.0653,-0.19
user_4770,151575,927,180,7753,1117,0.0585,6.29
user_4771,126438,2920,890,8719,986,0.0768,8.78
user_4772,573744,3250,1765,17165,1980,0.0334,-0.24
user_4773,625455,4194,1194,31449,4445,0.0574,6.83
user_4774,869467,3797,463,16195,764,0.0195,7.82
user_4775,795448,2886,1810,46386,6925,0.067,10.62
user_4776,265528,342,1514,16260,1960,0.0686,1.99
user_4777,194392,1701,482,2526,289,0.0145,2.99
user_4778,409288,4681,492,23454,1570,0.0611,7.68
user_4779,103239,4456,2624,4029,366,0.0426,14.71
user_4780,636719,586,99,11898,1249,0.0206,1.7
user_4781,867450,2736,1082,34171,3439,0.0434,14.76
user_4782,565798,283,259,13350,1490,0.0262,10.14
user_4783,705293,2702,576,27569,846,0.0403,12.04
user_4784,809258,2424,609,29864,1978,0.0393,-0.48
user_4785,331170,2322,1380,20429,1561,0.0664,3.11
user_4786,122668,1016,1904,7874,424,0.0676,-1.02
user_4787,767988,939,1995,40313,1710,0.0547,4.32
user_4788,419734,3913,1323,4863,185,0.012,14.68
user_4789,549333,3450,1159,41294,2792,0.0803,-0.21
user_4790,182948,84,2336,10617,893,0.0629,7.56
user_4791,486662,4592,1959,6031,169,0.0127,-1.9
user_4792,615390,3573,354,41427,5925,0.0769,10.12
user_4793,315063,1813,331,7567,904,0.0269,1.35
user_4794,624729,3341,1096,31577,3631,0.0564,0.2
user_4795,159175,2538,2761,6791,288,0.0445,3.73
user_4796,250877,2750,53,9881,973,0.0433,11.11
user_4797,954692,1608,1861,69005,6132,0.0787,-0.19
user_4798,137917,4740,405,5601,827,0.0466,1.91
user_4799,218770,2326,268,3341,391,0.0171,-1.86
user_4800,955178,4056,1154,72846,6909,0.0835,14.46
user_4801,643613,4489,1453,47908,6257,0.0842,8.07
user_4802,544625,1153,1222,31539,1266,0.0602,10.24
user_4803,678673,1469,813,29014,637,0.0437,9.07
user_4804,945447,1528,871,15600,1711,0.0183,0.45
user_4805,341093,3964,2941,22291,730,0.0675,8.11
user_4806,787708,3792,395,12038,421,0.0158,0.23
user_4807,314295,3006,743,4652,543,0.0165,4.82
user_4808,936115,1432,1630,44574,2459,0.0502,7.67
user_4809,668304,2624,1933,14174,1441,0.0234,7.5
user_4810,840319,3434,221,8857,1233,0.012,0.02
user_4811,606730,1619,2512,24037,1469,0.042,-1.41
user_4812,50847,1944,1962,996,48,0.0205,11.57
user_4813,59653,2293,2364,1266,42,0.0219,10.34
user_4814,742432,1916,1351,11421,422,0.016,-0.61
user_4815,778949,78,512,18972,532,0.025,0.17
user_4816,319766,755,357,19212,603,0.062,13.17
user_4817,290954,1070,1988,19384,1476,0.0717,11.08
user_4818,78842,2113,2990,3285,202,0.0442,14.93
user_4819,909657,1496,1885,41351,4625,0.0505,2.32
user_4820,273647,3714,811,3361,447,0.0139,6.29
user_4821,85761,3037,1536,1273,155,0.0167,2.02
user_4822,431192,3652,2042,12086,1075,0.0305,8.59
user_4823,913871,3735,2384,43932,1463,0.0497,-0.04
user_4824,799022,3418,961,49354,5540,0.0687,0.16
user_4825,517637,3631,2693,27098,1820,0.0559,-0.78
user_4826,667246,2812,2142,24987,777,0.0386,9.79
user_4827,931370,4087,78,17027,2205,0.0206,6.4
user_4828,329768,622,2453,21320,1363,0.0688,8.5
user_4829,987403,4138,2082,35018,1693,0.0372,12.95
user_4830,689152,664,1274,42399,5651,0.0697,10.59
user_4831,403980,4100,2266,18546,2545,0.0522,5.85
user_4832,782198,375,1397,48266,3092,0.0657,14.73
user_4833,121356,3790,54,8920,589,0.0784,5.76
user_4834,218228,408,181,16251,1549,0.0816,-0.09
user_4835,43727,3827,2866,2075,239,0.0529,14.88
user_4836,341615,2421,914,15647,441,0.0471,-1.61
user_4837,533356,1771,490,15252,1481,0.0314,7.35
user_4838,642211,1399,2598,48490,6976,0.0864,3.25
user_4839,401511,3746,2859,16885,913,0.0443,6.56
user_4840,435376,3946,2919,8242,1138,0.0215,7.5
user_4841,12390,4310,1466,499,71,0.046,2.08
user_4842,632040,1646,367,11941,656,0.0199,7.47
user_4843,938635,1677,713,42404,5005,0.0505,10.85
user_4844,357898,2552,954,17640,900,0.0518,2.53
user_4845,339113,3858,932,11408,1322,0.0375,4.52
user_4846,671398,242,166,10081,1246,0.0169,2.56
user_4847,970831,2724,1731,73827,3849,0.08,11.95
user_4848,750078,3895,694,48106,5439,0.0714,10.32
user_4849,340208,2627,1459,23379,2935,0.0773,12.81
user_4850,22281,141,2754,795,52,0.038,0.89
user_4851,55189,4284,1537,3491,145,0.0659,-0.75
user_4852,263093,530,1299,11569,369,0.0454,0.03
user_4853,311655,2966,705,7503,711,0.0264,0.74
user_4854,647403,4485,1146,12112,1782,0.0215,7.06
user_4855,533893,1125,140,18234,2315,0.0385,14.51
user_4856,363462,2563,2486,7134,546,0.0211,4.07
user_4857,395597,848,2417,31599,2836,0.087,14.29
user_4858,985138,4620,61,13243,746,0.0142,-1.35
user_4859,807242,3999,48,33000,1359,0.0426,13.76
user_4860,250415,654,985,10428,862,0.0451,1.08
user_4861,680682,3029,1935,21131,1695,0.0335,13.51
user_4862,42869,4966,2852,2143,188,0.0544,-1.04
user_4863,558243,647,2020,11443,1646,0.0234,14.12
user_4864,586676,1582,2081,38059,3749,0.0713,1.41
user_4865,766612,563,939,25506,2518,0.0366,3.15
user_4866,11207,1927,837,575,21,0.0532,6.35
user_4867,219401,4022,2892,13184,1971,0.0691,4.47
user_4868,986132,3893,1528,71231,8581,0.0809,9.35
user_4869,160292,1749,1232,10980,1471,0.0777,14.57
user_4870,478266,1079,891,25148,1857,0.0565,8.31
user_4871,497762,4645,314,18510,1578,0.0404,10.27
user_4872,206157,766,883,9323,819,0.0492,-0.5
user_4873,23031,4136,2615,1469,66,0.0666,8.67
user_4874,464937,715,1057,33209,3640,0.0793,5.72
user_4875,868239,2258,2702,14989,2059,0.0196,13.06
user_4876,596600,1129,614,22038,909,0.0385,4.6
user_4877,585054,277,1202,37635,1175,0.0663,9.55
user_4878,144521,198,1537,5812,674,0.0449,1.88
user_4879,352977,1119,1372,11738,651,0.0351,2.41
user_4880,188771,4777,633,7322,740,0.0427,4.39
user_4881,238199,1413,1892,12433,1373,0.058,3.17
user_4882,999757,4558,1623,79966,4945,0.0849,2.32
user_4883,762019,1805,1603,33917,4272,0.0501,-1.16
user_4884,761129,569,1612,18719,1712,0.0268,12.22
user_4885,636329,3594,1175,13616,1810,0.0242,-0.91
user_4886,641473,2372,484,8316,991,0.0145,13.09
user_4887,178164,1152,1499,8750,1163,0.0556,0.13
user_4888,457887,647,2997,22033,498,0.0492,-0.89
user_4889,535638,3323,1310,13051,674,0.0256,7.57
user_4890,752518,4099,2866,44152,1399,0.0605,6.54
user_4891,888291,2655,2462,54965,4258,0.0667,6.35
user_4892,514313,2238,2313,14471,1963,0.032,7.77
user_4893,786858,4875,587,26821,2166,0.0368,2.88
user_4894,69487,638,57,5512,719,0.0897,9.27
user_4895,149694,4522,264,5418,338,0.0385,6.54
user_4896,124853,1457,40,7897,506,0.0673,3.69
user_4897,988767,4896,1153,41222,5623,0.0474,12.05
user_4898,316261,4772,1649,20725,1561,0.0705,10.37
user_4899,236062,3440,413,15068,1848,0.0717,4.69
user_4900,452610,3490,1453,25682,1303,0.0596,12.41
user_4901,234077,1679,1006,16346,2343,0.0798,13.64
user_4902,888516,1044,1691,67300,6372,0.0829,7.13
user_4903,24782,4848,2075,1253,148,0.0565,1.65
user_4904,510492,2109,2395,13590,429,0.0275,13.57
user_4905,815886,4622,1930,30925,2599,0.0411,1.22
user_4906,855336,3036,309,53955,7399,0.0717,-1.18
user_4907,655224,450,1806,36405,4878,0.063,3.57
user_4908,409808,2905,2578,9198,239,0.023,10.36
user_4909,154245,2274,931,2095,124,0.0144,13.7
user_4910,951708,3462,380,55015,4270,0.0623,8.83
user_4911,954100,106,1642,26309,1115,0.0287,14.18
user_4912,952828,1925,2783,42855,4924,0.0501,-0.43
user_4913,123258,4593,238,7675,337,0.065,-0.97
user_4914,636956,4348,2473,31457,2046,0.0526,8.27
user_4915,455418,3818,2035,7209,765,0.0175,14.42
user_4916,483616,4883,2060,11118,919,0.0249,6.55
user_4917,387328,4347,2064,9819,1139,0.0283,-1.12
user_4918,507581,1403,2820,14237,2063,0.0321,1.76
user_4919,424966,2460,2990,21069,740,0.0513,2.16
user_4920,994616,4361,851,45033,5054,0.0504,3.74
user_4921,279710,2652,1813,6774,338,0.0254,-1.26
user_4922,663550,2984,1811,9773,722,0.0158,13.38
user_4923,563621,72,2861,12399,300,0.0225,6.76
user_4924,385073,2252,1263,30384,1144,0.0819,9.41
user_4925,737265,1259,614,31553,1942,0.0454,-0.86
user_4926,614859,2346,2174,43479,2802,0.0753,-1.08
user_4927,121263,798,600,8417,1152,0.0789,7.97
user_4928,920093,854,2676,42146,4907,0.0511,13.08
user_4929,550523,183,1767,32738,4792,0.0682,6.98
user_4930,1159,4466,2075,27,2,0.025,12.92
user_4931,668505,2487,2873,38898,2000,0.0612,11.79
user_4932,999413,483,2256,29049,1818,0.0309,-0.71
user_4933,163993,3721,100,11191,689,0.0724,1.43
user_4934,368003,3786,2175,5836,364,0.0168,9.18
user_4935,148309,4089,1364,9509,1022,0.071,5.54
user_4936,108507,2148,1622,1844,164,0.0185,2.94
user_4937,926748,2967,2753,66432,4657,0.0767,5.12
user_4938,15743,302,365,492,19,0.0325,5.57
user_4939,753462,4884,1906,42048,961,0.0571,13.48
user_4940,47101,1179,2395,2078,100,0.0462,-0.24
user_4941,243717,3314,574,8686,295,0.0369,2.76
user_4942,646822,351,321,35692,4358,0.0619,7.14
user_4943,347371,2027,219,26513,918,0.079,9.87
user_4944,231604,2813,2960,2985,340,0.0144,8.72
user_4945,188450,4055,1082,14005,982,0.0795,14.01
user_4946,858558,3291,326,45190,1334,0.0542,11.53
user_4947,843503,3107,1676,56103,7049,0.0749,7.47
user_4948,727481,600,1891,26823,2557,0.0404,1.65
user_4949,337907,1637,2535,14539,736,0.0452,5.66
user_4950,488030,1872,2246,34562,4711,0.0805,9.79
user_4951,760710,3267,2712,29697,768,0.04,12.25
user_4952,406453,3546,1866,19276,891,0.0496,14.32
user_4953,672009,4459,1784,7670,903,0.0128,8.29
user_4954,169785,4329,295,3582,401,0.0235,6.96
user_4955,205535,762,1195,11287,650,0.0581,-1.7
user_4956,701769,2225,1421,42238,1185,0.0619,-0.77
user_4957,180838,4122,2688,9183,1208,0.0575,0.65
user_4958,571442,3899,657,11446,695,0.0212,-1.07
user_4959,270160,2483,1795,11124,505,0.043,4.81
user_4960,473779,3351,949,16514,1438,0.0379,3.73
user_4961,442904,320,1900,19796,2738,0.0509,8.84
user_4962,877110,1844,202,62207,1596,0.0727,7.11
user_4963,899488,4956,1864,57846,6915,0.072,8.13
user_4964,579526,2512,91,9202,868,0.0174,6.02
user_4965,321752,4343,2786,23269,1752,0.0778,2.72
user_4966,614369,3444,1696,26432,3085,0.048,14.2
user_4967,248644,1129,1315,15433,2246,0.0711,-0.53
user_4968,950401,2928,2793,18820,937,0.0208,13.96
user_4969,838393,4773,2336,47746,1846,0.0592,3.29
user_4970,200775,653,1063,5329,738,0.0302,6.72
user_4971,963261,1635,2645,39191,4192,0.045,-0.15
user_4972,814349,3107,834,9104,700,0.012,-0.79
user_4973,941240,4035,1546,19401,1833,0.0226,5.3
user_4974,815422,4739,2214,13410,1568,0.0184,10.61
user_4975,63551,1445,2957,1702,205,0.03,2.58
user_4976,976665,3738,329,16604,2317,0.0194,7.56
user_4977,735983,649,2585,43006,3246,0.0628,2.74
user_4978,678800,563,2081,8167,474,0.0127,4.61
user_4979,167277,1116,151,8906,918,0.0587,13.41
user_4980,81811,2936,1897,1623,120,0.0213,12.55
user_4981,780128,2703,2822,59415,5780,0.0836,6.77
user_4982,842535,4955,2506,63456,4733,0.0809,2.05
user_4983,465028,1138,2810,11990,478,0.0268,1.28
user_4984,960131,4435,759,50896,4123,0.0573,14.22
user_4985,369266,4914,814,4416,484,0.0133,1.45
user_4986,235104,2564,2330,17685,2191,0.0845,11.74
user_4987,544296,4019,2710,25369,2134,0.0505,4.27
user_4988,203346,3334,277,2648,109,0.0136,14.76
user_4989,557690,4616,1277,18947,1400,0.0365,4.26
user_4990,185456,2246,2476,2852,348,0.0173,3.98
user_4991,785282,4233,1871,29452,2169,0.0403,8.84
user_4992,400009,839,994,22758,2515,0.0632,14.35
user_4993,497043,3525,1067,21319,1832,0.0466,14.6
user_4994,137643,3203,290,5073,260,0.0387,10.02
user_4995,491083,1714,1138,9006,1112,0.0206,10.83
user_4996,934713,1359,161,25373,785,0.028,7.58
user_4997,114550,914,921,1948,171,0.0185,10.85
user_4998,485146,3913,293,32274,1521,0.0697,12.62
user_4999,961652,3413,2343,18720,537,0.02,6.26
