followers_count,following_count,avg_likes,avg_comments,engagement_rate,fraud_risk_score,fraud_flag,influencer_type
122958,1156,7747,754,0.06913742904081069,0,0,Genuine
672155,2274,17402,1123,0.027560607300399463,0,0,Genuine
132932,247,3388,167,0.026742996419221857,0,0,Genuine
366838,2721,7813,805,0.023492658884848354,0,0,Genuine
260178,3542,9376,744,0.03889644781649486,0,0,Genuine
645167,2498,44704,3219,0.07427999262206529,0,0,Genuine
111268,520,7561,733,0.07454074846317,0,0,Genuine
733180,1998,26979,2262,0.03988242996262855,0,0,Genuine
55886,3949,2863,170,0.05427119493254125,0,0,Genuine
138337,2060,8363,775,0.06605608044124131,0,0,Genuine
522430,3850,14045,1503,0.029760924908600196,0,0,Genuine
955698,4168,20805,488,0.022280050811030263,50,1,Suspicious
88498,3846,6906,556,0.0843182896788628,50,1,Suspicious
900159,4038,47914,1317,0.054691448955129035,0,0,Genuine
913756,284,71911,3180,0.082178393356651,50,1,Suspicious
176203,978,5927,550,0.03675873850047956,0,0,Genuine
192335,3657,11388,1510,0.0670600774689994,0,0,Genuine
279167,572,7141,962,0.029025636984314047,0,0,Genuine
42090,3573,1190,34,0.029080541696364932,50,1,Suspicious
330365,4576,15141,1127,0.04924250450259562,0,0,Genuine
65820,4938,2130,204,0.03546034639927074,0,0,Genuine
788201,1679,17130,670,0.022583072084404868,0,0,Genuine
322879,4678,9170,1095,0.03179209549088048,0,0,Genuine
719315,1366,8993,1049,0.0139605040906974,0,0,Genuine
328069,2907,19457,2674,0.06745837003801029,0,0,Genuine
777997,1174,34580,729,0.04538449377054153,0,0,Genuine
200041,2637,3320,159,0.017391434755875047,0,0,Genuine
792743,1073,17455,2226,0.024826456998043502,0,0,Genuine
104355,1428,1792,192,0.019012026256528196,0,0,Genuine
236796,3424,12522,1706,0.06008547441679758,0,0,Genuine
215176,1569,3570,97,0.01704186340484069,0,0,Genuine
185779,276,11666,1138,0.06892059920658417,0,0,Genuine
348449,941,3984,374,0.012506851791797365,0,0,Genuine
422909,4122,11611,286,0.028131347405706664,0,0,Genuine
990436,2307,71654,6216,0.07862194023642113,50,1,Suspicious
259795,2838,15664,1554,0.06627533247368117,0,0,Genuine
487232,446,7360,330,0.015783035597005123,0,0,Genuine
918040,2128,61948,3440,0.07122565465557057,0,0,Genuine
501186,4794,22309,2303,0.04910751696974776,0,0,Genuine
157730,4474,10926,883,0.07486844607874216,0,0,Genuine
871910,3287,45384,5969,0.058897133878496634,0,0,Genuine
385681,3943,22264,1436,0.06144974733004737,0,0,Genuine
150503,2055,11971,654,0.08388537105572647,0,0,Genuine
655811,2066,17223,2549,0.0301489301033377,0,0,Genuine
528035,3221,28342,3923,0.06110390409726628,0,0,Genuine
649143,2718,27408,651,0.043224682388934337,0,0,Genuine
453366,1928,5785,695,0.014293087703974272,0,0,Genuine
66725,1246,734,25,0.011375046834020233,100,1,High Risk
130981,1822,2402,56,0.018766080576572173,0,0,Genuine
85654,211,4748,263,0.0585028136455974,0,0,Genuine
954277,4026,47428,2609,0.05243446085360959,0,0,Genuine
906778,1801,44196,5591,0.05490539029398596,0,0,Genuine
592723,825,7248,814,0.013601631790904014,0,0,Genuine
320030,989,13713,2024,0.049173514982970346,0,0,Genuine
329947,3270,24654,2773,0.08312547166666162,0,0,Genuine
556839,589,21066,1566,0.040643704912910195,0,0,Genuine
903648,4967,48566,5384,0.05970245051170367,0,0,Genuine
274538,1511,17731,2658,0.07426658604637609,0,0,Genuine
332236,405,21553,2420,0.07215653932746602,0,0,Genuine
529178,3654,24527,2919,0.051865345876056825,0,0,Genuine
566894,3373,39714,5638,0.08000084671913973,0,0,Genuine
490492,284,18342,637,0.03869380132601551,0,0,Genuine
257840,1598,18618,2078,0.08026683214396525,0,0,Genuine
474254,2146,12717,1660,0.030314978893166953,0,0,Genuine
350457,4263,10378,1495,0.033878621342989294,0,0,Genuine
666987,2151,9150,433,0.014367596369944242,0,0,Genuine
271936,1723,17863,1527,0.07130354200988467,0,0,Genuine
240931,2150,9443,1024,0.04344397358579842,0,0,Genuine
240629,3707,6265,326,0.027390713505022254,0,0,Genuine
206041,4703,5403,529,0.028790386379409925,0,0,Genuine
699361,3646,51121,2734,0.07700600977177738,0,0,Genuine
732912,3798,50112,3174,0.07270449931233218,0,0,Genuine
418113,3223,20381,1577,0.052516903325177645,0,0,Genuine
69148,1865,3673,326,0.05783247527043443,0,0,Genuine
778089,3891,33615,2636,0.04658978600134432,0,0,Genuine
649531,2055,24303,2044,0.04056311400071744,0,0,Genuine
252995,4543,18742,1102,0.0784363327338485,0,0,Genuine
907606,724,17056,693,0.019555842513160997,0,0,Genuine
679843,436,26711,698,0.04031666134681095,0,0,Genuine
911790,2208,31109,1414,0.035669397558648376,0,0,Genuine
573843,2711,25748,2462,0.049159787607411784,0,0,Genuine
257508,2114,10824,1322,0.04716746664181307,0,0,Genuine
804591,3901,37270,1565,0.04826675913600823,0,0,Genuine
897942,3303,17774,606,0.020469028066400725,0,0,Genuine
107530,4686,4937,579,0.05129731237794104,0,0,Genuine
605365,4316,16326,974,0.028577800170145284,0,0,Genuine
823352,789,18857,2709,0.026192928419436646,0,0,Genuine
461337,1451,6707,756,0.01617689454780345,0,0,Genuine
725839,3309,46007,2874,0.06734413554521045,0,0,Genuine
806889,2327,32211,1856,0.042220181462382066,0,0,Genuine
460773,3954,24819,2186,0.058608034758981103,0,0,Genuine
209261,3973,12750,386,0.06277328312490144,0,0,Genuine
765469,4264,44054,1555,0.05958307913187862,0,0,Genuine
342097,3277,14687,629,0.04477092754394221,0,0,Genuine
316139,2881,11745,1417,0.04163358522675152,0,0,Genuine
172829,3808,6276,544,0.039460970091824865,0,0,Genuine
272836,2562,14952,319,0.05597135275403539,50,1,Suspicious
439974,2201,19638,2112,0.0494347393255056,0,0,Genuine
990913,3725,68808,5166,0.07465236605029907,0,0,Genuine
203283,2795,14479,1251,0.07737981041208561,0,0,Genuine
197769,3916,4338,207,0.02298135703775617,0,0,Genuine
562353,3814,10986,1007,0.02132646220434496,0,0,Genuine
224165,2272,12133,1787,0.062097115963687465,0,0,Genuine
624587,2842,19415,573,0.032001946886502604,0,0,Genuine
951110,1747,10747,611,0.011941836380649978,0,0,Genuine
536822,3512,38761,1999,0.07592833378661829,0,0,Genuine
488879,4113,12653,661,0.027233732682320166,0,0,Genuine
565685,1574,42454,2939,0.08024430557642505,0,0,Genuine
783038,4810,47154,5958,0.06782812583808193,0,0,Genuine
354531,82,22472,3116,0.07217422453889787,50,1,Suspicious
264160,4075,6366,294,0.02521199273167777,0,0,Genuine
580879,2616,15331,1388,0.028782242084840388,0,0,Genuine
221884,2853,10315,1060,0.05126552613077103,0,0,Genuine
24247,3946,534,46,0.023920485008454655,100,1,High Risk
25300,3759,793,60,0.03371541501976284,100,1,High Risk
468281,769,15220,684,0.033962513960634745,0,0,Genuine
608086,4629,12875,1074,0.022939189522534643,0,0,Genuine
534556,1022,13023,939,0.02611887248482853,0,0,Genuine
349951,3768,22816,2816,0.0732445399498787,0,0,Genuine
275329,4452,5975,712,0.024287307185222044,0,0,Genuine
720064,4602,8635,323,0.01244056083903653,0,0,Genuine
743139,2257,40170,1265,0.055756729225622664,0,0,Genuine
433315,4476,33936,4685,0.08912915546426964,50,1,Suspicious
927075,4370,30764,2756,0.03615672949869212,50,1,Suspicious
517588,3080,9474,1245,0.020709521859084833,0,0,Genuine
237584,3625,11861,326,0.051295541787325746,0,0,Genuine
563332,3166,41373,3659,0.07993865074236862,0,0,Genuine
838646,3335,54414,4904,0.07073067778299784,0,0,Genuine
979732,693,52490,6922,0.06064107327309917,50,1,Suspicious
377896,4761,12113,395,0.03309905370789847,0,0,Genuine
49984,244,2395,122,0.05035611395646607,0,0,Genuine
303918,4046,4980,362,0.017577109615093546,0,0,Genuine
265712,538,15285,2026,0.06514948515686156,0,0,Genuine
121151,2254,7360,1045,0.06937623296547284,0,0,Genuine
456808,2707,35426,5280,0.08910964781702597,50,1,Suspicious
986067,3326,27834,4027,0.03231119183584888,100,1,High Risk
134767,1152,1521,31,0.011516172356734215,0,0,Genuine
649663,1291,31308,820,0.04945333195826144,0,0,Genuine
704550,565,41903,1642,0.06180540770704705,0,0,Genuine
137330,442,8971,586,0.06959149493919756,0,0,Genuine
481754,680,11350,1451,0.026571652752234543,0,0,Genuine
302648,3766,8571,1166,0.0321726890645238,0,0,Genuine
689519,1897,31636,1401,0.0479131104436571,0,0,Genuine
14986,2705,496,49,0.03636727612438276,50,1,Suspicious
587146,1029,41238,5742,0.08001417024045127,0,0,Genuine
130312,4579,5624,451,0.046618883909386705,0,0,Genuine
13666,3452,901,30,0.06812527440362945,100,1,High Risk
301804,3921,15284,1215,0.054667930179851824,0,0,Genuine
135633,327,8696,598,0.0685231470217425,0,0,Genuine
289998,282,9653,917,0.036448527231222286,0,0,Genuine
851937,1602,58101,4475,0.07345144065817073,0,0,Genuine
629776,3320,18402,409,0.02986935037219583,0,0,Genuine
708611,2459,34174,5099,0.05542250967032688,0,0,Genuine
285806,3562,7139,647,0.027242255236069223,0,0,Genuine
795824,75,34448,2809,0.04681562757594644,0,0,Genuine
31535,510,1017,146,0.03687965752338671,0,0,Genuine
997107,3814,28586,1150,0.02982227584401674,0,0,Genuine
376713,3481,29266,1305,0.08115196449286327,0,0,Genuine
839688,3533,17805,2226,0.023855289107382743,0,0,Genuine
352279,2044,22937,1236,0.06861890717300775,0,0,Genuine
914910,540,72178,8942,0.08866445879922616,50,1,Suspicious
822654,1122,9372,518,0.012022065169560957,0,0,Genuine
602661,3223,35515,863,0.06036229322952705,0,0,Genuine
998079,265,27650,2411,0.03011885832684587,0,0,Genuine
648972,1773,8329,379,0.013418144388355738,50,1,Suspicious
490570,1642,18740,2221,0.04272784719815725,0,0,Genuine
457551,2656,34529,3568,0.08326284938728142,0,0,Genuine
274109,208,2966,415,0.012334509264562638,50,1,Suspicious
25538,4831,1306,159,0.05736549455713055,100,1,High Risk
895498,3363,40384,1756,0.04705761486904493,0,0,Genuine
202664,2891,14416,1787,0.07995006513243595,0,0,Genuine
492234,1826,7816,808,0.017520122543343206,0,0,Genuine
900684,2102,51975,5559,0.0638781192960017,0,0,Genuine
140182,2345,8075,1035,0.06498694554222369,0,0,Genuine
473525,1746,26913,2545,0.06221002059025395,0,0,Genuine
159338,3043,12103,975,0.08207709397632705,0,0,Genuine
185064,2519,12513,1285,0.07455799074914624,0,0,Genuine
215020,1996,2781,163,0.013691749604687936,0,0,Genuine
624094,3859,26820,1173,0.0448538200976135,0,0,Genuine
925414,2833,35033,3508,0.04164730596252056,0,0,Genuine
898421,3694,28489,1435,0.033307324739737826,0,0,Genuine
616270,2550,25632,778,0.04285459295438688,0,0,Genuine
646914,3695,23866,479,0.03763251374989566,0,0,Genuine
120176,2695,4838,479,0.0442434429503395,0,0,Genuine
918710,2399,72163,4840,0.08381643826670004,100,1,High Risk
219126,1982,3550,418,0.01810830298549693,0,0,Genuine
219969,3344,16400,1127,0.07967940937132051,0,0,Genuine
123409,1807,5382,447,0.04723318396551305,0,0,Genuine
548707,1166,29444,2147,0.05757353195785729,0,0,Genuine
969140,2617,66010,6902,0.0752337123635388,50,1,Suspicious
254618,3549,8970,594,0.03756215192955722,0,0,Genuine
770598,542,30923,4492,0.04595781458036486,100,1,High Risk
51015,3356,1972,279,0.044124277173380376,0,0,Genuine
773838,669,28037,3651,0.04094913922552265,0,0,Genuine
123096,3282,9205,1285,0.08521804120361344,0,0,Genuine
632347,3873,43015,3371,0.07335529384973756,0,0,Genuine
186340,2430,3285,294,0.01920682623161962,0,0,Genuine
111687,1596,1962,228,0.019608369819226947,0,0,Genuine
875371,3613,34971,3864,0.04436404678701945,0,0,Genuine
412357,1655,6971,946,0.019199383058854342,0,0,Genuine
736716,3802,39293,4444,0.05936751746941834,0,0,Genuine
106878,4725,2143,320,0.023044967158816595,50,1,Suspicious
728270,1940,33912,2214,0.04960522882996691,0,0,Genuine
974548,1325,10238,1313,0.011852674265403039,0,0,Genuine
199286,2793,6409,709,0.03571751151611252,0,0,Genuine
774290,2543,44446,4883,0.06370868795929174,0,0,Genuine
775684,406,34039,2122,0.0466182105084029,0,0,Genuine
165899,919,13019,1589,0.08805357476536929,0,0,Genuine
974324,935,69359,9505,0.0809422738226709,50,1,Suspicious
325767,2051,11445,554,0.03683307394548865,0,0,Genuine
862882,1333,11376,1152,0.014518787041565359,0,0,Genuine
880858,669,60949,4326,0.07410388507568756,0,0,Genuine
380989,932,28111,4178,0.08475047836026763,50,1,Suspicious
416515,846,28091,2310,0.0729889679843463,0,0,Genuine
44585,3692,845,41,0.019872154311988337,0,0,Genuine
372369,3475,29735,2070,0.08541258805109984,0,0,Genuine
65044,1346,1827,191,0.031025152204661458,0,0,Genuine
961061,4764,58330,1743,0.06250695845529056,0,0,Genuine
443296,294,32609,3210,0.08080154118241537,0,0,Genuine
110556,2945,2929,413,0.030229024204927818,0,0,Genuine
527981,979,38847,5071,0.0831810235595599,0,0,Genuine
882691,569,27949,804,0.03257425305118099,0,0,Genuine
768595,3262,60218,8980,0.09003181129203286,50,1,Suspicious
201235,2459,5974,662,0.03297637090963302,0,0,Genuine
26939,57,2067,84,0.07984706188054494,50,1,Suspicious
967429,2575,13300,287,0.01404444150423442,0,0,Genuine
961445,3473,57349,2423,0.062168922819298034,0,0,Genuine
153906,2069,7271,937,0.053331254142138705,0,0,Genuine
543335,4640,23608,538,0.044440354477440255,0,0,Genuine
289249,4332,7417,373,0.026931813074548228,0,0,Genuine
76766,3717,4559,540,0.0664226350207123,0,0,Genuine
409923,3721,9574,920,0.025599929742902934,0,0,Genuine
416192,2851,20268,2467,0.05462623020144549,0,0,Genuine
569550,135,15792,1847,0.03097006408568168,0,0,Genuine
388261,3165,29854,793,0.07893401603560492,0,0,Genuine
811208,4282,9737,1324,0.01363522055995503,0,0,Genuine
686440,2518,16461,815,0.025167531029660278,0,0,Genuine
653664,3669,17623,1620,0.029438671855877025,0,0,Genuine
985346,1686,38413,3985,0.04302854022850856,0,0,Genuine
455589,3633,11977,502,0.027390915935195978,0,0,Genuine
138848,4059,6164,905,0.05091178843051394,0,0,Genuine
618075,3376,43928,3666,0.07700359988674514,0,0,Genuine
128948,2268,7716,212,0.06148214784254118,0,0,Genuine
580304,2267,29361,4164,0.057771443932835204,0,0,Genuine
403690,2419,6551,630,0.017788401991627237,0,0,Genuine
500046,3688,29292,3248,0.06507401319078644,0,0,Genuine
452269,2553,9791,864,0.02355898812432424,0,0,Genuine
22959,993,1493,191,0.07334814234069428,0,0,Genuine
661890,2887,18204,442,0.028170844097961896,0,0,Genuine
751216,2710,29442,1616,0.04134363485335776,0,0,Genuine
906533,2986,31305,2537,0.03733123890691238,0,0,Genuine
791180,4494,55475,1661,0.07221618342223009,100,1,High Risk
229576,3997,4329,483,0.020960379133707355,0,0,Genuine
538833,1726,26723,1902,0.0531240662691409,0,0,Genuine
915091,1246,18250,1011,0.021048179907790593,0,0,Genuine
984703,4155,58428,1194,0.06054820590574011,100,1,High Risk
166838,2837,12238,1389,0.08167803498004052,0,0,Genuine
336674,1511,13609,1747,0.04561088768363462,0,0,Genuine
880989,3368,38910,2776,0.047317276379160236,0,0,Genuine
62087,716,4651,434,0.08190120315041796,0,0,Genuine
594128,2226,27608,1369,0.048772318422966095,0,0,Genuine
119451,3793,5271,531,0.04857221789687822,0,0,Genuine
448600,650,22646,488,0.05156932679447169,0,0,Genuine
838437,2702,48835,4078,0.06310909466066025,0,0,Genuine
440792,4472,7705,799,0.019292546144213142,0,0,Genuine
40353,3874,2722,379,0.07684682675389685,50,1,Suspicious
194075,3956,7857,546,0.04329769419039031,0,0,Genuine
215283,1029,3243,387,0.01686152645587436,0,0,Genuine
315877,2501,20542,2006,0.0713822152293456,0,0,Genuine
66318,678,2413,339,0.04149702946409723,0,0,Genuine
766313,1679,13047,936,0.018247113124793653,0,0,Genuine
483690,3746,26295,1616,0.05770431474704873,0,0,Genuine
417880,3480,29924,4049,0.08129845888771896,0,0,Genuine
592460,3724,42741,1128,0.07404550518178442,0,0,Genuine
741976,3979,57159,2156,0.07994193882281907,0,0,Genuine
782239,2815,55335,1699,0.07291122022808885,0,0,Genuine
94264,4419,956,123,0.011446575574980905,50,1,Suspicious
771746,4830,28258,604,0.03739831498964685,0,0,Genuine
814168,165,54791,7233,0.07618083737017421,50,1,Suspicious
226281,2053,8064,634,0.038438932124217236,0,0,Genuine
638147,742,33252,682,0.053175835661689236,0,0,Genuine
899613,3212,47177,3406,0.05622751116313348,0,0,Genuine
395070,1155,14045,621,0.03712253524691827,0,0,Genuine
353228,3058,25896,2619,0.080726895942564,0,0,Genuine
432839,2211,19575,2120,0.05012256289290013,0,0,Genuine
270536,203,11507,959,0.04607889523020966,0,0,Genuine
318824,3749,25450,643,0.0818413921160264,0,0,Genuine
258426,4460,11511,1212,0.04923266234821574,0,0,Genuine
178789,3836,4020,520,0.025393061094362627,0,0,Genuine
514153,1114,23607,2682,0.051130694559790565,0,0,Genuine
743452,4250,49797,6368,0.07554623566820723,0,0,Genuine
838291,1963,53969,2486,0.06734534904943511,0,0,Genuine
126657,1266,8258,1119,0.07403459737716826,0,0,Genuine
236167,2451,14066,870,0.0632433828604335,0,0,Genuine
682669,1822,18974,412,0.02839736387619769,0,0,Genuine
481671,2010,33883,4392,0.07946295292845117,0,0,Genuine
720094,2830,52236,7440,0.08287251386624524,0,0,Genuine
71467,4854,1685,177,0.026053982957169042,0,0,Genuine
184734,4796,3534,177,0.02008834323946864,0,0,Genuine
623794,2921,48838,2575,0.08241983731808898,0,0,Genuine
110751,710,7839,632,0.07648689402353026,0,0,Genuine
382050,2685,27708,3788,0.08243947127339353,0,0,Genuine
931192,2379,67088,2646,0.07488681174236891,0,0,Genuine
812774,4004,38946,4960,0.054019936661359735,0,0,Genuine
693517,2500,38315,2217,0.05844413330891673,0,0,Genuine
462079,1182,22260,2785,0.05420068862683654,0,0,Genuine
369452,749,5018,700,0.01547697671145372,0,0,Genuine
970587,2088,60356,4561,0.06688426694361248,0,0,Genuine
107081,4697,4858,327,0.04842128855726039,0,0,Genuine
984237,4550,54467,6769,0.06221672219191109,50,1,Suspicious
614333,4607,27758,2465,0.04919644557593357,0,0,Genuine
559986,2229,24878,2711,0.049267303111149206,0,0,Genuine
111078,2888,2446,246,0.02423522209618466,0,0,Genuine
868055,923,25616,1021,0.03068584363893993,0,0,Genuine
23671,133,499,64,0.023784377508343543,50,1,Suspicious
419400,1472,9938,451,0.02477110157367668,0,0,Genuine
356528,2725,27847,3931,0.08913184939191311,0,0,Genuine
960611,3230,19901,1046,0.021805913111550876,0,0,Genuine
611490,4366,17640,2035,0.03217550573190077,0,0,Genuine
52663,4025,2703,154,0.05425061238440651,0,0,Genuine
16708,1441,880,53,0.05584151304764185,0,0,Genuine
879338,3268,18271,1101,0.022030209089110218,0,0,Genuine
312955,4257,20517,2405,0.07324375708967742,0,0,Genuine
134883,664,8762,809,0.0709577930502732,0,0,Genuine
319394,3021,8499,1145,0.03019468117747985,0,0,Genuine
113547,3615,3429,205,0.032004368235180145,0,0,Genuine
990586,3626,74946,8240,0.08397655529151432,100,1,High Risk
911681,4620,61809,7286,0.0757885707829822,50,1,Suspicious
560042,320,32956,1308,0.06118112570128669,0,0,Genuine
752102,4116,11850,854,0.01689132591058128,0,0,Genuine
763002,2518,29969,2480,0.04252806676784596,0,0,Genuine
143483,1440,7052,467,0.0524034206142888,0,0,Genuine
659271,3404,15241,943,0.024548326864066522,0,0,Genuine
985774,4185,40787,4455,0.045894900859629086,0,0,Genuine
215835,3657,11238,540,0.05456946278407117,0,0,Genuine
402896,2633,13261,1488,0.036607461975298836,0,0,Genuine
85896,4123,5554,786,0.07381018906584708,100,1,High Risk
478095,3125,32907,3076,0.07526328449366758,0,0,Genuine
72295,3956,2360,234,0.0358807663047237,0,0,Genuine
744974,339,51184,1482,0.07069508466067272,0,0,Genuine
888121,2530,15320,2028,0.019533374393804447,50,1,Suspicious
274255,3302,18825,1075,0.0725602085650216,0,0,Genuine
300648,328,6221,621,0.022757510444107395,0,0,Genuine
658162,2974,10402,1532,0.01813231392878957,0,0,Genuine
9155,630,502,48,0.060076460950300385,0,0,Genuine
467872,303,20135,2299,0.047949011695506465,0,0,Genuine
826816,4326,60814,4736,0.07928003328430994,0,0,Genuine
375705,4826,13308,370,0.036406222967487786,0,0,Genuine
572542,874,17233,2131,0.03382109958745384,0,0,Genuine
809350,3882,36462,895,0.04615679248779885,0,0,Genuine
611269,749,25622,2846,0.04657196749712483,0,0,Genuine
979217,1430,33401,767,0.03489318506521027,50,1,Suspicious
555594,3946,32536,4297,0.066294812398982,0,0,Genuine
148718,1723,9394,380,0.06572170147527535,0,0,Genuine
309987,2777,21608,1876,0.07575801565872117,0,0,Genuine
646263,3206,50473,4927,0.08572361407043262,0,0,Genuine
359745,3438,10312,819,0.030941361241990855,0,0,Genuine
108512,4357,6524,419,0.06398370687112946,0,0,Genuine
148443,433,5581,451,0.04063512594059673,0,0,Genuine
471587,391,27067,1637,0.060866817787598046,0,0,Genuine
374616,2037,16227,1248,0.04664776731372926,0,0,Genuine
658409,4109,52385,3491,0.08486518258407767,100,1,High Risk
687976,4989,41982,3929,0.06673343256160098,0,0,Genuine
366871,3159,28129,1432,0.08057600628013661,0,0,Genuine
376037,4132,25738,3822,0.07860928578836657,100,1,High Risk
808364,4565,59174,5036,0.07943203804226809,0,0,Genuine
118796,2848,7960,360,0.07003602814909593,0,0,Genuine
292999,3290,12347,1012,0.04559401226625347,0,0,Genuine
193506,2038,5345,708,0.03128068380308621,0,0,Genuine
991198,3464,35606,813,0.0367424066634517,0,0,Genuine
699376,1899,7984,865,0.01265270755645032,0,0,Genuine
270544,355,12628,1152,0.05093441362587971,0,0,Genuine
381002,3663,17279,726,0.04725696977968619,0,0,Genuine
699002,2799,32690,4127,0.05267080780884747,0,0,Genuine
540439,1185,42252,2871,0.08349323420404522,0,0,Genuine
969911,255,71581,4165,0.07809582528706242,100,1,High Risk
591978,4641,12620,1611,0.02403974472024298,0,0,Genuine
529787,3500,18977,1954,0.03950833070649148,0,0,Genuine
531583,3861,21091,2884,0.04510114130813062,0,0,Genuine
908317,3672,32006,3260,0.038825652277784076,0,0,Genuine
389215,3649,25647,2982,0.07355574682373496,0,0,Genuine
322184,2601,15040,1936,0.05269038810120925,0,0,Genuine
799615,4358,40018,1085,0.051403487928565625,0,0,Genuine
423515,359,29523,3568,0.07813418651051321,0,0,Genuine
669234,2758,44447,4435,0.07304171635033486,0,0,Genuine
379480,2041,7306,212,0.01981132075471698,0,0,Genuine
33711,321,2021,174,0.06511227789148942,0,0,Genuine
792971,3692,32099,986,0.04172283727904299,0,0,Genuine
502157,4136,15378,1778,0.03416461385582597,0,0,Genuine
185423,1872,2503,227,0.01472309260447733,0,0,Genuine
979771,3323,43215,6221,0.05045668834860391,50,1,Suspicious
517349,4588,18045,790,0.03640675830048961,0,0,Genuine
704714,4399,19454,1921,0.030331453610968423,0,0,Genuine
913495,570,53555,2544,0.0614113925089902,0,0,Genuine
658917,1026,42081,4200,0.07023798141495818,0,0,Genuine
825792,3772,22408,2553,0.030226739905448344,0,0,Genuine
738378,3601,9939,1132,0.014993675326187941,0,0,Genuine
134272,4155,9320,1173,0.07814734270734032,50,1,Suspicious
768836,2823,8224,1077,0.012097508441332092,0,0,Genuine
987001,2602,74615,2241,0.07786820884679954,50,1,Suspicious
703335,2882,37933,2451,0.05741787341736157,0,0,Genuine
808789,3957,26309,2876,0.0360848132207535,0,0,Genuine
644409,202,17562,1489,0.029563522545464137,0,0,Genuine
78505,3014,834,37,0.011094834723902935,0,0,Genuine
3869,2966,102,9,0.0286895838718015,100,1,High Risk
782474,2850,15368,1121,0.021072904658812945,0,0,Genuine
455351,1802,24066,1701,0.05658711631247104,0,0,Genuine
313252,2660,6784,849,0.02436696333942002,0,0,Genuine
637584,3925,29969,2187,0.050434138874250294,0,0,Genuine
619467,1154,31783,744,0.0525080432048842,0,0,Genuine
91272,2586,2816,77,0.031696467700937855,0,0,Genuine
39467,4249,491,64,0.014062381229888262,100,1,High Risk
810760,3904,10221,1480,0.014432137747298832,0,0,Genuine
878844,3544,10409,1139,0.013139988439358976,0,0,Genuine
481047,1964,29699,2000,0.06589584801485093,0,0,Genuine
660347,3122,21303,3025,0.036841236501415166,0,0,Genuine
59871,1056,3935,417,0.07268961600775,0,0,Genuine
940903,456,37844,4910,0.045439327964731754,0,0,Genuine
129391,216,5396,645,0.04668794583858228,0,0,Genuine
440430,558,20216,1400,0.04907930885725314,0,0,Genuine
611704,1711,36648,3013,0.0648369145861397,0,0,Genuine
857703,3714,24997,1104,0.030431279825300833,0,0,Genuine
831496,3539,15391,892,0.019582776104755766,0,0,Genuine
257687,4908,12607,1527,0.05484948794467707,0,0,Genuine
726451,730,23891,3254,0.037366594581052265,0,0,Genuine
108450,2574,4443,507,0.04564315352697095,0,0,Genuine
172890,2170,9558,769,0.05973162126207415,0,0,Genuine
439741,4727,19607,612,0.0459793378374998,0,0,Genuine
282974,4407,15116,414,0.054881367192745625,0,0,Genuine
935933,1413,45012,3090,0.05139470453547423,0,0,Genuine
401109,1381,24782,1989,0.06674245653924495,0,0,Genuine
117381,2342,6974,691,0.06530017634881284,0,0,Genuine
474125,1588,22470,468,0.04837964671763775,0,0,Genuine
572621,3458,32938,4896,0.06607162503645518,0,0,Genuine
135508,610,9641,648,0.07592909643711072,0,0,Genuine
730650,1149,29415,3831,0.04550195031820981,0,0,Genuine
863645,1953,33590,3007,0.04237504993371119,0,0,Genuine
400111,224,25405,938,0.06583922961378218,0,0,Genuine
151810,2206,7708,953,0.057051577629932154,0,0,Genuine
293890,2280,4399,493,0.016645683759229642,0,0,Genuine
574665,4337,41633,3687,0.07886333777070119,0,0,Genuine
966908,4210,11752,1021,0.01321015029351293,0,0,Genuine
841477,3970,52497,1646,0.06434281626235773,0,0,Genuine
361032,1547,22786,2398,0.06975558953222984,0,0,Genuine
958294,3904,73518,10179,0.08733958472034678,50,1,Suspicious
370599,3221,5110,164,0.014231015194320545,50,1,Suspicious
661960,1617,34276,1859,0.05458789050697927,0,0,Genuine
751020,1201,30002,4119,0.04543287795265106,0,0,Genuine
880611,418,29187,1662,0.03503135890875767,0,0,Genuine
172836,4996,2821,296,0.018034437270013193,0,0,Genuine
730903,92,36096,3231,0.05380604539863703,50,1,Suspicious
46714,1957,2033,198,0.04775870188808494,0,0,Genuine
975339,3540,16891,1250,0.018599686878100846,0,0,Genuine
628234,2585,33217,1959,0.055991875638695135,0,0,Genuine
897048,4223,55309,1455,0.06327866513274652,0,0,Genuine
631271,2923,40217,4695,0.07114535595647511,0,0,Genuine
467960,1874,34337,4017,0.08195999658090435,0,0,Genuine
712851,1343,27560,2954,0.04280557928655498,0,0,Genuine
125123,4819,9598,995,0.08466069387722482,0,0,Genuine
937093,4846,66140,3418,0.07422742459926603,100,1,High Risk
306628,4904,9430,215,0.03145505302842532,0,0,Genuine
83989,3436,1776,222,0.023788829489576016,0,0,Genuine
299356,3022,12117,1015,0.043867502238137866,0,0,Genuine
830957,3972,31686,1897,0.040414846977641444,0,0,Genuine
179274,1042,9017,299,0.05196514832044803,0,0,Genuine
688995,2436,35026,986,0.05226743300023948,0,0,Genuine
326352,2290,20396,1332,0.06657841839486199,0,0,Genuine
821260,1526,37525,4676,0.051385675669093835,0,0,Genuine
412927,3457,7159,998,0.019754096971135334,0,0,Genuine
790852,439,55423,7569,0.07965080697779105,50,1,Suspicious
884184,1049,28014,3910,0.03610560697773314,50,1,Suspicious
132373,4670,10323,1424,0.08874166181925316,50,1,Suspicious
439452,1905,8020,710,0.019865650856066192,0,0,Genuine
116294,708,8963,434,0.08080382478889711,50,1,Suspicious
460451,2813,7537,932,0.018392836588475212,0,0,Genuine
972744,3713,25459,1216,0.027422425633054533,0,0,Genuine
649307,1531,8610,471,0.013985680117417493,0,0,Genuine
66726,3781,3960,199,0.062329526721218116,0,0,Genuine
142564,501,9911,861,0.07555904716478214,0,0,Genuine
378812,2525,15298,945,0.042878789478685994,0,0,Genuine
269246,3272,20192,808,0.07799558767818278,0,0,Genuine
706696,1587,36268,2862,0.05537034311783284,0,0,Genuine
119015,3143,6438,860,0.061320001680460444,0,0,Genuine
741674,932,51308,4831,0.07569228528976343,0,0,Genuine
255079,4458,7850,1053,0.03490291243105077,0,0,Genuine
551929,4118,19206,873,0.03637967927034093,0,0,Genuine
690944,4985,50726,2115,0.07647653065950352,50,1,Suspicious
689105,2616,50351,4774,0.07999506606395251,0,0,Genuine
514758,3327,40333,3236,0.0846397724756099,0,0,Genuine
941597,424,68857,7286,0.08086580564721425,50,1,Suspicious
984609,4596,18624,2296,0.021247012773598455,50,1,Suspicious
366890,3747,24824,2921,0.07562212107171087,0,0,Genuine
446101,3112,17259,2459,0.04420075274433368,0,0,Genuine
37631,4740,2986,214,0.08503627328532327,100,1,High Risk
767577,3300,33051,1547,0.045074305248854515,0,0,Genuine
73991,4645,3608,330,0.05322268924598938,0,0,Genuine
5014,4609,236,8,0.048663741523733546,100,1,High Risk
274237,162,8918,513,0.03438996196720355,0,0,Genuine
19070,3247,290,13,0.01588883062401678,100,1,High Risk
823209,2428,59843,4281,0.07789516392556446,0,0,Genuine
57958,1974,3836,132,0.06846337002657096,0,0,Genuine
83074,189,1642,39,0.02023497123046922,0,0,Genuine
536017,1474,34505,3636,0.07115632526580314,0,0,Genuine
756073,2999,40683,4041,0.05915301829320714,0,0,Genuine
177089,3218,6842,766,0.042961448763051344,0,0,Genuine
198392,566,5511,583,0.030716964393725555,0,0,Genuine
159823,2666,11216,390,0.07261783347828535,0,0,Genuine
631152,937,37246,2154,0.06242553299363703,0,0,Genuine
394002,3154,19046,701,0.05011903492875671,0,0,Genuine
734429,99,38682,5012,0.05949383807011978,0,0,Genuine
499863,4001,8185,958,0.018291011737215996,0,0,Genuine
368654,3610,15916,735,0.045167012971512585,0,0,Genuine
580036,68,13665,879,0.02507430573274762,0,0,Genuine
531089,4871,13057,1901,0.028164770876444437,0,0,Genuine
151262,1523,8514,827,0.061753778212637674,0,0,Genuine
443905,4111,32754,4066,0.08294567531341165,0,0,Genuine
236362,2656,9043,491,0.04033643309838299,0,0,Genuine
445209,501,10926,516,0.025700289077714062,0,0,Genuine
554880,3815,30747,3748,0.062166594579008076,0,0,Genuine
798079,2488,56650,6184,0.07873155414438922,0,0,Genuine
665076,4360,41488,4502,0.06914999188062718,0,0,Genuine
220963,1599,15647,1437,0.0773161117472156,0,0,Genuine
481761,3524,22911,2136,0.05199050981710848,0,0,Genuine
249710,177,15639,1808,0.06986904809579111,0,0,Genuine
221984,4905,4396,242,0.02089339772235837,0,0,Genuine
898059,2811,30874,2033,0.03664235868690142,0,0,Genuine
857748,4506,31966,4261,0.04223501541245214,0,0,Genuine
783355,4714,35870,2157,0.048543763683132166,0,0,Genuine
265512,1465,19922,1813,0.08186070686070686,0,0,Genuine
602863,251,42924,4779,0.079127430278521,0,0,Genuine
269799,2419,5238,785,0.022324026404842122,0,0,Genuine
238549,567,5270,403,0.023781277641071647,0,0,Genuine
595319,1391,20856,1577,0.037682318219307634,0,0,Genuine
994933,4826,30198,3911,0.03428271049407347,50,1,Suspicious
485299,2038,25737,3209,0.05964570295838236,0,0,Genuine
613210,3595,44883,5163,0.08161315047047504,0,0,Genuine
449982,4570,34810,2792,0.08356334253370135,0,0,Genuine
125046,3852,6971,432,0.05920221358540057,0,0,Genuine
407619,3325,27991,2774,0.07547489199473037,0,0,Genuine
33097,3704,1547,207,0.052995739795147594,100,1,High Risk
997161,2484,24513,3306,0.027898202998312208,0,0,Genuine
667326,4923,31182,1063,0.04831971180502483,50,1,Suspicious
650150,257,31763,2403,0.05255094978081981,0,0,Genuine
231229,2683,14329,1152,0.06695094473444074,0,0,Genuine
119834,4167,3042,447,0.029115276131982577,0,0,Genuine
94848,203,3393,366,0.03963183198380567,0,0,Genuine
53921,3416,1913,139,0.03805567404165353,0,0,Genuine
706086,4364,54482,1274,0.07896488529725841,0,0,Genuine
651429,4814,26758,2501,0.04491510202953814,50,1,Suspicious
706660,1568,44418,1443,0.06489825375711092,0,0,Genuine
285821,2650,17880,2297,0.07059313346465096,0,0,Genuine
56609,2245,1618,190,0.03193838435584448,0,0,Genuine
228897,4548,11451,914,0.05401993036169107,0,0,Genuine
975165,4741,70798,5366,0.07810370552675701,50,1,Suspicious
32024,3604,1385,189,0.04915063702223332,100,1,High Risk
71313,2464,5431,312,0.08053230126344425,0,0,Genuine
390957,2899,9778,512,0.026320030080034376,0,0,Genuine
185078,1792,2811,399,0.017344038729616703,0,0,Genuine
358429,1356,25950,3248,0.08146104249377142,0,0,Genuine
933842,3899,64750,8202,0.07812028158939092,50,1,Suspicious
462243,4218,36739,1667,0.08308616896307786,100,1,High Risk
114632,4626,6597,254,0.05976516156047177,0,0,Genuine
998639,4705,75465,1764,0.07733425191685885,100,1,High Risk
938012,4890,63678,3235,0.07133490829541626,50,1,Suspicious
252451,4245,17446,2104,0.07744077068421198,0,0,Genuine
4051,2605,201,10,0.052085904714885216,100,1,High Risk
705107,2355,25923,2975,0.04098385067798221,0,0,Genuine
377836,4558,28496,1503,0.07939688118654654,0,0,Genuine
612523,1138,24652,1759,0.04311838086080033,0,0,Genuine
972525,2692,46406,6859,0.05476980026220406,50,1,Suspicious
722772,1227,29798,1544,0.043363605673711766,0,0,Genuine
190407,4966,9432,650,0.05294973399087218,0,0,Genuine
450395,4807,19337,1143,0.045471197504412794,0,0,Genuine
950597,3044,12697,434,0.01381342461632006,0,0,Genuine
463894,609,33281,2785,0.07774620926332308,0,0,Genuine
212810,3014,8748,605,0.04395000234951365,0,0,Genuine
958238,1321,49086,5415,0.05687626664774305,0,0,Genuine
728975,1863,14392,1817,0.022235330429712954,0,0,Genuine
74523,2965,762,69,0.011150919850247574,0,0,Genuine
761463,659,20689,500,0.027826696766618995,0,0,Genuine
95476,2511,5663,568,0.06526247433910093,0,0,Genuine
234841,4170,3979,108,0.01740326433629562,0,0,Genuine
804451,333,59225,5929,0.08099188141975086,50,1,Suspicious
871045,2978,21821,2379,0.027782720754955255,0,0,Genuine
223866,4446,5444,248,0.025425924436939955,0,0,Genuine
87672,1141,1990,251,0.02556118258965234,0,0,Genuine
599135,866,6577,910,0.012496348903001827,0,0,Genuine
345894,132,22146,2783,0.07207121256801216,0,0,Genuine
735994,1970,52441,3128,0.07550197420087663,0,0,Genuine
29251,3541,1550,149,0.05808348432532221,100,1,High Risk
628769,3194,14571,2024,0.026392840613961566,0,0,Genuine
375710,2143,11259,694,0.031814431343323304,0,0,Genuine
551233,4763,23876,3022,0.04879606264501581,0,0,Genuine
878284,225,67455,1432,0.07843362739159543,100,1,High Risk
33217,2754,907,18,0.0278471866815185,100,1,High Risk
9308,4987,569,67,0.06832831972496776,100,1,High Risk
269093,419,10968,1305,0.04560876722917356,0,0,Genuine
184062,1868,5678,695,0.03462420271430279,0,0,Genuine
395366,2151,16571,2334,0.047816453615131295,0,0,Genuine
745840,4835,11176,394,0.015512710500911724,0,0,Genuine
101235,3540,6672,334,0.06920531436756062,0,0,Genuine
75740,1829,2047,281,0.030736730921573804,0,0,Genuine
379496,1414,23065,992,0.06339197251090921,0,0,Genuine
854049,4512,12626,1372,0.01639016028354345,0,0,Genuine
751201,3392,57734,5136,0.08369264684152444,0,0,Genuine
804328,4789,18910,582,0.024233894630051423,50,1,Suspicious
918230,3726,65921,3763,0.07588948302712828,0,0,Genuine
178247,2476,11882,1041,0.07250051894281531,0,0,Genuine
664165,122,51638,6754,0.08791791196464734,50,1,Suspicious
530525,3012,23052,2581,0.04831629046699024,0,0,Genuine
21056,909,1282,129,0.06701177811550152,50,1,Suspicious
177615,3906,6385,539,0.03898319398699434,0,0,Genuine
188628,4188,4320,254,0.024248785970269526,0,0,Genuine
639836,2474,26243,931,0.042470258003613426,0,0,Genuine
374632,1114,8092,592,0.023180080719212452,0,0,Genuine
135415,2267,10663,252,0.0806040689731566,100,1,High Risk
407716,4067,6824,323,0.017529358671231936,0,0,Genuine
447438,2309,22928,1747,0.055147305324983575,0,0,Genuine
554663,3801,29869,2222,0.05785675265882166,0,0,Genuine
666022,2136,31746,817,0.04889177834966413,0,0,Genuine
542252,418,30557,2951,0.06179414737059522,0,0,Genuine
638717,2854,11581,1059,0.019789672108304616,0,0,Genuine
253764,200,12396,373,0.0503184060780883,0,0,Genuine
715998,1184,21555,3073,0.034396744124983586,0,0,Genuine
467882,2834,35471,1167,0.07830606862414027,0,0,Genuine
741427,4214,46965,6158,0.07164967016307741,0,0,Genuine
513153,2396,40064,802,0.07963706730741124,100,1,High Risk
68215,4947,861,115,0.014307703584255663,100,1,High Risk
856474,2300,25659,578,0.030633737860110172,0,0,Genuine
145356,110,3441,407,0.02647293541374281,0,0,Genuine
204861,3060,2208,147,0.011495599455240382,0,0,Genuine
356612,3951,9615,1115,0.030088723879174006,0,0,Genuine
455605,1387,26203,1892,0.06166525828294246,0,0,Genuine
10435,1234,273,7,0.026832774317201723,100,1,High Risk
448556,4476,20467,2451,0.05109284013590276,0,0,Genuine
700438,1601,50534,1478,0.07425639385641555,0,0,Genuine
866264,4483,50731,7096,0.06675447669532614,50,1,Suspicious
576581,1679,21693,577,0.038624234929697646,0,0,Genuine
79781,1377,2877,236,0.039019315375841364,0,0,Genuine
192475,1576,8064,919,0.04667099623327705,0,0,Genuine
161196,1723,3609,256,0.02397702176232661,0,0,Genuine
227507,1411,12371,596,0.05699604847323379,0,0,Genuine
307063,1623,10897,1293,0.03969869375339914,0,0,Genuine
765121,2736,53302,6500,0.07816018642802904,0,0,Genuine
777665,4420,48960,6851,0.07176740627390972,50,1,Suspicious
691607,2416,36472,2512,0.056367272164683124,0,0,Genuine
122172,3807,4336,372,0.0385358347248142,0,0,Genuine
357902,2484,8838,593,0.026350788763404506,0,0,Genuine
485963,2043,31262,1670,0.06776647604858806,0,0,Genuine
456968,919,20128,2367,0.0492266416904466,0,0,Genuine
319717,1064,8227,527,0.02738046459837919,0,0,Genuine
60101,1961,1422,107,0.025440508477396383,0,0,Genuine
496972,652,10723,777,0.023140136667659347,0,0,Genuine
289790,3871,18662,2102,0.07165188584837295,0,0,Genuine
891617,740,23207,3233,0.02965398820345507,0,0,Genuine
548337,543,25697,2741,0.0518622671824079,0,0,Genuine
735965,539,30622,2489,0.044989911205016546,0,0,Genuine
361260,2606,18269,2215,0.05670154459392127,50,1,Suspicious
884811,4535,63176,6527,0.07877727559896973,50,1,Suspicious
593673,344,41997,1170,0.072711745354766,50,1,Suspicious
651419,4077,27082,878,0.042921683279118356,0,0,Genuine
434374,2893,4810,119,0.011347364252924898,0,0,Genuine
721777,2962,28763,2283,0.043013285266779076,0,0,Genuine
548577,1767,28763,3663,0.059109295504550866,0,0,Genuine
373370,2646,18311,1111,0.052018105364651686,0,0,Genuine
888225,4794,49379,3453,0.059480424442005124,0,0,Genuine
272967,1923,5673,784,0.023654874032392192,0,0,Genuine
192232,4713,10622,1368,0.0623725498356153,0,0,Genuine
305119,3308,6952,740,0.025209836162284224,0,0,Genuine
10540,2867,659,36,0.0659392789373814,100,1,High Risk
541652,494,18273,643,0.03492279175559215,0,0,Genuine
398827,3691,23807,525,0.06100890862454147,0,0,Genuine
552951,4508,7382,250,0.013802307980273116,0,0,Genuine
52991,791,2042,118,0.04076163876884754,0,0,Genuine
189751,2091,11262,1033,0.06479544244826115,0,0,Genuine
367326,729,9506,269,0.026611239062848804,0,0,Genuine
687337,2517,45137,1702,0.06814561125037645,0,0,Genuine
619992,3747,33575,1461,0.05651040658589143,0,0,Genuine
50115,1408,2562,261,0.05633043998802754,0,0,Genuine
354151,112,12306,1231,0.03822380848846961,0,0,Genuine
744583,2609,32591,2985,0.04777976397527207,0,0,Genuine
192962,3819,9998,525,0.054534053336926444,0,0,Genuine
722747,4401,31130,2124,0.04601056801342655,0,0,Genuine
150143,184,8840,287,0.060788714758596804,50,1,Suspicious
715635,3694,28882,1427,0.04235259594625752,0,0,Genuine
990873,4967,23938,3272,0.027460633199209182,100,1,High Risk
537226,2185,13417,1977,0.028654607185802622,0,0,Genuine
953699,3328,9924,1034,0.011489998416691221,50,1,Suspicious
354824,872,11023,1534,0.03538937614141095,0,0,Genuine
5000,3124,312,32,0.0688,100,1,High Risk
726948,3031,47681,1159,0.06718499810165239,0,0,Genuine
888474,170,21476,3212,0.027786969568045886,100,1,High Risk
356754,1687,27517,904,0.07966553983977755,50,1,Suspicious
252492,974,11404,1240,0.050076834117516594,0,0,Genuine
891123,694,66111,3495,0.07811042920000942,0,0,Genuine
500522,2082,29767,2112,0.06369150606766535,0,0,Genuine
492072,2811,29804,3098,0.06686419873514445,0,0,Genuine
39304,2118,627,48,0.017173824547119885,0,0,Genuine
505999,291,12852,675,0.02673325441354627,0,0,Genuine
332593,2718,3531,224,0.011290075257146122,0,0,Genuine
608274,852,36574,2355,0.06399911881816418,0,0,Genuine
152836,4214,5213,754,0.03904184877908346,0,0,Genuine
109940,245,7153,885,0.07311260687647808,0,0,Genuine
825926,2237,27854,2217,0.0364088308153515,0,0,Genuine
266517,3565,17950,825,0.0704457876983457,0,0,Genuine
668521,2380,12801,1605,0.0215490612860329,0,0,Genuine
622820,2409,13786,557,0.02302912559005812,0,0,Genuine
880090,4891,29801,1411,0.035464554761444854,0,0,Genuine
386777,3656,14927,1008,0.041199450846353326,0,0,Genuine
625674,326,21528,2894,0.03903310669773716,0,0,Genuine
552638,110,35067,1302,0.06580980678129264,50,1,Suspicious
618296,3440,10379,372,0.017388111842871375,0,0,Genuine
881729,1963,30494,2568,0.037496781891034545,0,0,Genuine
550639,3977,37777,2112,0.07244129093653011,0,0,Genuine
613956,2641,9010,846,0.01605326766087472,0,0,Genuine
639873,616,48607,3825,0.08194126021882467,0,0,Genuine
933809,3985,73810,5649,0.08509127669576969,50,1,Suspicious
338497,1621,5483,189,0.01675642620170932,0,0,Genuine
208869,4767,6347,243,0.03155087638663469,0,0,Genuine
66953,1250,2414,305,0.04061057756933969,0,0,Genuine
844890,4459,54366,7348,0.07304382819065204,50,1,Suspicious
501328,2904,25926,1309,0.05432571091181821,0,0,Genuine
807790,2945,44513,1546,0.05701853204421942,0,0,Genuine
4267,1286,268,7,0.0644480899929693,100,1,High Risk
83745,186,1529,151,0.020060899158158695,50,1,Suspicious
877020,1079,59922,6770,0.07604387585231807,0,0,Genuine
825945,2206,49055,3358,0.06345822058369505,0,0,Genuine
158164,2644,7973,863,0.05586606307377153,0,0,Genuine
536626,711,38788,4370,0.08042472783651929,0,0,Genuine
132484,2522,7819,1107,0.06737417348510008,0,0,Genuine
532831,2727,12851,365,0.024803361666269418,0,0,Genuine
893323,2358,35806,1611,0.04188518598536028,0,0,Genuine
952000,136,42443,1226,0.04587079831932773,50,1,Suspicious
61692,2562,855,113,0.015690851325941776,50,1,Suspicious
221156,2992,16990,2090,0.08627394237551773,0,0,Genuine
224992,2823,4274,404,0.02079185037690229,0,0,Genuine
517771,2554,30456,940,0.060636845246257516,0,0,Genuine
831857,3360,37796,2098,0.047957761971108015,0,0,Genuine
564044,1750,6652,390,0.012484841608101496,0,0,Genuine
544176,3720,40667,3777,0.08167210608332598,0,0,Genuine
692095,2750,48189,2580,0.07335553645092076,0,0,Genuine
834727,3679,38980,1149,0.0480744003728165,0,0,Genuine
115352,4640,3002,345,0.029015535057909703,0,0,Genuine
870474,1697,16115,948,0.01960196398743673,0,0,Genuine
86999,3368,3083,242,0.03821883010149542,0,0,Genuine
18955,3737,528,19,0.028857821155367978,100,1,High Risk
825273,646,37523,4665,0.05112005360650355,0,0,Genuine
71640,4595,5562,520,0.0848967057509771,100,1,High Risk
197582,534,9927,1362,0.05713577147715885,0,0,Genuine
953415,695,68927,5818,0.07839713031575966,50,1,Suspicious
977535,3139,54313,7733,0.06347189614694103,50,1,Suspicious
745086,4807,32237,4382,0.049147346749234315,0,0,Genuine
401573,4903,28038,2661,0.0764468726732126,50,1,Suspicious
426695,4434,18346,2594,0.04907486612217157,0,0,Genuine
62476,770,4423,274,0.07518086945387029,0,0,Genuine
307955,4783,9365,632,0.03246253511064928,0,0,Genuine
168280,548,3200,82,0.019503208937485143,0,0,Genuine
676510,4779,47269,4566,0.0766211881568639,0,0,Genuine
596468,1723,30490,3471,0.056936834834391783,0,0,Genuine
699646,3117,50539,6092,0.0809423622803532,0,0,Genuine
638144,164,48274,1905,0.07863272239494534,50,1,Suspicious
855882,3029,11771,915,0.014822136696413758,0,0,Genuine
415568,4819,18728,805,0.04700313787394602,0,0,Genuine
187141,1786,6783,719,0.04008742071486206,0,0,Genuine
899320,3661,48392,1961,0.05599008139483165,0,0,Genuine
635736,2303,41673,5731,0.0745655429297696,0,0,Genuine
539685,2344,15996,799,0.031120005188211643,0,0,Genuine
960059,3680,47019,2721,0.051809315885794516,0,0,Genuine
179031,196,10672,1393,0.06739056364540219,0,0,Genuine
919232,4032,17842,1420,0.020954448931281764,0,0,Genuine
969021,3503,64909,1500,0.06853205451687837,0,0,Genuine
120180,4557,6300,531,0.056839740389415874,0,0,Genuine
67234,2460,5141,159,0.07882916381592646,0,0,Genuine
565242,186,19086,2826,0.038765696816584753,0,0,Genuine
179352,3410,3151,303,0.01925821847540033,0,0,Genuine
80459,3055,3657,195,0.04787531537801862,0,0,Genuine
410995,3602,6578,613,0.017496563218530638,0,0,Genuine
196004,68,15262,457,0.08019734291136915,50,1,Suspicious
467152,2292,5936,735,0.014280148645408774,0,0,Genuine
942970,498,59166,8300,0.07154628461138743,50,1,Suspicious
955443,1998,44673,5971,0.053005778471347846,0,0,Genuine
726256,995,26002,1675,0.03810915159392831,0,0,Genuine
953774,4286,13933,868,0.015518351307542458,0,0,Genuine
60163,1970,3221,79,0.05485098814886226,50,1,Suspicious
476853,3027,24303,2544,0.0563003692961982,0,0,Genuine
52934,4238,1570,140,0.03230437903804738,0,0,Genuine
721255,4065,53167,4238,0.07959043611482762,0,0,Genuine
426523,288,13344,1841,0.035601831554218644,0,0,Genuine
841530,254,34907,1459,0.04321414566325621,0,0,Genuine
455137,2657,21875,464,0.04908192478308729,0,0,Genuine
6486,4390,110,3,0.01742213999383287,100,1,High Risk
140407,4977,10565,518,0.07893481094247438,0,0,Genuine
874332,3438,31666,770,0.03709803598633014,0,0,Genuine
651308,3022,10195,870,0.016988890048947655,0,0,Genuine
628083,4440,23308,1417,0.03936581630134871,0,0,Genuine
221184,2737,11504,499,0.054267035590277776,0,0,Genuine
667490,4216,30674,3604,0.05135357833076151,0,0,Genuine
350652,1398,20554,957,0.0613457216841769,0,0,Genuine
762315,4450,10583,1157,0.0154004578159947,0,0,Genuine
643612,866,19255,1259,0.03187324039949535,0,0,Genuine
323710,870,21800,1886,0.07317043032343765,0,0,Genuine
198775,242,3099,438,0.017793988177587726,0,0,Genuine
290336,1826,20289,504,0.0716170230353797,0,0,Genuine
788494,3695,12957,1101,0.01782892450671787,0,0,Genuine
609364,4674,41687,5464,0.07737739676121333,0,0,Genuine
90780,300,3200,308,0.03864287287948887,0,0,Genuine
153617,1838,8119,454,0.05580762545811987,0,0,Genuine
546977,3750,11323,811,0.022183748128349088,0,0,Genuine
798606,2513,11685,1267,0.016218260318605168,0,0,Genuine
351605,1217,8830,1199,0.028523485160904992,0,0,Genuine
913606,3943,17312,438,0.01942850638021204,0,0,Genuine
890465,1146,28377,831,0.03280084001055628,0,0,Genuine
534636,2729,24596,1531,0.04886876304625951,0,0,Genuine
942218,1897,48253,2425,0.05378585422906376,0,0,Genuine
39102,3954,2552,138,0.06879443506725999,100,1,High Risk
75460,554,4220,205,0.05864033925258415,0,0,Genuine
365778,1671,19244,874,0.05500057411872775,0,0,Genuine
90930,2522,3530,130,0.04025074232926427,0,0,Genuine
532089,2596,22968,3247,0.04926807357415771,0,0,Genuine
628438,1437,24519,949,0.04052587526534041,0,0,Genuine
728627,3044,50240,2339,0.07216175079979194,0,0,Genuine
180208,3866,4703,244,0.02745161147118885,0,0,Genuine
155697,767,1619,228,0.011862784767850377,50,1,Suspicious
214945,3534,11949,1412,0.062160087464235035,0,0,Genuine
232915,4484,5630,690,0.027134362321018398,0,0,Genuine
728952,708,52709,1772,0.0747388031036337,0,0,Genuine
209124,4058,14666,1887,0.0791539947590903,0,0,Genuine
438477,4574,6739,492,0.016491172855132654,0,0,Genuine
526830,4284,9191,497,0.01838923371865687,0,0,Genuine
284821,3814,12720,1206,0.04889386667415675,0,0,Genuine
178804,3039,9413,1194,0.05932193910650768,0,0,Genuine
706703,4687,20666,2505,0.03278746517278121,0,0,Genuine
40081,2154,2411,327,0.06831166887053716,100,1,High Risk
719216,1305,37143,5224,0.058907198949967744,0,0,Genuine
356249,2532,11662,594,0.034402903587097786,0,0,Genuine
220930,433,2601,195,0.012655592269044494,0,0,Genuine
806497,2657,50414,1104,0.06387872490536232,0,0,Genuine
518313,243,12974,1742,0.028392110558677866,50,1,Suspicious
215532,3857,14745,591,0.07115416736261901,0,0,Genuine
613380,3769,24179,3191,0.04462160487788973,0,0,Genuine
520332,2631,26222,1647,0.05356003474704612,0,0,Genuine
317837,2615,22600,1533,0.07592885661518325,0,0,Genuine
290106,2813,20439,512,0.07221843050471206,0,0,Genuine
29295,2848,1054,65,0.03819764464925755,0,0,Genuine
14807,2389,364,49,0.027892213142432634,100,1,High Risk
436564,3456,28053,654,0.0657566817236419,0,0,Genuine
158504,781,6390,465,0.04324811992126382,0,0,Genuine
239067,2922,5604,134,0.024001639707697007,0,0,Genuine
486008,3170,35629,2430,0.07830941054468239,0,0,Genuine
976358,4830,23303,989,0.024880218116715386,50,1,Suspicious
958766,4227,11319,597,0.012428475769895886,0,0,Genuine
693440,2654,7918,1061,0.01294848869404707,0,0,Genuine
395540,2432,21185,1624,0.05766546999039288,0,0,Genuine
878699,581,49485,2751,0.059446977861588556,0,0,Genuine
518923,4366,16487,1592,0.03483946558545295,0,0,Genuine
167981,684,5442,209,0.03364070936594019,0,0,Genuine
745699,1819,25178,1352,0.03557735762016578,0,0,Genuine
20870,3854,1202,109,0.06281744130330619,100,1,High Risk
953082,2420,13409,682,0.01478466700661643,0,0,Genuine
204196,52,15322,1659,0.08316029696957825,0,0,Genuine
249683,255,6386,535,0.02771914787951122,0,0,Genuine
235677,4185,18848,2268,0.08959720295149717,0,0,Genuine
27790,2671,611,87,0.025116948542641238,100,1,High Risk
644162,4789,41231,1445,0.06625041526820893,0,0,Genuine
812721,2940,20837,1323,0.02726642968497184,0,0,Genuine
449345,3243,7036,433,0.01662197198143965,0,0,Genuine
750074,2716,53439,2119,0.07407002509085771,0,0,Genuine
488462,3356,34247,4292,0.07889866560756005,0,0,Genuine
540773,947,20684,2456,0.042790597903371655,0,0,Genuine
831914,1135,49222,4084,0.06407633481345427,0,0,Genuine
87188,1329,4271,384,0.05339037482222324,0,0,Genuine
530036,720,36947,1024,0.07163853021304213,50,1,Suspicious
743129,1555,23820,2196,0.03500872661408719,0,0,Genuine
665795,3625,31064,3816,0.052388497961084114,0,0,Genuine
791141,4864,34791,3291,0.048135540946556934,0,0,Genuine
649249,2005,22576,1230,0.03666697984902557,0,0,Genuine
31355,299,2270,242,0.08011481422420666,100,1,High Risk
712131,1942,15390,1031,0.023058959657703427,0,0,Genuine
452015,3489,9250,840,0.022322268066325233,0,0,Genuine
407332,1903,20522,1711,0.054582011725079295,0,0,Genuine
157542,2904,8826,613,0.05991418161506138,0,0,Genuine
174416,1553,4120,467,0.026299192734611503,0,0,Genuine
306062,3435,11431,1542,0.04238683665401128,0,0,Genuine
839656,3621,64031,1324,0.0778354468973008,0,0,Genuine
564586,3842,15392,2175,0.031114834586759146,0,0,Genuine
502708,3476,28546,2469,0.06169585524797696,0,0,Genuine
867651,93,53629,5957,0.06867507788269707,50,1,Suspicious
62629,3662,2590,339,0.046767471937920135,0,0,Genuine
329184,2668,24895,2009,0.08172936716243803,0,0,Genuine
493734,4728,30397,3907,0.06947870715810538,0,0,Genuine
756195,3213,31801,1370,0.04386566956935711,0,0,Genuine
291160,1338,14515,590,0.05187869212803957,0,0,Genuine
549248,2992,32121,3387,0.0646483919832207,0,0,Genuine
821023,269,42244,5623,0.05830165537384458,0,0,Genuine
214920,1975,15368,2090,0.08123022520007445,0,0,Genuine
890765,3022,31160,3230,0.03860726454227546,0,0,Genuine
243804,3563,7555,667,0.033723810930091386,0,0,Genuine
377965,2498,9437,595,0.026542140145251546,0,0,Genuine
461857,3521,5840,860,0.014506654657177438,0,0,Genuine
823827,2824,10718,659,0.01380993825159894,0,0,Genuine
505492,1040,35841,4184,0.0791802837631456,0,0,Genuine
654983,2996,37653,3357,0.06261231207527523,0,0,Genuine
416916,1862,23446,2323,0.061808613725546635,0,0,Genuine
822052,853,43589,3101,0.05679689362716714,0,0,Genuine
759574,539,52748,7670,0.07954195377935527,50,1,Suspicious
129148,3606,5633,531,0.04772818781552947,0,0,Genuine
807991,1543,57309,8132,0.08099223877493684,50,1,Suspicious
487261,3695,17132,359,0.035896572883936946,0,0,Genuine
356540,2941,26693,2521,0.08193751051775397,0,0,Genuine
193714,1755,11410,1292,0.06557089317240881,0,0,Genuine
732899,3566,20522,2398,0.03127306763960655,0,0,Genuine
284876,3390,14097,1940,0.05629466855754785,0,0,Genuine
260747,103,12336,253,0.048280517129631405,0,0,Genuine
616650,2625,12118,242,0.020043784967161273,0,0,Genuine
424570,3641,21817,1775,0.05556680877122736,0,0,Genuine
276987,665,8873,211,0.0327957629780459,0,0,Genuine
639353,1004,8736,1281,0.015667401263464786,50,1,Suspicious
859158,2483,65644,3207,0.08013776278635594,0,0,Genuine
18640,1679,1023,83,0.059334763948497855,0,0,Genuine
53528,2831,3821,106,0.07336347332237333,0,0,Genuine
825845,699,47340,4159,0.06235915940642615,0,0,Genuine
260214,2397,9104,631,0.03741151513754064,0,0,Genuine
840070,4540,38549,994,0.047071077410215816,0,0,Genuine
971240,3328,55654,3537,0.06094374202050987,0,0,Genuine
502108,2690,38771,2748,0.08268938156731222,0,0,Genuine
635421,3851,17637,2622,0.031882798963207074,50,1,Suspicious
369501,2611,26326,1237,0.07459519730663787,0,0,Genuine
725226,3299,54163,4919,0.08146701855697397,0,0,Genuine
151159,420,8605,1276,0.06536825461930815,0,0,Genuine
173502,907,13045,1604,0.08443130338555176,0,0,Genuine
156576,4936,5926,883,0.04348686899652565,50,1,Suspicious
925618,4803,71005,10358,0.08790127244716503,100,1,High Risk
866291,433,51279,4288,0.06414357300260536,0,0,Genuine
887089,3927,11479,1268,0.014369471383367397,0,0,Genuine
929479,2602,68299,2346,0.07600494470558238,0,0,Genuine
12023,4384,527,40,0.04715961074607003,100,1,High Risk
546735,4340,23084,2889,0.04750564715995866,0,0,Genuine
389043,2775,19317,1655,0.05390663756962598,0,0,Genuine
287103,4084,5873,653,0.022730518315726412,0,0,Genuine
67203,3343,2879,336,0.047840126184842936,0,0,Genuine
906588,4301,61810,3272,0.07178784629842884,0,0,Genuine
161775,4038,1793,239,0.012560655231030752,0,0,Genuine
10337,972,300,23,0.031246976879171908,100,1,High Risk
571715,2965,5815,275,0.010652160604496997,0,0,Genuine
515723,3000,20164,2671,0.04427764516998466,0,0,Genuine
324673,3096,19799,1471,0.06551206906641452,0,0,Genuine
365167,1024,24069,2829,0.0736594489644464,0,0,Genuine
347809,1280,26490,2417,0.08311170786264875,0,0,Genuine
631075,2485,33191,2311,0.05625638790951947,0,0,Genuine
688281,1864,19150,2399,0.031308433619408355,0,0,Genuine
296451,2984,22142,2125,0.08185838469089327,0,0,Genuine
421571,4983,27095,1917,0.06881877548503099,0,0,Genuine
128016,1413,6427,220,0.05192319710036245,0,0,Genuine
792267,3990,46501,6343,0.06669973632626375,0,0,Genuine
545447,253,40746,1002,0.07653905879031327,100,1,High Risk
498562,210,29847,3946,0.06778093797762365,0,0,Genuine
703965,4537,25192,1682,0.038175193368988516,0,0,Genuine
384934,818,23062,2378,0.06608925166392161,0,0,Genuine
893048,3798,11448,1601,0.014611756590911127,50,1,Suspicious
956592,2631,35440,1407,0.03851903423821232,0,0,Genuine
866184,1143,33298,3120,0.04204418460742752,50,1,Suspicious
318428,4550,6903,824,0.02426608212845604,0,0,Genuine
320187,657,3719,440,0.012989284386936384,0,0,Genuine
691907,1590,13379,1181,0.021043290500023848,0,0,Genuine
884439,2925,49372,4997,0.06147286585055611,0,0,Genuine
83844,3241,5547,657,0.07399456132818091,0,0,Genuine
552820,1887,43769,5660,0.08941246698744619,50,1,Suspicious
166421,739,5699,678,0.038318481441644986,0,0,Genuine
123402,3809,6411,423,0.055379977634074005,0,0,Genuine
119012,2999,8997,1345,0.0868988001209962,50,1,Suspicious
439661,2153,9537,729,0.023349808147641024,0,0,Genuine
399929,415,24089,558,0.061628439047931007,0,0,Genuine
581466,3625,36544,2453,0.06706669005582441,0,0,Genuine
574695,4600,9326,341,0.016821096407659716,0,0,Genuine
464556,4249,32652,1168,0.07280069571806198,0,0,Genuine
576278,4222,38562,2182,0.07070198758238211,0,0,Genuine
994176,4375,12266,330,0.012669788850263937,0,0,Genuine
130473,2428,2136,233,0.018157013328428104,0,0,Genuine
984049,1255,13224,391,0.013835693141296826,0,0,Genuine
479007,3889,16014,743,0.03498278730790991,0,0,Genuine
845573,2785,38600,1238,0.04711361408181198,0,0,Genuine
418009,3397,19756,557,0.04859464748366662,0,0,Genuine
319714,1725,9187,503,0.03030833807715646,0,0,Genuine
227156,348,16766,1581,0.08076828258993819,50,1,Suspicious
169964,1006,6081,884,0.040979266197547715,0,0,Genuine
526303,1164,6941,928,0.014951463320558689,0,0,Genuine
62813,2555,1948,260,0.03515195898938118,0,0,Genuine
28712,1524,1354,58,0.04917804402340485,0,0,Genuine
625785,4510,24139,1314,0.0406737138154478,0,0,Genuine
926919,4496,27037,809,0.030041459933392238,0,0,Genuine
768214,3776,14744,1786,0.02151744175451111,0,0,Genuine
113816,3521,7664,222,0.06928727068250509,0,0,Genuine
129778,2878,10347,955,0.08708717964524033,0,0,Genuine
587580,2900,19430,1014,0.034793560025868815,0,0,Genuine
286977,2556,10535,544,0.038605881307561235,0,0,Genuine
136230,3820,7255,1079,0.061175952433384716,0,0,Genuine
719040,3014,43351,5131,0.06742601246105918,0,0,Genuine
807741,4644,30243,3895,0.042263547349955,0,0,Genuine
270114,999,19811,1869,0.0802624077241461,50,1,Suspicious
335618,4653,16512,2199,0.05575088344486887,0,0,Genuine
833972,2900,34632,3598,0.0458408675591027,0,0,Genuine
152456,215,8425,1204,0.06315920659075405,0,0,Genuine
805449,3536,61774,3494,0.08103306354592284,0,0,Genuine
863312,2559,56649,5517,0.07200872917323053,0,0,Genuine
106570,969,1364,149,0.014197241249882706,0,0,Genuine
271846,163,9042,642,0.03562311014324287,0,0,Genuine
918888,3554,39455,5301,0.0487066976606507,50,1,Suspicious
1404,1041,44,6,0.03561253561253561,100,1,High Risk
959447,3889,56619,4766,0.06397956322756755,0,0,Genuine
704286,1308,47777,3381,0.07263810440644852,0,0,Genuine
947693,3476,57993,4717,0.06617121789440251,0,0,Genuine
275907,564,21866,2861,0.08962077801578068,50,1,Suspicious
674744,4854,19620,2038,0.03209809942733837,0,0,Genuine
716460,3246,51047,1318,0.07308851854953521,0,0,Genuine
885574,4484,56378,5101,0.06942276986451724,0,0,Genuine
666220,2634,23552,524,0.03613821260244364,0,0,Genuine
236365,117,14510,1758,0.06882575677448015,0,0,Genuine
343786,1646,5942,372,0.01836607657089003,0,0,Genuine
51612,4528,3367,273,0.07052623420909866,100,1,High Risk
811006,68,38330,4746,0.05311428028892511,0,0,Genuine
810956,2780,24701,643,0.031252003807851474,0,0,Genuine
201244,3571,11250,456,0.05816819383435034,0,0,Genuine
798348,622,43840,3144,0.05885152840615872,0,0,Genuine
5809,2308,143,7,0.025822000344293338,100,1,High Risk
164273,2952,1992,127,0.012899259160056735,0,0,Genuine
709690,700,28638,4288,0.046394904817596415,50,1,Suspicious
145528,2637,7256,923,0.05620224286735199,0,0,Genuine
507964,3312,36249,4890,0.0809880227732674,0,0,Genuine
450613,1388,33784,4791,0.08560560836016715,0,0,Genuine
908720,3684,42724,2748,0.05003961616339467,0,0,Genuine
39765,2877,2495,146,0.066415189236766,0,0,Genuine
953320,2267,38848,1959,0.0428051441278899,0,0,Genuine
832538,3589,51805,6626,0.0701841837850044,50,1,Suspicious
317076,1087,7716,835,0.026968297821342517,0,0,Genuine
935604,4433,33657,1706,0.03779697393341627,50,1,Suspicious
844523,4028,45938,3170,0.05814880115757653,0,0,Genuine
547237,3011,6167,529,0.012236014743155159,0,0,Genuine
202152,3276,12244,1085,0.06593553365784162,0,0,Genuine
300888,1148,20607,2792,0.07776647789210603,0,0,Genuine
701903,2374,26630,1850,0.04057540714315226,0,0,Genuine
895751,989,37044,5116,0.04706665133502502,0,0,Genuine
93193,3766,6485,501,0.07496271179165817,0,0,Genuine
37187,3464,2390,279,0.07177239357840105,100,1,High Risk
506950,1498,15294,2155,0.0344195680047342,0,0,Genuine
139311,620,4552,628,0.03718299344631795,0,0,Genuine
911886,2954,52453,1437,0.05909729944313215,0,0,Genuine
801921,2555,39634,1852,0.05173327547227221,0,0,Genuine
509153,967,10873,891,0.023105039153260416,0,0,Genuine
190089,1924,6024,458,0.03409981640179074,0,0,Genuine
587165,4978,42862,4428,0.08053954169611609,0,0,Genuine
437341,1728,25441,3633,0.0664790175172234,50,1,Suspicious
313066,665,24737,856,0.0817495352417701,50,1,Suspicious
619362,4551,39447,3106,0.06870457018674055,0,0,Genuine
688409,1799,52276,2353,0.07935544131468357,0,0,Genuine
562419,3875,14135,1925,0.028555223063232216,0,0,Genuine
961448,4238,61536,8947,0.07330921693112888,100,1,High Risk
641053,2527,7317,601,0.012351552835724972,0,0,Genuine
861395,4799,49059,1644,0.05886149791907313,0,0,Genuine
632172,3555,27088,3307,0.04808026929379979,0,0,Genuine
126917,3525,4349,481,0.03805636754729469,0,0,Genuine
811717,4579,57119,3775,0.07501875653706895,50,1,Suspicious
300770,1185,20993,2841,0.07924327559264555,0,0,Genuine
699168,4050,8083,1187,0.013258615954963613,0,0,Genuine
482680,424,25420,2351,0.05753501284494904,0,0,Genuine
972375,256,34760,3251,0.03909088571795861,50,1,Suspicious
282342,4925,11038,647,0.04138597870667488,0,0,Genuine
938262,1369,64029,6145,0.074791476154848,0,0,Genuine
540542,1191,17129,1321,0.034132407842498824,0,0,Genuine
45238,4677,3438,203,0.08048543260091073,100,1,High Risk
2252,2740,50,1,0.02264653641207815,100,1,High Risk
827196,3305,46646,2465,0.05937045150121616,0,0,Genuine
865141,139,49354,2256,0.05965501577199555,0,0,Genuine
955945,4158,26435,2391,0.030154454492674787,50,1,Suspicious
486450,3070,15922,1563,0.03594408469524103,0,0,Genuine
316826,1907,21682,2148,0.0752147866652358,0,0,Genuine
322638,854,20431,1439,0.06778494783627471,0,0,Genuine
606605,994,20040,1498,0.03550580690894404,0,0,Genuine
328359,2839,15556,1998,0.053459780301438366,0,0,Genuine
603875,3925,8646,708,0.0154899606706686,0,0,Genuine
7949,1660,195,28,0.02805384325072336,100,1,High Risk
764185,2973,33629,2594,0.047400825716285976,0,0,Genuine
318537,3932,5102,532,0.017687113270985787,0,0,Genuine
729913,3271,50388,1337,0.07086460989186383,0,0,Genuine
663301,4441,39970,4194,0.06658213993345405,0,0,Genuine
551222,4785,41922,5478,0.08599076234257703,50,1,Suspicious
941890,2437,55140,7858,0.06688466806102623,50,1,Suspicious
781722,4773,59276,8870,0.08717421282757809,100,1,High Risk
456102,991,22265,1262,0.051582759996667414,0,0,Genuine
338889,4975,17627,1671,0.05694489936232808,0,0,Genuine
477467,2616,37427,2941,0.08454615711661749,0,0,Genuine
357600,1025,19649,1833,0.060072706935123045,0,0,Genuine
316557,1004,3847,155,0.012642272955581459,0,0,Genuine
975304,1312,59167,7768,0.06862988360552197,50,1,Suspicious
884671,993,64919,8974,0.08352596615012813,50,1,Suspicious
305462,2252,20065,1574,0.07084023544663494,0,0,Genuine
251875,3377,12812,723,0.05373697270471464,0,0,Genuine
464389,4324,26466,1013,0.05917237488398735,0,0,Genuine
71390,2309,5662,616,0.0879394873231545,0,0,Genuine
708689,1878,11584,701,0.017334825290077877,0,0,Genuine
254490,1307,14431,1994,0.06454084639867971,0,0,Genuine
568376,514,16959,1818,0.033036229538193025,0,0,Genuine
248940,3344,13643,1418,0.060500522214188154,0,0,Genuine
366340,1280,19245,1784,0.05740295899983622,0,0,Genuine
434027,2704,9002,233,0.021277478129240808,0,0,Genuine
509041,934,12457,1758,0.027925059081684973,0,0,Genuine
318623,3855,17050,1732,0.05894740806533113,0,0,Genuine
217464,3906,4126,615,0.021801309642055698,0,0,Genuine
743729,3185,21242,1908,0.03112692929817178,0,0,Genuine
511736,974,35037,3935,0.07615645567245612,0,0,Genuine
807395,4639,26560,725,0.03379386793329164,0,0,Genuine
318267,1596,14056,1435,0.04867296955072314,0,0,Genuine
651199,1144,49412,5900,0.08493870537270481,50,1,Suspicious
889900,2461,23048,2793,0.029038094167884033,0,0,Genuine
224777,2667,8378,1006,0.041748043616562196,0,0,Genuine
860909,812,45156,2231,0.055042983637062684,0,0,Genuine
801820,2373,50413,7400,0.07210221745528922,0,0,Genuine
6569,4195,480,71,0.083878824783072,100,1,High Risk
595124,2825,44088,1315,0.07629166358607618,0,0,Genuine
629861,4709,40540,5746,0.07348605485972302,50,1,Suspicious
430802,4928,11193,645,0.02747898106322626,0,0,Genuine
259090,3205,3040,333,0.013018642170674282,0,0,Genuine
668375,4020,24639,1575,0.03922049747521975,0,0,Genuine
46002,2090,915,133,0.022781618190513456,0,0,Genuine
772954,633,46166,1532,0.06170871746572241,0,0,Genuine
662614,4381,37291,3158,0.06104459006299293,0,0,Genuine
935648,2153,12236,925,0.014066187284106843,0,0,Genuine
680574,1992,46661,2910,0.07283704637555946,0,0,Genuine
499870,4505,13702,1423,0.030257867045431812,0,0,Genuine
212791,159,8566,317,0.041745186591538176,0,0,Genuine
203846,241,11569,1309,0.0631751420189751,0,0,Genuine
662450,953,26537,3913,0.04596573326288776,0,0,Genuine
667997,911,27314,3403,0.04598373944793165,0,0,Genuine
678775,1133,9906,1305,0.016516518728591948,0,0,Genuine
25071,699,955,63,0.0406046827011288,0,0,Genuine
583531,4184,37077,2307,0.0674925582359806,0,0,Genuine
913259,3661,67638,5899,0.08052151689717812,0,0,Genuine
895647,686,34880,904,0.03995324050658351,0,0,Genuine
173312,1086,6871,981,0.045305576070901035,50,1,Suspicious
258218,4181,15282,591,0.061471314935442146,0,0,Genuine
215879,2198,16405,2253,0.08642804534021373,0,0,Genuine
364714,3915,10465,323,0.029579341621105853,0,0,Genuine
427650,3207,17452,2215,0.04598854203203554,0,0,Genuine
332868,3637,21875,869,0.06832738502950118,0,0,Genuine
902791,3344,47557,1186,0.053991455386684185,0,0,Genuine
863129,4311,15312,1738,0.019753710047976606,0,0,Genuine
554020,2480,29884,1686,0.05698350240063536,0,0,Genuine
646753,1929,14922,1684,0.025675953571146944,0,0,Genuine
929818,4016,42506,3917,0.049926974956389314,0,0,Genuine
418170,3763,19669,671,0.04864050505775163,0,0,Genuine
58108,4176,4145,585,0.08140015144214222,50,1,Suspicious
481721,4156,20412,1608,0.04571110663641403,0,0,Genuine
112195,2061,3316,382,0.03296047060920718,0,0,Genuine
890513,3423,23302,1983,0.02839374607669961,0,0,Genuine
37668,2193,2681,264,0.07818307316555166,0,0,Genuine
286205,2550,6288,373,0.023273527716147515,0,0,Genuine
342396,4631,13631,627,0.041641841610299185,0,0,Genuine
565037,1339,13053,1181,0.02519127066015146,0,0,Genuine
131560,1497,8437,651,0.0690787473396169,0,0,Genuine
367824,3249,15892,1123,0.046258536691461134,0,0,Genuine
148979,1993,5151,553,0.03828727538780634,0,0,Genuine
150849,3233,5321,584,0.03914510537027093,0,0,Genuine
749589,3266,52212,1355,0.07146182774827271,0,0,Genuine
52745,3186,2572,164,0.05187221537586501,0,0,Genuine
371608,3368,22389,1646,0.06467837075628081,0,0,Genuine
92865,2832,6759,220,0.07515210251440263,0,0,Genuine
899860,1040,65799,3333,0.07682528393305625,0,0,Genuine
213890,4970,7057,188,0.03387255131142176,0,0,Genuine
24624,2203,1887,282,0.08808479532163743,100,1,High Risk
24321,275,285,32,0.013034003536038815,0,0,Genuine
404704,826,14722,461,0.03751630821538705,0,0,Genuine
810006,2887,58892,1332,0.07435006654271696,0,0,Genuine
923744,737,26996,3064,0.03254148335469567,0,0,Genuine
175293,579,5103,393,0.03135322003730896,0,0,Genuine
928982,3492,28968,3542,0.034995295926078224,0,0,Genuine
784415,2203,41465,5807,0.060264018408622985,50,1,Suspicious
187717,1344,7636,747,0.04465764954692436,0,0,Genuine
937766,1576,57083,2530,0.06356916330939702,0,0,Genuine
381975,4824,27748,3376,0.08148177236730153,100,1,High Risk
184868,2946,10573,1525,0.0654412878378086,0,0,Genuine
660792,3153,16065,1533,0.026631678349616824,0,0,Genuine
96257,2490,7246,787,0.08345367090185649,0,0,Genuine
589579,4185,16811,1073,0.030333509165014358,0,0,Genuine
211176,3852,4327,301,0.0219153691707391,0,0,Genuine
191471,894,3120,360,0.018175076121188065,0,0,Genuine
915032,496,45236,6360,0.05638709903041642,50,1,Suspicious
473930,3965,8513,866,0.01978984238178634,0,0,Genuine
837860,3159,16517,2026,0.022131382331177046,0,0,Genuine
744091,1284,23068,976,0.032313252008154915,0,0,Genuine
519862,276,15448,734,0.031127491526597443,0,0,Genuine
918806,4193,48050,4284,0.05695870510205636,0,0,Genuine
476774,3009,32025,1375,0.07005415563768158,0,0,Genuine
918559,1880,58139,5962,0.06978430345791616,0,0,Genuine
636605,3829,18062,1046,0.03001547270285342,0,0,Genuine
140789,236,3825,470,0.03050664469525318,0,0,Genuine
390593,2927,30312,3790,0.08730827229366629,0,0,Genuine
816131,2585,8631,693,0.011424636486054322,0,0,Genuine
74686,1982,5346,232,0.0746860187987039,0,0,Genuine
68661,2974,1646,171,0.026463348917143647,0,0,Genuine
569535,898,43461,6478,0.0876838122327864,50,1,Suspicious
246121,2082,8358,843,0.037384050934296545,0,0,Genuine
673108,1302,27479,677,0.04182984008509778,0,0,Genuine
368257,1931,21910,487,0.06081893894752849,50,1,Suspicious
267765,319,13692,844,0.05428640785763636,0,0,Genuine
147106,1680,4745,215,0.03371718352752437,0,0,Genuine
259930,4455,12676,1593,0.054895548801600434,0,0,Genuine
923630,3253,56479,7332,0.06908718859283479,0,0,Genuine
661482,1624,8575,459,0.013657212138803474,0,0,Genuine
805462,2942,8686,541,0.011455537318954837,0,0,Genuine
870270,1745,36607,1856,0.044196628632493365,0,0,Genuine
872149,3308,16770,2315,0.021882728753917047,0,0,Genuine
449874,3312,25419,2169,0.06132383734112218,0,0,Genuine
563926,1495,14088,1483,0.027611778850416543,0,0,Genuine
854499,269,34435,2548,0.04328033151589411,0,0,Genuine
119033,102,2837,289,0.026261624927541104,0,0,Genuine
631265,1807,30549,2143,0.05178807632293886,0,0,Genuine
614157,1716,11130,714,0.01928497110673655,0,0,Genuine
630474,2835,7324,750,0.01280623784644569,0,0,Genuine
822106,769,11163,1081,0.01489345656156262,0,0,Genuine
167926,455,12896,750,0.08126198444552958,0,0,Genuine
571559,2344,11408,449,0.020745014950337586,0,0,Genuine
861120,121,51317,3485,0.06364037532515793,0,0,Genuine
432734,2103,6384,472,0.015843451173238064,0,0,Genuine
374220,1279,6575,668,0.019354924910480464,0,0,Genuine
666627,1617,30412,4223,0.05195559135768578,0,0,Genuine
222897,3732,9482,234,0.043589640057963994,0,0,Genuine
2062,3003,157,8,0.08001939864209505,100,1,High Risk
248736,4532,18938,855,0.0795743278013637,0,0,Genuine
575736,748,37176,3171,0.07007899453916379,0,0,Genuine
96462,876,5030,381,0.05609462793638946,0,0,Genuine
400445,398,16757,1923,0.04664810398431745,0,0,Genuine
451009,3958,15754,811,0.03672875707580115,0,0,Genuine
771173,357,58837,5723,0.08371662389632417,50,1,Suspicious
573203,3466,29923,4036,0.059244281694268874,0,0,Genuine
267776,2384,13532,1872,0.0575256931166348,0,0,Genuine
629880,4911,16523,2389,0.030024766622213754,0,0,Genuine
659956,4870,8756,1055,0.01486614259132427,0,0,Genuine
372923,2859,28403,3913,0.0866559584686383,0,0,Genuine
400384,3608,12796,646,0.03357277014066496,0,0,Genuine
633387,4528,25956,1185,0.04285057950352628,0,0,Genuine
532849,3527,9604,200,0.018399208781474677,0,0,Genuine
468010,4670,32098,3591,0.07625691758723105,0,0,Genuine
607440,2736,7249,1028,0.013626037139470564,0,0,Genuine
650324,3035,44468,1970,0.07140748303922352,0,0,Genuine
387193,325,7674,788,0.02185473394405374,0,0,Genuine
27734,2597,1998,233,0.08044277781784091,50,1,Suspicious
924875,2814,56495,7942,0.06967103662657116,0,0,Genuine
27069,386,582,60,0.0237171672392774,0,0,Genuine
736265,2023,36524,5337,0.05685588748616327,0,0,Genuine
538198,3029,17160,1112,0.033950330547493676,0,0,Genuine
336623,4626,7566,495,0.023946670310703664,0,0,Genuine
471951,4018,33103,2998,0.07649311051359145,0,0,Genuine
82264,960,3146,219,0.04090489156860838,0,0,Genuine
24275,2046,919,18,0.03859938208032956,50,1,Suspicious
597562,3179,13081,1506,0.024410856112001767,0,0,Genuine
475665,4254,17511,2061,0.041146605278925295,0,0,Genuine
363920,3807,25843,3026,0.0793278742580787,0,0,Genuine
192076,377,6803,441,0.03771423811407984,0,0,Genuine
195053,1849,14943,1313,0.0833414507851712,0,0,Genuine
710913,364,54201,3620,0.08133344023811634,0,0,Genuine
573735,3595,11556,255,0.020586159115270987,0,0,Genuine
953033,1184,21359,1988,0.024497577733404826,0,0,Genuine
913826,2796,64321,2321,0.07292635578326727,0,0,Genuine
600991,4926,22533,685,0.03863285806276633,0,0,Genuine
863522,1570,8899,1051,0.01152257846354812,0,0,Genuine
804692,205,23473,498,0.02978903729625745,100,1,High Risk
113581,1774,5887,851,0.059323302312886836,0,0,Genuine
266956,3393,17605,1531,0.07168222478610707,0,0,Genuine
422240,936,8164,1206,0.02219117089806745,0,0,Genuine
715016,3123,12682,349,0.01822476699822102,0,0,Genuine
903580,2855,67358,6456,0.08169060846853626,0,0,Genuine
945789,771,59187,3871,0.06667237618538596,0,0,Genuine
117421,962,6021,780,0.05791979288202281,0,0,Genuine
526893,3407,33638,2252,0.06811629685723666,0,0,Genuine
465374,920,18624,1003,0.04217468100925277,0,0,Genuine
73303,4158,4624,607,0.07136133582527318,50,1,Suspicious
159211,547,5735,394,0.038496083813304355,0,0,Genuine
995653,1806,26968,598,0.02768635257464197,0,0,Genuine
188210,1167,11486,812,0.06534190531852718,0,0,Genuine
787237,3459,30999,3257,0.043514214906057516,0,0,Genuine
863557,2878,67958,3606,0.08287119437396721,0,0,Genuine
145990,1697,5031,383,0.03708473183094733,0,0,Genuine
159518,3033,11887,325,0.07655562381674795,0,0,Genuine
125040,192,9416,908,0.08256557901471528,0,0,Genuine
669406,2811,18026,2132,0.030113264595775957,0,0,Genuine
524138,3485,34527,2545,0.07072946437770206,50,1,Suspicious
419034,4710,16893,1260,0.043321067025587426,0,0,Genuine
757254,2481,56208,1769,0.0765621574795247,0,0,Genuine
791756,4562,32864,1520,0.04342752059978074,0,0,Genuine
863755,1898,53640,2151,0.06459123246753999,0,0,Genuine
796543,2746,34002,2809,0.046213449870251826,0,0,Genuine
956614,1767,24820,2204,0.028249638830291007,0,0,Genuine
541677,3122,12975,1860,0.027387169844759883,0,0,Genuine
647465,1117,25756,760,0.04095356505757068,0,0,Genuine
304571,2836,19152,1876,0.06904137294752291,0,0,Genuine
998083,3841,52254,4621,0.05698423878575229,0,0,Genuine
685106,1338,39875,3473,0.06327196083525762,0,0,Genuine
123883,3921,3687,492,0.033733442038052036,0,0,Genuine
744246,1856,32523,1519,0.045740252550903866,0,0,Genuine
763501,1554,10007,253,0.013438096348269354,0,0,Genuine
918621,3358,61756,6632,0.0744463712455953,50,1,Suspicious
388952,3001,30840,2000,0.08443201217630968,0,0,Genuine
113221,121,4356,97,0.03933015959936761,0,0,Genuine
800666,1740,8621,454,0.011334314183442284,0,0,Genuine
261669,1394,5726,344,0.02319724537488201,0,0,Genuine
760224,3353,42326,4240,0.061252999116050005,0,0,Genuine
840873,3163,44436,1885,0.05508679669819343,0,0,Genuine
526134,932,34277,2526,0.06994986068187953,0,0,Genuine
536242,4284,14892,1231,0.03006664901294565,0,0,Genuine
342383,2712,21725,1731,0.0685080742910717,0,0,Genuine
245761,1554,14293,2095,0.06668267137584889,50,1,Suspicious
833946,2513,27184,704,0.033441014166384876,0,0,Genuine
875668,2603,42193,6060,0.05510421758017879,0,0,Genuine
885011,782,17973,1719,0.02225057089685891,0,0,Genuine
138541,1798,5774,712,0.046816465883745606,0,0,Genuine
948609,3974,67999,5164,0.07712661381032648,50,1,Suspicious
829533,473,32752,2587,0.04260107795591013,0,0,Genuine
65323,3528,4492,603,0.07799703014252254,50,1,Suspicious
617210,1641,31673,4322,0.05831888660261499,0,0,Genuine
190139,4535,4455,227,0.024624090796732917,0,0,Genuine
181448,4487,9195,422,0.053001410872536486,0,0,Genuine
701947,4759,31881,2694,0.0492558554990619,0,0,Genuine
955480,542,36217,4963,0.04309875664587433,0,0,Genuine
236659,241,4348,269,0.019509082688594137,0,0,Genuine
390678,548,15302,1603,0.04327092900035323,0,0,Genuine
855016,4967,12905,1446,0.01678448122608232,0,0,Genuine
105537,1306,1785,216,0.018960175104465734,0,0,Genuine
865909,2018,33869,3160,0.0427631540958692,0,0,Genuine
242983,4372,7624,551,0.03364432902713359,0,0,Genuine
567821,2236,42466,6187,0.085683692572131,100,1,High Risk
789260,866,28649,2849,0.039908268504675264,0,0,Genuine
2917,3270,183,20,0.06959204662324306,100,1,High Risk
283762,1523,13370,867,0.05017232751390249,0,0,Genuine
557542,1136,33054,3539,0.0656327236333765,0,0,Genuine
787275,4249,22207,1188,0.029716426915626686,0,0,Genuine
368436,1924,27976,1450,0.07986733109685264,0,0,Genuine
510930,920,24067,2717,0.05242205390170865,0,0,Genuine
572650,4813,39050,3427,0.07417619837597136,0,0,Genuine
283272,2092,10071,1095,0.039417944590358384,0,0,Genuine
386925,322,6583,362,0.01794921496414034,0,0,Genuine
767641,1079,43878,4292,0.06275068684450154,0,0,Genuine
715743,3268,7546,586,0.011361620022829423,0,0,Genuine
590833,4119,25565,2495,0.04749226938915057,0,0,Genuine
83180,1101,1954,112,0.02483770137052176,0,0,Genuine
613246,4083,33063,3736,0.06000691402797572,0,0,Genuine
404081,1623,31744,3960,0.08835852217748422,0,0,Genuine
920723,3240,39138,2105,0.0447941454704618,0,0,Genuine
302953,4438,20365,1203,0.07119256122236782,0,0,Genuine
379892,3847,17302,1833,0.05036957872237373,0,0,Genuine
6287,3339,281,31,0.04962621282010498,100,1,High Risk
258665,3797,19433,2167,0.08350569269131888,0,0,Genuine
952891,2155,68891,7491,0.0801581712913649,50,1,Suspicious
9512,357,618,43,0.06949116904962153,0,0,Genuine
657702,3409,20216,1442,0.032929807116292786,0,0,Genuine
457292,3226,22018,1169,0.050705019987229163,0,0,Genuine
109872,1301,2820,113,0.026694699286442407,0,0,Genuine
937720,2797,38516,4238,0.045593567376189054,0,0,Genuine
773042,1567,33932,1089,0.045302842536369306,0,0,Genuine
94070,1428,6416,910,0.07787817582651217,0,0,Genuine
605055,4941,44000,5608,0.08198924064754444,100,1,High Risk
623117,2011,24316,3196,0.04415222181388086,0,0,Genuine
945118,4355,10622,1464,0.01278782120327832,50,1,Suspicious
430474,2913,30272,2213,0.07546332647267895,0,0,Genuine
43078,2706,956,124,0.025070801801383536,0,0,Genuine
369432,2544,19776,801,0.05569901903462613,0,0,Genuine
608812,4617,7152,163,0.012015203379696852,50,1,Suspicious
228645,4055,8680,1059,0.042594414922696756,0,0,Genuine
537507,3613,42472,1262,0.08136452176436772,0,0,Genuine
787667,972,13428,1994,0.019579340000279305,100,1,High Risk
306073,4282,12138,1307,0.04392742907737696,0,0,Genuine
128309,4512,4041,476,0.03520407765628288,0,0,Genuine
330588,3009,24250,1259,0.07716251043595049,0,0,Genuine
664927,233,47112,5069,0.07847628386273982,0,0,Genuine
889266,3408,23689,606,0.0273202843693563,0,0,Genuine
465008,1448,7292,940,0.017702921240064687,0,0,Genuine
721801,2846,38904,1635,0.056163679462899053,0,0,Genuine
347699,586,11663,1290,0.03725348649262725,0,0,Genuine
336842,1323,19215,945,0.05985001870313084,0,0,Genuine
387594,3017,4747,137,0.01260081425409062,0,0,Genuine
773608,3099,14959,1235,0.020933082387979442,0,0,Genuine
661775,1146,38413,1613,0.060482792489894605,0,0,Genuine
692519,1355,17220,1977,0.02772053907546219,0,0,Genuine
44925,965,3146,160,0.07358931552587646,0,0,Genuine
138023,3131,1946,125,0.015004745585880615,0,0,Genuine
88388,4297,2217,207,0.027424537267502377,0,0,Genuine
533295,1078,42609,2430,0.08445419514527606,0,0,Genuine
258802,2027,10433,721,0.04309858501866291,0,0,Genuine
436048,3404,25817,3253,0.06666697244340072,0,0,Genuine
59596,2561,1357,58,0.023743204241895428,0,0,Genuine
908533,320,47871,1468,0.0543062277319591,0,0,Genuine
949027,1236,57726,3618,0.06463883535452626,0,0,Genuine
352005,4605,11268,847,0.034417124756750614,0,0,Genuine
780554,4250,53095,4807,0.07418064605395655,0,0,Genuine
874172,3814,45666,3124,0.05581281486938497,0,0,Genuine
540812,2448,20139,2470,0.04180565519995858,0,0,Genuine
523244,4579,25657,644,0.05026526821138895,0,0,Genuine
413498,4285,20829,1585,0.054205824453806305,0,0,Genuine
680290,4232,14685,1023,0.023090152728983227,0,0,Genuine
918581,1761,35081,3654,0.04216830089017735,0,0,Genuine
500097,2280,17023,2478,0.03899443507959456,0,0,Genuine
650789,178,24771,2138,0.04134827109862029,0,0,Genuine
808043,1319,51131,7582,0.07266073711423773,50,1,Suspicious
149056,3722,6525,386,0.046365124516960066,0,0,Genuine
15060,1651,1141,27,0.07755644090305445,100,1,High Risk
739345,4815,22592,938,0.03182546713645186,0,0,Genuine
478272,4020,18700,1334,0.04188829787234043,0,0,Genuine
519545,4294,33815,2066,0.06906235263547912,0,0,Genuine
830735,4997,40059,1306,0.04979325537024442,0,0,Genuine
191279,677,9237,704,0.05197120436639673,0,0,Genuine
731406,3847,10044,642,0.014610216487149408,0,0,Genuine
685647,2094,25987,933,0.039262185935328237,0,0,Genuine
40711,3602,1178,68,0.030605978728107882,0,0,Genuine
144026,2391,11515,1557,0.09076139030452834,0,0,Genuine
336484,3264,10627,629,0.03345181345918379,0,0,Genuine
466317,299,33535,3783,0.0800271060244426,0,0,Genuine
990024,2975,56764,5651,0.0630439262078495,0,0,Genuine
219134,1024,7420,560,0.03641607418292004,0,0,Genuine
103974,1375,4995,255,0.050493392578913956,0,0,Genuine
150646,1033,10370,704,0.07351008324150658,0,0,Genuine
403400,938,28978,2810,0.0788001983143282,0,0,Genuine
151168,2987,3208,210,0.022610605419136325,0,0,Genuine
593016,2167,20026,959,0.035386903557408235,0,0,Genuine
690376,2722,23103,811,0.03463909521767848,0,0,Genuine
536534,1376,6944,933,0.014681269034208456,0,0,Genuine
439774,520,22813,1762,0.05588097522818539,0,0,Genuine
512937,2037,35822,3627,0.07690808032955314,0,0,Genuine
412597,140,15146,1268,0.03978216031624079,0,0,Genuine
915228,579,56563,7547,0.07004811915719361,50,1,Suspicious
954959,4806,51509,4692,0.058851741278944956,0,0,Genuine
93263,4109,3385,279,0.039286748228129054,0,0,Genuine
922522,4884,18334,2570,0.02265962220955164,50,1,Suspicious
536590,2823,32009,3634,0.06642501723848748,0,0,Genuine
854938,1736,59691,2059,0.07222745976901249,0,0,Genuine
566445,241,32859,1416,0.06050896380054551,0,0,Genuine
580205,2036,6528,798,0.01262657164278143,0,0,Genuine
224810,3673,5650,726,0.028361727681152974,0,0,Genuine
97646,2235,1451,131,0.016201380496896955,0,0,Genuine
346266,4490,17288,1591,0.05452166831279999,0,0,Genuine
811951,1058,51115,5221,0.06938349728000828,0,0,Genuine
491025,3833,8711,671,0.019106970113538006,0,0,Genuine
481703,4348,33085,3587,0.07612989746794187,0,0,Genuine
975323,4718,47679,1625,0.050551458337391816,100,1,High Risk
344054,4337,20057,2907,0.06674533648787691,0,0,Genuine
907862,2102,70811,8321,0.0871630269798714,50,1,Suspicious
858756,3358,13617,1389,0.017474113717982756,0,0,Genuine
268552,1766,19627,1199,0.07754922696535493,0,0,Genuine
60379,360,1136,46,0.01957634276818099,0,0,Genuine
26053,4588,977,71,0.040225693778067784,100,1,High Risk
403662,1310,28095,2978,0.07697776852911595,0,0,Genuine
657282,3982,48269,4941,0.08095459787427618,0,0,Genuine
99723,3318,4532,316,0.04861466261544478,0,0,Genuine
576644,634,29747,2966,0.05672997551348839,0,0,Genuine
273933,2849,16318,2052,0.0670601935509778,0,0,Genuine
885152,409,60449,1415,0.06989082101153249,100,1,High Risk
854088,2916,15805,1241,0.019958130778093122,0,0,Genuine
831460,2061,55462,6578,0.07461573617492122,50,1,Suspicious
851916,4989,37219,3386,0.04766314988801713,0,0,Genuine
33154,4056,1377,144,0.04587681727694999,100,1,High Risk
214942,1675,8527,743,0.0431279135766858,0,0,Genuine
265480,2814,12117,1804,0.05243709507307519,0,0,Genuine
366821,940,27934,757,0.07821526030407201,0,0,Genuine
855211,781,41370,3468,0.05242916660332947,0,0,Genuine
282173,4011,21648,690,0.07916420068539513,0,0,Genuine
846633,4751,19151,780,0.0235414872796123,0,0,Genuine
33265,2554,2018,140,0.06487298962873891,0,0,Genuine
366060,664,24473,984,0.0695432442768945,0,0,Genuine
244322,3856,14058,2042,0.06589664459197289,0,0,Genuine
175944,1769,9234,1321,0.05999067885236212,0,0,Genuine
571485,4819,28309,1803,0.0526907967838176,0,0,Genuine
913165,1637,64163,6619,0.07751282626907514,50,1,Suspicious
449396,1661,30341,2712,0.0735498313291618,0,0,Genuine
155782,946,2891,364,0.020894583456368514,0,0,Genuine
685846,327,47598,4834,0.07644864882203876,0,0,Genuine
72907,4697,2842,56,0.03974926961745786,100,1,High Risk
916308,1686,25435,3032,0.031067064786076296,0,0,Genuine
203967,2208,14457,1692,0.0791745723572931,0,0,Genuine
851867,2482,34280,2957,0.043712222682648814,0,0,Genuine
303775,3954,20227,2778,0.0757303925602831,0,0,Genuine
392182,4906,11152,1540,0.03236252556211147,0,0,Genuine
757892,3312,7787,686,0.011179693148891926,0,0,Genuine
283247,1499,12656,1253,0.049105550985535595,0,0,Genuine
65772,4550,1119,167,0.019552393115611508,100,1,High Risk
127108,1282,7983,469,0.0664946344840608,0,0,Genuine
15382,4167,451,28,0.03114029384995449,100,1,High Risk
85291,727,3501,153,0.04284156593309962,0,0,Genuine
364339,2708,5863,800,0.018287913179758412,0,0,Genuine
660116,2078,19847,2317,0.03357591696004945,0,0,Genuine
283753,3808,18360,619,0.06688563645142077,0,0,Genuine
148550,4674,3061,451,0.023641871423763044,0,0,Genuine
233050,2087,12887,1482,0.06165629693198885,0,0,Genuine
433882,2699,32202,4204,0.08390760621551482,0,0,Genuine
338827,706,19512,512,0.059098005766954814,0,0,Genuine
493313,215,32939,2821,0.07248947422832969,0,0,Genuine
387858,4994,6837,757,0.01957933057974826,0,0,Genuine
655618,4641,18063,1636,0.03004645998126958,0,0,Genuine
596603,639,43323,4621,0.08036164752775296,0,0,Genuine
865266,4574,51965,6564,0.06764278268185737,0,0,Genuine
389349,2871,21324,1464,0.05852846674834146,0,0,Genuine
15153,4308,855,111,0.06374975252425262,100,1,High Risk
601613,1312,23459,966,0.040599189179755094,0,0,Genuine
241773,121,3171,175,0.013839427893106344,0,0,Genuine
931503,3566,60464,1549,0.06657305451512234,0,0,Genuine
56318,4800,3238,218,0.06136581554742711,0,0,Genuine
395030,3630,17024,1181,0.0460851074601929,0,0,Genuine
378177,318,27600,3441,0.08208061304627198,0,0,Genuine
77077,1826,2584,271,0.037040881196725356,0,0,Genuine
877906,2512,26866,2062,0.032951135998614885,0,0,Genuine
134515,1318,9563,1001,0.07853399249154369,0,0,Genuine
994497,1065,65427,1757,0.06755575934366821,100,1,High Risk
207988,2772,9577,415,0.048041233148066236,0,0,Genuine
860751,1133,16484,1673,0.021094369916503146,0,0,Genuine
126885,4151,3179,328,0.02763920085116444,0,0,Genuine
897209,456,50186,6054,0.06268327669472776,50,1,Suspicious
542656,3126,20052,1451,0.03962547175374455,0,0,Genuine
671688,1035,46046,5246,0.07636283512583224,0,0,Genuine
189014,3653,14458,1574,0.08481911392806882,0,0,Genuine
92751,4535,6158,894,0.07603152526657395,50,1,Suspicious
231203,759,8422,403,0.0381699199404852,0,0,Genuine
814738,2668,53127,4872,0.07118730193019106,0,0,Genuine
696275,4899,24091,2366,0.037997917489497685,0,0,Genuine
824651,1461,17892,2680,0.02494631062109911,0,0,Genuine
212951,4671,2627,121,0.012904377063268076,0,0,Genuine
506155,1535,18727,1648,0.04025446750501328,0,0,Genuine
196716,3000,14409,936,0.07800585615811627,0,0,Genuine
585567,4701,15651,1383,0.029089754033270316,0,0,Genuine
316172,2984,7732,387,0.025679060764394065,0,0,Genuine
891695,4164,69451,1818,0.07992531078451713,50,1,Suspicious
1126,4720,13,1,0.012433392539964476,100,1,High Risk
839761,1053,54588,3475,0.06914229167584586,0,0,Genuine
28632,2516,930,40,0.033878178262084384,0,0,Genuine
501315,2516,6328,393,0.013406740273081795,0,0,Genuine
721670,1988,53581,1414,0.07620519073814902,0,0,Genuine
110945,1989,2193,314,0.022596782189373114,0,0,Genuine
318320,1685,15478,1478,0.053267152550892184,0,0,Genuine
251869,1748,7350,925,0.03285438065025867,0,0,Genuine
742426,4577,10812,810,0.015654085390328462,0,0,Genuine
499716,2141,6743,926,0.015346716935219204,0,0,Genuine
176399,1945,3190,264,0.019580609867402878,0,0,Genuine
463120,4290,6944,656,0.01641043358092935,0,0,Genuine
135869,3448,8592,721,0.068543965142895,0,0,Genuine
179954,1123,7916,912,0.04905698122853618,0,0,Genuine
670078,2452,22784,2134,0.037186715576395586,0,0,Genuine
35560,4945,1397,77,0.04145106861642295,100,1,High Risk
864021,3262,64824,2522,0.07794486476601842,0,0,Genuine
285260,4087,21038,2078,0.08103484540419266,0,0,Genuine
954748,1201,57377,4796,0.06511980124598324,0,0,Genuine
133717,2495,9617,312,0.0742538345909645,0,0,Genuine
179595,2006,5814,415,0.034683593641248366,0,0,Genuine
649373,4608,23817,2070,0.03986460786019745,0,0,Genuine
380862,3957,20170,2571,0.0597092910292967,0,0,Genuine
806688,857,43281,1293,0.05525556348923004,0,0,Genuine
495592,236,21666,1414,0.04657056611083311,0,0,Genuine
101158,4877,3848,488,0.042863639059688805,0,0,Genuine
709533,4574,56076,5848,0.08727430577577082,100,1,High Risk
169502,1357,11437,659,0.07136198982902857,0,0,Genuine
433498,2334,17534,2277,0.045700326183742486,0,0,Genuine
907151,4916,55254,4648,0.06603310804926633,0,0,Genuine
981878,807,28346,2403,0.031316517938073773,0,0,Genuine
331388,4281,5637,828,0.019508853670018228,0,0,Genuine
668054,4937,23161,3314,0.039630029907761946,0,0,Genuine
319408,3904,12203,812,0.04074725742623854,0,0,Genuine
469276,4316,5235,200,0.011581670488156224,0,0,Genuine
58545,2256,3924,244,0.07119309932530532,0,0,Genuine
512411,3608,18007,431,0.035982834092164295,0,0,Genuine
826656,1630,41852,950,0.05177728099717416,0,0,Genuine
885377,1011,13437,959,0.01625974020106689,0,0,Genuine
14224,3897,316,44,0.02530933633295838,100,1,High Risk
41738,3625,3016,401,0.08186784225406105,50,1,Suspicious
943654,925,49643,4293,0.057156542546314644,0,0,Genuine
851163,2468,65130,6088,0.08367140019009285,0,0,Genuine
181760,4248,14524,301,0.08156360035211267,100,1,High Risk
764978,1051,27562,1323,0.03775925582173605,50,1,Suspicious
467725,3434,14460,335,0.03163183494574803,0,0,Genuine
664937,4116,46602,5503,0.07836080711405742,0,0,Genuine
533358,2895,42616,1659,0.08301178570491115,0,0,Genuine
127161,1531,6876,914,0.06126092119439136,0,0,Genuine
533954,3351,35059,3633,0.07246317098476648,0,0,Genuine
845193,707,54702,2725,0.06794542784902383,0,0,Genuine
299512,2830,10445,423,0.036285691391329894,0,0,Genuine
663143,472,33289,3381,0.05529727374035465,0,0,Genuine
567202,3731,38747,5312,0.07767779380185542,0,0,Genuine
202579,4316,11783,1336,0.06475992082101303,0,0,Genuine
653026,2760,7497,489,0.012229222113667755,0,0,Genuine
997530,502,33486,3226,0.03680290317083196,0,0,Genuine
772253,2447,15532,938,0.021327207534318417,0,0,Genuine
505471,2025,13297,1993,0.030249015274862456,0,0,Genuine
330670,1707,24265,2847,0.08199110896059515,0,0,Genuine
989339,2591,12448,1243,0.01383853259600602,0,0,Genuine
964269,3125,24478,1836,0.027289065603063045,0,0,Genuine
807388,3214,25569,2566,0.034846938522742475,0,0,Genuine
219967,3016,11698,753,0.05660394513722513,0,0,Genuine
833672,2103,39505,938,0.04851188477002946,0,0,Genuine
384152,337,9710,692,0.02707782336158604,0,0,Genuine
955652,3267,20543,2895,0.024525664153897026,0,0,Genuine
95270,3904,2531,256,0.029253700010496483,0,0,Genuine
792189,1497,35788,1106,0.04657221950822342,0,0,Genuine
544385,657,15777,2130,0.0328939996509823,0,0,Genuine
666755,4602,50894,2796,0.08052433052620528,0,0,Genuine
148313,1814,6298,325,0.04465555952613729,0,0,Genuine
891324,1275,12581,737,0.01494181689262266,0,0,Genuine
159768,1285,9753,926,0.06684066897000651,0,0,Genuine
247726,1079,8179,742,0.03601156116031422,0,0,Genuine
857912,2721,47823,4011,0.060418784210968024,0,0,Genuine
571451,4012,16898,1914,0.03291970790146487,0,0,Genuine
20816,4592,1039,63,0.052940046118370485,100,1,High Risk
968344,4980,62023,7546,0.07184327057326735,50,1,Suspicious
758907,3227,56888,2434,0.0781676806248987,0,0,Genuine
315997,3772,8936,1087,0.03171865555685655,0,0,Genuine
156989,4956,5249,557,0.03698348291918542,50,1,Suspicious
622019,1525,26434,2876,0.04712074711544181,0,0,Genuine
677926,2946,50778,4194,0.08108849638456114,0,0,Genuine
207524,858,15169,1618,0.08089184865364969,0,0,Genuine
588111,1028,9581,291,0.01678594687057375,0,0,Genuine
152878,2513,2940,384,0.021742827614176008,0,0,Genuine
731880,775,32704,890,0.045900967371700276,0,0,Genuine
527047,2551,9204,362,0.018150183949439045,0,0,Genuine
782452,3412,26752,2540,0.03743616221825748,0,0,Genuine
436165,1266,8892,1032,0.022752857290245666,0,0,Genuine
879806,4101,47969,1434,0.05615215172435741,0,0,Genuine
134554,2247,10288,1437,0.08713973571948809,0,0,Genuine
811874,2856,64764,9492,0.09146246831404874,50,1,Suspicious
952223,828,34534,3411,0.03984885893325408,0,0,Genuine
452282,1022,23487,1939,0.05621713886469061,0,0,Genuine
94501,2860,6609,769,0.0780732479021386,0,0,Genuine
265223,2173,4832,302,0.019357295558831623,0,0,Genuine
921221,648,53679,4515,0.06317050957370707,0,0,Genuine
60676,3391,2343,325,0.043971257169226716,100,1,High Risk
946456,274,23122,3335,0.027953755906243924,100,1,High Risk
742804,890,28369,3986,0.04355792375916123,0,0,Genuine
174532,1864,2673,144,0.016140306648637498,0,0,Genuine
615685,4859,36127,1814,0.06162404476314999,0,0,Genuine
598135,1156,16563,972,0.02931612428632332,0,0,Genuine
618895,174,19679,1522,0.03425621470524079,0,0,Genuine
221178,3296,4086,248,0.01959507726808272,0,0,Genuine
150521,2981,10615,728,0.07535825565867886,0,0,Genuine
427752,4175,19052,1918,0.04902373337821916,0,0,Genuine
589365,3021,29497,3513,0.056009433882229176,0,0,Genuine
825690,2067,41169,4760,0.05562499243057322,0,0,Genuine
704662,2465,27294,3435,0.04360814120812531,0,0,Genuine
258009,4640,6057,146,0.024041796991577814,0,0,Genuine
947369,3146,58887,1543,0.06378718324116579,0,0,Genuine
138717,1659,2620,321,0.02120143890078361,0,0,Genuine
382915,767,6613,590,0.018810963268610526,0,0,Genuine
563288,3611,33634,3200,0.06539106105580093,0,0,Genuine
552025,1066,13590,364,0.025277840677505548,0,0,Genuine
798917,3615,25145,1337,0.03314737325654605,0,0,Genuine
301709,4751,13053,1344,0.04771816551710423,0,0,Genuine
944026,4520,39134,5153,0.04691290282259175,0,0,Genuine
907046,2010,54060,7525,0.06789622577024759,50,1,Suspicious
852587,1098,45732,3889,0.0582005120885024,0,0,Genuine
187240,1407,10318,938,0.06011535996581927,0,0,Genuine
577775,3476,34657,4446,0.06767859460862792,0,0,Genuine
917380,165,27964,2513,0.033221783775534676,50,1,Suspicious
275486,2145,8970,782,0.035399258038521016,0,0,Genuine
303950,1851,12358,1701,0.04625431814443165,0,0,Genuine
311914,2196,9832,1206,0.03538795950165751,0,0,Genuine
79623,1670,6285,868,0.08983585144995793,0,0,Genuine
366321,4830,24537,1186,0.07021983451672167,0,0,Genuine
918458,3000,19770,1743,0.023422954560796464,0,0,Genuine
863061,3842,8968,1161,0.011736134525833053,0,0,Genuine
908425,2991,11804,406,0.013440845419269615,0,0,Genuine
184675,4955,5001,616,0.03041559496412617,0,0,Genuine
914376,1027,16459,720,0.01878767596699826,0,0,Genuine
738334,3116,34948,4370,0.05325232211979944,0,0,Genuine
631235,833,44224,4402,0.07703311761863649,0,0,Genuine
813831,290,50109,2260,0.06434874070906613,0,0,Genuine
653465,1603,16397,1336,0.027136878027132286,0,0,Genuine
217454,4628,8252,896,0.0420686673963229,0,0,Genuine
999748,1062,45541,4663,0.050216654596958434,50,1,Suspicious
110575,236,7376,557,0.07174316075062175,0,0,Genuine
898336,1931,61750,8454,0.07814893313860292,50,1,Suspicious
208606,4636,15370,1344,0.08012233588679137,0,0,Genuine
973610,480,44442,3811,0.049560912480356614,0,0,Genuine
506815,288,29698,834,0.06024288941724298,0,0,Genuine
293822,2395,5237,732,0.02031502065876619,0,0,Genuine
77218,125,3827,164,0.05168484032220467,0,0,Genuine
588518,1406,16130,1430,0.0298376600205941,0,0,Genuine
771044,4972,31011,3859,0.045224397051270744,50,1,Suspicious
337199,2380,18338,880,0.056993051580817265,50,1,Suspicious
450589,4736,12611,1116,0.03046456970764932,0,0,Genuine
687840,1952,9391,481,0.014352174924401023,0,0,Genuine
479446,4063,5137,610,0.011986751375545942,0,0,Genuine
463052,4720,5348,499,0.012627091557751614,0,0,Genuine
335402,2109,3550,466,0.011973691271966179,0,0,Genuine
40986,190,726,98,0.02010442590152735,100,1,High Risk
680520,1839,18213,1900,0.029555340034091576,0,0,Genuine
348739,3676,8887,1015,0.028393727113973487,0,0,Genuine
626646,66,49552,4528,0.08630071842794816,100,1,High Risk
473327,4398,14872,1040,0.033617351218079676,0,0,Genuine
328073,514,6206,647,0.020888643686008908,0,0,Genuine
598794,4521,28855,3984,0.05484189888342234,0,0,Genuine
35911,1877,2515,186,0.07521372281473643,0,0,Genuine
874559,3078,50255,3059,0.06096101006335765,0,0,Genuine
426037,569,13090,922,0.03288916220891613,0,0,Genuine
731399,139,36067,2762,0.053088669795829636,0,0,Genuine
979039,4865,58781,1737,0.06181367647254093,50,1,Suspicious
900885,2901,54924,4657,0.06613607730176438,0,0,Genuine
609746,2893,34546,2910,0.06142885726187625,0,0,Genuine
13175,4775,934,90,0.07772296015180266,100,1,High Risk
906667,1934,64289,4318,0.07566945747446416,0,0,Genuine
317915,4221,16062,1601,0.05555887580013526,0,0,Genuine
500876,975,20080,2694,0.04546833946924987,0,0,Genuine
914589,3784,50220,7242,0.06282822120099849,50,1,Suspicious
646588,1019,43499,4170,0.07372391693010077,0,0,Genuine
612213,1144,6364,162,0.010659688703114765,50,1,Suspicious
769734,3245,61147,8927,0.09103664382760798,50,1,Suspicious
67358,1454,1535,171,0.025327355325276878,0,0,Genuine
411543,3414,17662,1124,0.04564772089429294,0,0,Genuine
48057,4340,3414,133,0.07380818611232495,100,1,High Risk
269294,4032,6935,267,0.02674400469375478,0,0,Genuine
791857,4373,34347,1435,0.04518745177475226,0,0,Genuine
255726,4063,4930,127,0.019775071756489366,0,0,Genuine
279176,4606,10512,1443,0.042822448921110694,0,0,Genuine
527486,4763,11815,1066,0.02441960544924415,0,0,Genuine
979004,3142,34709,3852,0.03938799024314507,0,0,Genuine
709754,4209,25652,3274,0.04075496580505358,0,0,Genuine
938583,2124,74637,9172,0.08929311525991841,50,1,Suspicious
168292,334,13402,1805,0.09036080146412188,0,0,Genuine
960378,4983,17320,2524,0.020662697396233567,100,1,High Risk
145931,4976,8875,684,0.06550355990159733,0,0,Genuine
444676,1237,6057,869,0.015575385224298141,0,0,Genuine
163491,4019,1980,225,0.013486980934730353,0,0,Genuine
382009,3015,6636,193,0.017876542175707902,0,0,Genuine
402921,4369,31260,3395,0.08600941623792258,50,1,Suspicious
961384,833,72931,7969,0.08414951777853594,100,1,High Risk
261910,999,6174,850,0.026818372723454623,0,0,Genuine
24236,3989,516,35,0.022734774715299555,100,1,High Risk
88955,94,2387,229,0.029408127705019393,0,0,Genuine
741874,1860,34191,737,0.04708077112825089,0,0,Genuine
628433,4616,31345,1980,0.053028723825769813,0,0,Genuine
671718,2131,17136,481,0.026226779690286698,0,0,Genuine
231785,3548,14594,1281,0.06849019565545657,0,0,Genuine
95914,879,3037,383,0.035656942677815544,0,0,Genuine
890302,1959,66371,3108,0.07803981121012869,50,1,Suspicious
208990,2631,11697,1035,0.06092157519498541,0,0,Genuine
379387,741,15382,715,0.04242897094523534,0,0,Genuine
539884,4069,35251,1258,0.06762378585029377,0,0,Genuine
952076,981,64030,5534,0.07306559560371231,0,0,Genuine
997261,4986,30250,916,0.031251598127270595,0,0,Genuine
657639,3456,22215,2140,0.037033995854868704,0,0,Genuine
195269,197,14746,354,0.07732922276449411,50,1,Suspicious
898928,1082,19355,655,0.022259847284765856,0,0,Genuine
393417,1361,5094,466,0.01413258705139839,0,0,Genuine
981020,437,40990,3971,0.04583086991090905,0,0,Genuine
139155,3171,9196,218,0.06765118033847149,0,0,Genuine
121674,1923,7789,736,0.07006427009878857,0,0,Genuine
907739,3638,67505,8708,0.08395915566038256,100,1,High Risk
782817,965,37046,4219,0.052713469431552966,0,0,Genuine
765757,1928,13021,482,0.01763353126383435,0,0,Genuine
936275,3798,47944,4651,0.056174734987049744,0,0,Genuine
948479,327,61165,6568,0.0714122294747696,50,1,Suspicious
964152,2027,15940,395,0.016942349339108355,0,0,Genuine
257713,1909,5691,746,0.024977397337348134,0,0,Genuine
442501,3086,4805,662,0.012354774339493018,0,0,Genuine
544351,3421,28064,3664,0.05828592213479905,0,0,Genuine
68642,4763,4947,629,0.08123306430465313,100,1,High Risk
91093,2232,5187,606,0.06359434863271601,0,0,Genuine
508606,4725,40049,4098,0.08679999842707321,50,1,Suspicious
218215,1220,3144,340,0.015965905185253076,0,0,Genuine
956103,539,69996,8737,0.08234782235805138,100,1,High Risk
708280,2575,47443,5034,0.07409075506861693,0,0,Genuine
684889,1232,21914,1371,0.03399820992890819,0,0,Genuine
36954,4529,2887,198,0.08348216701845537,100,1,High Risk
28856,4308,870,118,0.034238979761574716,100,1,High Risk
527861,2538,38138,847,0.07385467007412937,0,0,Genuine
996848,1926,71426,7917,0.07959387990947467,50,1,Suspicious
560655,2512,35341,5093,0.07211921770072505,0,0,Genuine
496553,1680,24551,2745,0.054970969866257983,0,0,Genuine
763092,337,14041,2095,0.021145549946795406,0,0,Genuine
887040,4332,41902,4583,0.052404626623376624,0,0,Genuine
323918,1957,11329,277,0.035830055754851535,0,0,Genuine
24752,1211,1620,206,0.07377181641887524,0,0,Genuine
842461,179,53133,3028,0.06666302653772697,0,0,Genuine
149757,2413,11043,861,0.07948877181033275,0,0,Genuine
917714,193,10129,613,0.011705171763752105,50,1,Suspicious
314837,65,20979,1151,0.07029034071598954,0,0,Genuine
117739,294,8911,677,0.08143435904840367,0,0,Genuine
843393,976,55032,3810,0.0697681863615183,0,0,Genuine
239009,3228,4568,467,0.02106615232062391,0,0,Genuine
781316,2226,12258,1540,0.017659948087585562,0,0,Genuine
208980,936,2394,140,0.012125562254761222,0,0,Genuine
257609,390,13914,664,0.05658963778439418,0,0,Genuine
389822,2101,21080,2249,0.05984526270964697,0,0,Genuine
337676,3448,26704,2861,0.08755434203200702,0,0,Genuine
345138,4000,13067,1792,0.04305234427967943,0,0,Genuine
319277,355,10610,234,0.03396423795011855,0,0,Genuine
519271,957,27889,3650,0.06073707177947546,0,0,Genuine
324412,2704,21992,1929,0.07373648323736483,0,0,Genuine
486417,3842,36760,3704,0.08318788200247935,0,0,Genuine
432459,4092,28636,912,0.0683255522488837,0,0,Genuine
189456,1421,7553,575,0.04290178194409256,0,0,Genuine
556941,370,30322,1502,0.057140702516065435,0,0,Genuine
158729,4704,11101,588,0.07364123758103434,0,0,Genuine
958456,4109,42500,3635,0.0481347083225521,0,0,Genuine
940684,1181,23675,2974,0.028329385851146614,0,0,Genuine
229504,2628,5021,585,0.0244265895147797,0,0,Genuine
647117,4092,6478,627,0.010979467391522708,0,0,Genuine
653665,3417,39400,3550,0.06570643984303887,0,0,Genuine
996915,867,17721,1338,0.019117978965107356,50,1,Suspicious
526910,61,14262,2088,0.03102996716706838,0,0,Genuine
574044,244,17710,1643,0.03371344356878567,0,0,Genuine
41809,2587,2058,109,0.051830945490205456,0,0,Genuine
542013,2892,20518,1024,0.03974443417408807,0,0,Genuine
717756,2279,41075,4085,0.06291831764555085,0,0,Genuine
52226,3059,725,63,0.015088270210240111,0,0,Genuine
500512,4801,9347,196,0.019066475928649063,0,0,Genuine
606470,2127,27257,3486,0.05069170775141392,0,0,Genuine
476781,3917,16013,1786,0.03733160507654458,0,0,Genuine
30402,4923,933,98,0.03391224261561739,100,1,High Risk
5263,493,77,2,0.015010450313509406,100,1,High Risk
752883,347,54734,3670,0.07757380628862652,50,1,Suspicious
178900,4953,10452,1480,0.06669647847959755,0,0,Genuine
573212,894,10612,1402,0.020959086690439138,0,0,Genuine
337326,1065,4909,280,0.015382745474703996,0,0,Genuine
225137,1434,17614,711,0.08139488400396203,0,0,Genuine
453268,1447,26145,2049,0.06220161140870302,0,0,Genuine
930168,603,36482,2417,0.041819327261311934,0,0,Genuine
298881,2400,17670,1920,0.0655444809138085,0,0,Genuine
364476,4566,22941,3341,0.07210900031826513,0,0,Genuine
352707,1319,22783,1530,0.06893257009359043,0,0,Genuine
685733,1310,29796,836,0.04467044753570267,0,0,Genuine
511585,234,20510,2803,0.0455701398594564,0,0,Genuine
692757,4613,7462,186,0.011039946186036374,50,1,Suspicious
391719,2460,29323,4218,0.08562515476655459,0,0,Genuine
480361,4481,25090,2669,0.057787788767198006,0,0,Genuine
102371,2259,2479,353,0.027664084555196297,0,0,Genuine
563997,3722,41945,1927,0.07778764780663727,0,0,Genuine
193192,4733,14304,361,0.07590894032879208,50,1,Suspicious
151322,1931,11991,1000,0.08585004163307385,0,0,Genuine
22172,4346,1578,124,0.07676348547717843,100,1,High Risk
536843,571,42864,2704,0.08488142715840571,50,1,Suspicious
997121,1937,27049,3908,0.031046382535319186,0,0,Genuine
578564,2602,39896,5064,0.07770963972870763,0,0,Genuine
582780,3859,39402,4176,0.07477607330381962,0,0,Genuine
709362,4933,18561,764,0.027242790000028196,0,0,Genuine
514319,4205,8687,1003,0.018840447271051622,0,0,Genuine
781298,4723,61378,7028,0.08755430066376722,50,1,Suspicious
877031,4466,26943,2027,0.033031899670593175,0,0,Genuine
990859,3529,70313,9859,0.08091161305493516,100,1,High Risk
223320,1459,2297,95,0.010711087229088303,0,0,Genuine
418978,1744,4806,263,0.012098487271408045,0,0,Genuine
12046,4714,513,14,0.04374896231114063,100,1,High Risk
229071,576,6118,755,0.030003797949107482,0,0,Genuine
379165,2710,22101,2228,0.06416467764693472,0,0,Genuine
947273,2222,46974,2862,0.05260996565931891,0,0,Genuine
709662,329,10945,451,0.01605834890412619,50,1,Suspicious
417366,3014,8924,225,0.021920808115658677,0,0,Genuine
986751,4027,36671,1528,0.03871189388204319,0,0,Genuine
267997,2719,6161,486,0.02480251644607962,0,0,Genuine
646188,2943,42296,2205,0.06886695512760992,0,0,Genuine
483615,1801,18921,1015,0.041222873566783495,0,0,Genuine
416008,4031,6880,920,0.018749639430010963,0,0,Genuine
584417,4819,25658,2231,0.047721062186760484,0,0,Genuine
762379,2411,12471,1431,0.01823502483672819,0,0,Genuine
206550,4477,3929,96,0.019486807068506414,0,0,Genuine
245883,4181,6582,444,0.02857456595209917,0,0,Genuine
639418,1758,44866,3692,0.07594093378666225,0,0,Genuine
461514,2736,34485,1525,0.07802580203417447,0,0,Genuine
950491,2945,64479,2297,0.07025421597889933,50,1,Suspicious
672210,4585,22442,2987,0.03782895226194195,0,0,Genuine
930616,2826,27054,3845,0.03320273883105384,0,0,Genuine
122789,1169,5948,179,0.049898606552704235,0,0,Genuine
680418,3038,41185,2692,0.06448536046959369,0,0,Genuine
701780,4309,55816,8069,0.09103280230271595,100,1,High Risk
564178,4293,10837,333,0.019798716008068377,0,0,Genuine
67017,244,901,93,0.014832057537639703,0,0,Genuine
179376,712,10512,1538,0.06717732584069218,0,0,Genuine
689281,529,47047,6923,0.07829898111220243,0,0,Genuine
500137,4268,34631,2814,0.07486948576090151,0,0,Genuine
657884,1473,37823,1556,0.05985705686716807,0,0,Genuine
625712,2758,48042,2222,0.08033088705346869,0,0,Genuine
802480,3225,36729,4982,0.05197761937992224,0,0,Genuine
953615,3864,70536,9770,0.08421218206508917,100,1,High Risk
694264,2064,53976,5344,0.08544300150951223,50,1,Suspicious
842344,3839,58375,6981,0.07758825373006753,0,0,Genuine
559296,4855,17720,2058,0.03536231262158142,0,0,Genuine
394276,2493,9358,992,0.02625064675506498,0,0,Genuine
731026,961,35358,4509,0.05453567998949422,0,0,Genuine
608847,3263,25395,2770,0.04625956931708623,0,0,Genuine
56337,2414,4024,359,0.07779966984397466,0,0,Genuine
898048,3679,15268,775,0.017864301240022806,0,0,Genuine
276494,3522,7753,904,0.031309901842354625,0,0,Genuine
25354,730,1587,129,0.06768162814546028,0,0,Genuine
46186,4701,768,44,0.017581085177326462,100,1,High Risk
553433,659,17960,2231,0.036483187666799775,0,0,Genuine
428236,2206,15887,1756,0.041199245275969326,0,0,Genuine
611411,3916,32760,4647,0.06118143114860544,0,0,Genuine
500883,421,10553,438,0.021943248223637055,0,0,Genuine
731546,665,51385,5364,0.07757406916311482,0,0,Genuine
741829,2303,30658,1586,0.043465542598092016,0,0,Genuine
545869,4992,40498,5567,0.08438837889676827,50,1,Suspicious
614217,4188,26258,864,0.044157032449443766,0,0,Genuine
286195,914,8372,881,0.03233110291933821,0,0,Genuine
576762,1318,11493,1411,0.022373179925168442,0,0,Genuine
617036,834,6332,418,0.010939394135836483,0,0,Genuine
126995,4621,6000,864,0.054049372022520574,0,0,Genuine
246690,4228,4317,563,0.01978191252178848,0,0,Genuine
332770,2287,12452,725,0.0395979204856207,0,0,Genuine
794392,4104,40711,854,0.05232303447164624,0,0,Genuine
429988,4945,12597,737,0.031010167725610948,0,0,Genuine
940024,985,20930,1184,0.02352493127835034,0,0,Genuine
181553,4030,11661,1582,0.07294288720098263,0,0,Genuine
561696,2388,42843,6243,0.08738890787899505,0,0,Genuine
881438,375,15011,437,0.017525906530011185,50,1,Suspicious
260568,1584,5443,442,0.022585275244849712,0,0,Genuine
320278,3530,24725,2256,0.08424243938078795,0,0,Genuine
152563,3911,1929,61,0.013043791745049585,0,0,Genuine
657701,2035,51586,3563,0.08385117249327582,0,0,Genuine
700983,4982,7237,443,0.010956043156538746,50,1,Suspicious
615615,4653,43805,3928,0.07753709704929217,0,0,Genuine
394554,2828,12433,1317,0.03484947561043609,0,0,Genuine
203503,1320,15405,1716,0.08413143786578085,0,0,Genuine
144326,690,4645,175,0.03339661599434613,0,0,Genuine
708220,4753,39519,4966,0.06281240292564458,0,0,Genuine
12344,4128,192,20,0.017174335709656513,100,1,High Risk
395966,4711,10676,1447,0.030616265032856357,0,0,Genuine
973260,1417,62441,4896,0.06918706203892074,0,0,Genuine
593245,4092,27887,3798,0.05340963682795472,0,0,Genuine
106423,2625,7977,1057,0.08488766526032906,0,0,Genuine
321197,3653,12851,989,0.043088820879398,0,0,Genuine
465071,1631,32967,2292,0.07581423051534067,0,0,Genuine
672256,2036,27849,3934,0.04727812023990861,0,0,Genuine
187833,2290,14753,1666,0.08741275494721375,0,0,Genuine
718912,4016,55491,7806,0.08804554660375678,100,1,High Risk
776435,2155,25653,3170,0.03712223173865166,0,0,Genuine
78454,178,5649,560,0.07914191755678487,0,0,Genuine
258594,4851,17929,628,0.07176113908288669,50,1,Suspicious
512897,4046,12692,734,0.026176795730916733,0,0,Genuine
353744,901,18996,2772,0.0615360260527387,0,0,Genuine
910164,4153,13732,844,0.0160146962525435,0,0,Genuine
517142,2126,35460,1139,0.07077166426242695,0,0,Genuine
946439,3044,21028,2354,0.0247052372102164,0,0,Genuine
38641,3794,577,66,0.016640356098444657,100,1,High Risk
554999,2806,21098,1204,0.04018385618712827,0,0,Genuine
857774,1694,43218,2536,0.05334039035923215,0,0,Genuine
370040,4421,25845,2092,0.07549724354123878,0,0,Genuine
668542,3194,52277,1193,0.07998001621438892,50,1,Suspicious
613121,292,24993,3064,0.04576095093790622,0,0,Genuine
319420,4135,4545,278,0.015099242376807964,0,0,Genuine
282685,220,17650,2311,0.07061216548454995,0,0,Genuine
881889,702,43708,5434,0.05572356611773137,0,0,Genuine
476526,3562,19705,2088,0.045733076474316195,0,0,Genuine
45813,1549,1449,90,0.03359308493222448,0,0,Genuine
693558,2149,31326,2729,0.049101877564673754,0,0,Genuine
665180,2208,22421,1744,0.036328512583060225,0,0,Genuine
287214,2022,18091,1158,0.06701971352371403,0,0,Genuine
988272,3975,47508,6188,0.05433322000420937,100,1,High Risk
929626,2308,66356,5497,0.07729237349213555,50,1,Suspicious
343703,4089,16514,2117,0.0542066842593751,0,0,Genuine
205615,2085,5485,184,0.027570945699486905,0,0,Genuine
477657,3321,33233,1273,0.072240122095981,0,0,Genuine
567074,907,27789,4086,0.056209595220376884,0,0,Genuine
751294,3873,18390,1772,0.026836364991601157,0,0,Genuine
756164,1099,40564,3499,0.0582717505726271,0,0,Genuine
400953,4040,14049,1236,0.038121675109052684,0,0,Genuine
823494,348,56910,2730,0.07242311419391034,0,0,Genuine
972741,973,40593,4604,0.04646354990691253,0,0,Genuine
839003,4282,51054,1583,0.06273755874532033,0,0,Genuine
288654,4356,4816,455,0.018260616516660083,0,0,Genuine
282570,2849,10659,1004,0.04127472838588668,0,0,Genuine
38265,4925,3016,418,0.08974258460734352,100,1,High Risk
936354,4112,62353,5512,0.07247793035539978,50,1,Suspicious
250321,4095,5305,200,0.02199176257685132,0,0,Genuine
67150,1852,1977,186,0.032211466865227106,0,0,Genuine
612600,2763,20269,646,0.03414136467515508,0,0,Genuine
90613,4556,5031,233,0.05809320958361383,0,0,Genuine
338054,2903,21293,511,0.06449857123418153,0,0,Genuine
839807,2707,52460,4549,0.06788345417459012,0,0,Genuine
122826,4572,5612,173,0.04709914838877762,0,0,Genuine
560723,3396,37432,3032,0.07216397401212363,0,0,Genuine
883875,1521,35881,5069,0.046330080610946116,0,0,Genuine
451348,2999,8427,957,0.020791052580270655,0,0,Genuine
211017,991,10447,314,0.050995891326291246,0,0,Genuine
135055,1957,10353,508,0.08041908851949206,0,0,Genuine
491457,4887,32195,3463,0.07255568645883567,50,1,Suspicious
677022,1293,34195,4661,0.057392521956450455,0,0,Genuine
810942,4473,44825,1088,0.056616872723326696,0,0,Genuine
734547,1516,55193,6933,0.08457729730024083,0,0,Genuine
697358,4007,27883,2594,0.04370352100355915,0,0,Genuine
451062,2016,14974,1362,0.03621675069059242,0,0,Genuine
95071,425,7454,1077,0.08973293643697867,100,1,High Risk
794072,312,55935,6555,0.07869563465277708,50,1,Suspicious
307691,4412,10034,1309,0.03686490667585337,0,0,Genuine
842052,3438,35757,2360,0.04526680062513954,0,0,Genuine
147389,3445,5756,529,0.042642259598748886,0,0,Genuine
640896,1994,13097,1309,0.022477905931695626,0,0,Genuine
270708,1943,20857,1289,0.08180770424220932,0,0,Genuine
683705,3684,26187,2465,0.04190696279828288,0,0,Genuine
639112,1702,45551,2312,0.07488984716293857,0,0,Genuine
255444,4191,5940,229,0.024150107264214467,0,0,Genuine
604561,3942,29231,2005,0.05166724284232691,0,0,Genuine
862291,649,10069,1169,0.013032723291788968,0,0,Genuine
212837,4865,13514,1879,0.07232295136653871,50,1,Suspicious
111017,1962,5624,447,0.05468531846473963,0,0,Genuine
992542,1342,53390,5529,0.0593617197055641,0,0,Genuine
124618,650,1697,56,0.014066988717520743,0,0,Genuine
970897,430,24051,3308,0.028179096237808954,0,0,Genuine
460297,4263,6997,657,0.01662839427586971,0,0,Genuine
126341,3687,3818,463,0.03388448722109212,0,0,Genuine
816862,2213,44045,5429,0.06056592178360604,0,0,Genuine
731892,4405,36326,1937,0.05227957130286982,0,0,Genuine
553076,1148,29230,2595,0.05754182065394268,0,0,Genuine
751865,415,36426,5276,0.05546474433575176,0,0,Genuine
442759,2620,12889,407,0.030029880815522665,0,0,Genuine
932423,3469,25283,2750,0.030064680944163754,0,0,Genuine
856778,2526,16787,2435,0.022435216590528703,0,0,Genuine
883554,840,61349,3624,0.0735359695049765,0,0,Genuine
565262,3619,30045,3965,0.060166789913349915,0,0,Genuine
894741,796,20628,2916,0.026313760071350258,0,0,Genuine
541659,362,12135,1421,0.025026815764161586,0,0,Genuine
832516,4683,59202,2964,0.07467243872790433,0,0,Genuine
423845,970,26274,1666,0.0659203246469818,0,0,Genuine
707544,1127,39734,979,0.05754129778501408,0,0,Genuine
325060,2879,12508,1602,0.04340737094690211,0,0,Genuine
599260,2431,16982,2215,0.032034509228047924,0,0,Genuine
194259,3668,15261,1560,0.08659058267570614,0,0,Genuine
276128,847,18171,1196,0.07013776219724185,0,0,Genuine
820471,4493,25536,765,0.03205597760310846,0,0,Genuine
610719,322,42340,4991,0.0775004543824574,0,0,Genuine
871123,3060,54989,6293,0.07034827458349739,0,0,Genuine
846038,4865,26054,3612,0.035064618846907585,0,0,Genuine
404832,1823,16136,1855,0.044440656865069955,0,0,Genuine
890097,2597,20487,2616,0.025955598097735417,0,0,Genuine
630661,3214,11209,1311,0.019852186832545537,0,0,Genuine
182144,4830,11036,1125,0.06676585558678848,0,0,Genuine
812006,4767,23325,1761,0.03089386039019416,0,0,Genuine
921934,996,62142,8530,0.07665624654259416,100,1,High Risk
251195,2715,20018,2094,0.0880272298413583,0,0,Genuine
144748,556,2223,159,0.016456185923121563,0,0,Genuine
405032,293,17461,538,0.044438464121353376,0,0,Genuine
33733,555,2231,128,0.06993152106246109,0,0,Genuine
742040,4567,48400,4389,0.07114036979138591,0,0,Genuine
527338,3208,33327,1860,0.06672570533509817,0,0,Genuine
110996,3640,3821,186,0.03610040001441493,0,0,Genuine
559221,1922,23358,2068,0.04546681902146021,0,0,Genuine
550239,3843,28418,1195,0.05381843162698391,0,0,Genuine
557701,1242,43598,5408,0.08787145800348216,0,0,Genuine
166873,4475,5494,455,0.03564986546655241,0,0,Genuine
711979,4795,53127,5025,0.08167656630321962,0,0,Genuine
951417,1514,27453,1075,0.02998474906376489,0,0,Genuine
900005,440,71312,4435,0.08416286576185687,100,1,High Risk
434816,4526,24749,1814,0.06109020827200471,0,0,Genuine
714135,3427,30312,3791,0.04775427615226813,0,0,Genuine
222888,4887,11799,1417,0.059294354115071245,0,0,Genuine
786332,4965,22864,1120,0.03050111148980329,0,0,Genuine
746453,722,21790,2181,0.03211320739550916,0,0,Genuine
768950,2610,13801,712,0.01887378893296053,0,0,Genuine
167472,1261,3011,447,0.020648227763447023,0,0,Genuine
398710,979,13690,1968,0.03927165107471596,0,0,Genuine
212760,1589,13488,1257,0.0693034404963339,0,0,Genuine
123744,962,6503,720,0.05837050685285751,0,0,Genuine
876863,693,15065,1870,0.019313165226494903,0,0,Genuine
731051,4572,50922,5791,0.07757735096457019,0,0,Genuine
502946,551,26201,2907,0.057875000497071255,0,0,Genuine
44001,779,3399,491,0.08840708165723506,100,1,High Risk
592652,1333,33729,3289,0.06246161322327436,0,0,Genuine
912420,2168,20312,2086,0.02454790556980338,0,0,Genuine
832460,4602,35932,4685,0.04879153352713644,100,1,High Risk
239506,4436,13267,1420,0.06132205456230742,0,0,Genuine
754019,3886,9032,1041,0.013359079810986196,0,0,Genuine
431789,969,4768,240,0.011598257482242484,0,0,Genuine
657166,4100,12524,854,0.020357109162677314,0,0,Genuine
911775,2389,25180,985,0.028696772778371855,0,0,Genuine
712998,805,28568,2449,0.043502225812695125,0,0,Genuine
653589,1919,28836,2285,0.047615550445310434,0,0,Genuine
913727,4522,17965,2688,0.022603031321171422,50,1,Suspicious
500722,557,28609,2845,0.06281729183059662,0,0,Genuine
686117,1486,35492,4338,0.05805132360807268,0,0,Genuine
559924,2625,17140,1087,0.032552632142933684,0,0,Genuine
736457,3476,8068,1033,0.012357815867049943,0,0,Genuine
180352,608,2783,278,0.01697236515259049,0,0,Genuine
811694,3152,30372,3359,0.04155630077344418,0,0,Genuine
867867,4566,18032,1050,0.021987239980319564,0,0,Genuine
194283,3672,7067,645,0.03969467220497933,0,0,Genuine
973346,4449,52534,5380,0.05949991061760155,100,1,High Risk
916015,4107,44249,4273,0.05297074829560651,0,0,Genuine
451195,3765,11813,1641,0.029818592847881735,0,0,Genuine
770884,1351,26262,3591,0.038725670788341694,0,0,Genuine
999974,2205,52980,7747,0.060728578943052516,50,1,Suspicious
432413,742,30381,3243,0.07775899429480612,0,0,Genuine
304988,4400,19130,2799,0.07190118955499888,0,0,Genuine
327898,1528,15981,2049,0.05498661169022074,0,0,Genuine
952661,306,33686,1859,0.03731127861852222,0,0,Genuine
864561,2480,30738,2322,0.038239060054756115,0,0,Genuine
303186,491,21695,1106,0.07520465984577124,0,0,Genuine
62665,1931,798,16,0.012989707173063114,100,1,High Risk
247584,2696,19598,871,0.08267497091896084,0,0,Genuine
117953,3870,6665,136,0.05765855891753495,50,1,Suspicious
477072,4727,27517,3125,0.06422929872220545,0,0,Genuine
683736,1785,8655,651,0.013610516339639861,0,0,Genuine
187626,3785,9829,595,0.055557332139468944,0,0,Genuine
146271,2695,6426,764,0.049155334960450124,0,0,Genuine
119533,68,2080,266,0.019626379326211172,0,0,Genuine
999916,1174,29452,4323,0.03377783733833642,100,1,High Risk
969452,4035,70112,7253,0.07980281643650228,50,1,Suspicious
599069,2704,29054,2324,0.05237793976987626,0,0,Genuine
466966,2130,18183,1085,0.04126210473567669,0,0,Genuine
67262,1597,1014,49,0.01580387142814665,0,0,Genuine
834032,911,50032,2385,0.06284770848120935,0,0,Genuine
77898,204,4611,337,0.06351896069218722,0,0,Genuine
456699,3544,24197,3603,0.06087160252157329,0,0,Genuine
150369,954,6874,138,0.046631952064587784,50,1,Suspicious
555736,1319,22432,1023,0.04220529172124894,0,0,Genuine
289316,454,14908,663,0.05382004451879606,0,0,Genuine
961378,893,25320,2866,0.029318332643351524,0,0,Genuine
8657,1832,656,43,0.08074390666512649,100,1,High Risk
478602,1614,24511,1947,0.05528184169727665,0,0,Genuine
781977,1234,24853,977,0.03303166205655665,0,0,Genuine
943929,796,39151,2844,0.044489574957438535,0,0,Genuine
945189,1775,62758,2097,0.06861590644833997,50,1,Suspicious
375999,3238,8013,715,0.023212827693690676,0,0,Genuine
943082,320,28762,941,0.0314956705779561,0,0,Genuine
685191,4915,39443,4842,0.06463161366684618,0,0,Genuine
8906,4006,285,26,0.034920278463956886,100,1,High Risk
324557,221,21250,2424,0.07294250316585377,0,0,Genuine
579316,323,11083,824,0.020553549358208648,0,0,Genuine
794719,2356,50375,3505,0.06779754856748109,0,0,Genuine
296804,1208,4388,143,0.01526596676594655,0,0,Genuine
469974,1756,5114,450,0.011838952793133238,50,1,Suspicious
847936,1821,61793,5368,0.07920527020907238,0,0,Genuine
716080,471,36300,2934,0.05478996760138532,0,0,Genuine
628267,1259,21755,2529,0.03865235640261226,0,0,Genuine
35701,4725,938,120,0.029635024229013193,100,1,High Risk
84300,940,4483,527,0.059430604982206404,0,0,Genuine
766537,4867,34977,1353,0.047394972454036795,0,0,Genuine
674034,3317,53526,5399,0.08742140604183171,0,0,Genuine
84560,1523,6665,202,0.08120860927152318,50,1,Suspicious
243615,3293,13265,1463,0.06045604745192209,0,0,Genuine
942378,4528,38638,2690,0.04385501359327149,0,0,Genuine
44642,2231,1981,73,0.046010483401281305,0,0,Genuine
518083,1499,29931,3952,0.06540071764562821,0,0,Genuine
492036,3146,8418,840,0.018815696412457623,0,0,Genuine
328304,3306,10828,715,0.03515948632974317,0,0,Genuine
805034,3206,12292,294,0.015634122285518377,0,0,Genuine
366464,1640,5546,498,0.016492752357666784,0,0,Genuine
614089,4289,14559,2038,0.02702702702702703,0,0,Genuine
289075,4031,12709,1239,0.04825045403442013,0,0,Genuine
95377,1485,6193,906,0.07443094247040691,0,0,Genuine
816624,273,35918,1355,0.04564279276631596,0,0,Genuine
833974,269,27924,2621,0.03662584205262994,0,0,Genuine
914447,4324,14415,1783,0.017713437738873877,0,0,Genuine
829952,1704,40269,3556,0.05280425855953115,0,0,Genuine
327916,4578,9505,302,0.029907049366301126,0,0,Genuine
452978,314,24028,2301,0.058124235614091635,0,0,Genuine
313250,1003,24559,2444,0.08620271348762969,0,0,Genuine
606409,4574,10789,1237,0.019831499862304154,0,0,Genuine
26559,3783,659,78,0.02774953876275462,100,1,High Risk
893027,2824,38504,4628,0.04829865166450734,0,0,Genuine
559030,3174,43494,4621,0.08606872618643006,0,0,Genuine
857101,529,54877,2637,0.06710294352707558,100,1,High Risk
998703,3564,72781,5280,0.07816237660245338,50,1,Suspicious
678114,1403,22621,2734,0.03739046826934704,0,0,Genuine
136044,3372,10807,1555,0.09086766046279145,50,1,Suspicious
858263,3928,14760,446,0.017717179932025498,0,0,Genuine
113217,939,1551,139,0.014927086921575381,0,0,Genuine
567161,3904,39640,2403,0.0741288628802051,0,0,Genuine
893964,974,66965,3301,0.07860048055626401,0,0,Genuine
913699,2220,14930,1280,0.017741072278726365,0,0,Genuine
404119,1952,7249,716,0.019709541001536678,0,0,Genuine
659380,4923,8125,172,0.012583032545724772,50,1,Suspicious
829187,2445,14357,1743,0.019416609281139235,0,0,Genuine
873388,78,21537,2726,0.027780322147773956,0,0,Genuine
87988,84,6854,997,0.08922807655589399,100,1,High Risk
570936,3639,32400,1408,0.05921504336738268,0,0,Genuine
126991,2720,8190,796,0.07076092006520147,0,0,Genuine
403732,3415,25971,1959,0.06917955475414383,0,0,Genuine
507079,638,24063,1528,0.05046748139836199,0,0,Genuine
902437,3268,59402,5556,0.07198064795658866,0,0,Genuine
527684,3188,27284,3320,0.05799683143699638,0,0,Genuine
85082,953,2724,62,0.032744881408523545,0,0,Genuine
937633,4136,46204,6746,0.05647198850723044,50,1,Suspicious
129322,2219,6122,766,0.053262399282411346,0,0,Genuine
657951,389,44504,5235,0.07559681496038459,0,0,Genuine
12303,4320,968,115,0.0880273104120946,100,1,High Risk
162633,1764,6305,444,0.04149834289473846,0,0,Genuine
334863,4742,21242,2500,0.07090063697691294,0,0,Genuine
250690,4596,4257,299,0.018173840201045115,50,1,Suspicious
785108,606,50543,6915,0.07318483571686953,0,0,Genuine
100616,3137,3622,155,0.03753876123081816,0,0,Genuine
911597,3316,11629,674,0.013496095314047765,0,0,Genuine
87231,3617,3090,283,0.0386674462060506,0,0,Genuine
270458,2106,14265,877,0.0559865117689253,0,0,Genuine
20623,3949,378,28,0.01968675750375794,100,1,High Risk
724035,1066,54072,4542,0.08095464998239035,100,1,High Risk
491042,2112,7580,995,0.01746286468367268,0,0,Genuine
459298,888,34493,3035,0.08170730114217785,0,0,Genuine
477840,1687,28431,1908,0.0634919638372677,0,0,Genuine
106228,4371,3514,183,0.034802500282411414,0,0,Genuine
427346,3546,15962,1167,0.04008227525237162,0,0,Genuine
708116,1863,43801,3812,0.06723898344339063,0,0,Genuine
885056,3529,46114,5395,0.0581985772651674,0,0,Genuine
682652,1501,38921,1390,0.05905058507116364,0,0,Genuine
899217,2363,33488,1634,0.0390584252744332,0,0,Genuine
521547,1564,23024,1596,0.047205716838559134,0,0,Genuine
873638,1281,69271,4630,0.08458995602297519,50,1,Suspicious
70274,1695,1755,124,0.02673819620343228,0,0,Genuine
134541,3049,5280,650,0.044075783590132374,0,0,Genuine
54947,3490,1671,103,0.032285657087739096,0,0,Genuine
678894,4106,43149,3678,0.06897542178896852,0,0,Genuine
195692,355,12422,1255,0.0698904400793083,0,0,Genuine
49874,3586,1519,76,0.03198059108954566,0,0,Genuine
574996,1773,9025,1023,0.017474904173246424,0,0,Genuine
75553,1739,815,74,0.01176657445766548,0,0,Genuine
593632,1567,23698,1850,0.043036763516791546,0,0,Genuine
836570,3967,32395,4058,0.04357435719664822,0,0,Genuine
710662,469,56275,2906,0.083275875169912,0,0,Genuine
572926,2986,24570,3312,0.04866597082345713,0,0,Genuine
79249,3912,2214,205,0.030524044467438075,0,0,Genuine
893297,4279,64662,6414,0.07956592264386872,50,1,Suspicious
528007,1500,23430,3133,0.050308045158492215,0,0,Genuine
679250,3146,35281,4455,0.05849981597350019,0,0,Genuine
471452,3311,7871,772,0.018332725282743524,0,0,Genuine
430725,1214,15852,1869,0.041142260142782515,0,0,Genuine
43534,1919,3312,252,0.08186704644645565,0,0,Genuine
496518,1869,25454,2320,0.05593754909187582,0,0,Genuine
617529,2755,21067,591,0.035072037102710965,0,0,Genuine
413003,3565,22218,703,0.05549838621026966,0,0,Genuine
127209,1392,9378,1198,0.08313877162779364,0,0,Genuine
443061,2276,12928,358,0.029986841541006767,0,0,Genuine
190004,1129,8618,362,0.047262162901833646,0,0,Genuine
617412,4256,47607,5877,0.08662611027968359,100,1,High Risk
616947,4613,13614,274,0.022510847771364476,0,0,Genuine
165134,2829,9970,565,0.06379667421609117,0,0,Genuine
76713,2578,4066,390,0.058086634599090116,0,0,Genuine
743623,863,42815,4170,0.06318389829254878,0,0,Genuine
489972,2081,16945,2050,0.038767521409386656,0,0,Genuine
978965,372,31299,2684,0.03471319199358506,50,1,Suspicious
76418,3019,4424,381,0.0628778560025125,0,0,Genuine
985176,953,24716,2824,0.027954395965796974,0,0,Genuine
129232,1591,5088,431,0.042706140893896245,0,0,Genuine
953336,3553,22090,2189,0.025467411279968447,0,0,Genuine
521551,2703,5518,754,0.01202566958935943,0,0,Genuine
164038,2526,12779,922,0.08352332996013119,0,0,Genuine
991049,3390,39859,2792,0.043036217179977986,0,0,Genuine
931491,4293,72520,1483,0.07944574880487305,100,1,High Risk
169383,1191,3357,334,0.021790852682972907,0,0,Genuine
819007,899,41864,999,0.05233532802527939,0,0,Genuine
326996,416,7870,673,0.026125701843447625,0,0,Genuine
259722,2947,16961,2112,0.07343621256574337,0,0,Genuine
133079,1139,8631,789,0.07078502243028577,0,0,Genuine
203053,4091,3631,199,0.018862070493910456,0,0,Genuine
601530,2088,44419,5428,0.08286702242614666,0,0,Genuine
179589,2910,4242,233,0.024918007227614163,0,0,Genuine
504238,4320,26678,3075,0.059005866277432484,0,0,Genuine
30257,1904,2390,237,0.08682288396073636,50,1,Suspicious
481488,4733,34555,1454,0.07478691057721065,0,0,Genuine
436423,544,33586,4623,0.08755038116689542,0,0,Genuine
145353,3232,4939,227,0.03554106210398134,0,0,Genuine
324390,1834,5641,838,0.019972872160054257,0,0,Genuine
264579,3560,6134,128,0.02366778920473658,0,0,Genuine
230947,3836,10400,564,0.04747409578821115,0,0,Genuine
232758,4180,15251,701,0.06853470127772193,0,0,Genuine
616645,1048,12647,275,0.020955330862976268,0,0,Genuine
158732,4519,8917,1027,0.06264647330090971,0,0,Genuine
923588,1501,30155,3321,0.03624559868686038,0,0,Genuine
932011,1801,31580,3884,0.03805105304551126,0,0,Genuine
728955,2330,41065,2191,0.05933973976445734,0,0,Genuine
609095,4850,26002,2022,0.046009243221500754,0,0,Genuine
439755,4708,29394,3106,0.07390478789325874,0,0,Genuine
903385,2984,18893,1457,0.022526386867171806,0,0,Genuine
139563,3784,9112,1008,0.07251205548748593,0,0,Genuine
784066,3396,11366,1164,0.0159807975349014,0,0,Genuine
507047,1923,11958,417,0.024406021532520653,0,0,Genuine
706552,4584,39517,4802,0.06272574417735709,0,0,Genuine
998899,3853,69767,7931,0.07778363978740593,100,1,High Risk
911229,2029,25229,2655,0.030600430846691666,0,0,Genuine
327032,748,10760,432,0.0342229506592627,0,0,Genuine
598897,1362,28506,1563,0.05020729774902863,0,0,Genuine
796509,3012,19761,1405,0.026573459935794824,0,0,Genuine
773800,2988,51675,2913,0.0705453605582838,0,0,Genuine
254973,4837,16357,811,0.0673326195322642,0,0,Genuine
284097,2350,5730,714,0.0226823936894793,0,0,Genuine
995423,3247,42273,4352,0.046839383859926885,0,0,Genuine
377826,176,24270,2269,0.07024132801871762,0,0,Genuine
515257,1241,17319,855,0.035271718773349996,0,0,Genuine
855321,2689,46458,6473,0.06188436855870486,50,1,Suspicious
680181,4439,9192,412,0.014119771060938192,0,0,Genuine
431783,3966,22715,2801,0.059094498857064776,0,0,Genuine
116374,1416,2407,350,0.023690858782889648,0,0,Genuine
550148,1069,37487,4293,0.07594320073871032,0,0,Genuine
677555,4129,23634,3523,0.04008087904302972,50,1,Suspicious
602763,4564,17907,1873,0.03281555105406271,0,0,Genuine
485090,4589,33404,1612,0.07218454307448102,0,0,Genuine
874698,734,11817,549,0.014137450868756988,50,1,Suspicious
677787,3679,25595,1591,0.04010994604499644,0,0,Genuine
888164,2937,31885,667,0.03665088879981625,0,0,Genuine
290227,1512,8688,943,0.03318436947630648,0,0,Genuine
743406,4136,54880,3014,0.0778766918749647,0,0,Genuine
844804,2311,52855,6658,0.07044592591891137,50,1,Suspicious
649074,4230,9395,626,0.015438917596452793,0,0,Genuine
962568,2891,57781,4760,0.06497307203231356,0,0,Genuine
533101,1817,25008,3639,0.053736533977614,0,0,Genuine
32598,4230,2381,122,0.07678385177004725,100,1,High Risk
506934,3610,16174,1840,0.035535197875857606,0,0,Genuine
783239,2162,39311,4645,0.056120800930495034,0,0,Genuine
618394,4808,27860,1357,0.04724657742474862,0,0,Genuine
290226,676,12848,1093,0.048034979636559096,0,0,Genuine
816673,4209,34240,2243,0.044672714783028214,0,0,Genuine
228286,3464,5568,670,0.02732537255898303,0,0,Genuine
438785,1425,27599,2785,0.06924575817313719,0,0,Genuine
12745,1231,530,43,0.04495880737544135,50,1,Suspicious
813461,540,62714,7608,0.08644790592296372,50,1,Suspicious
145097,3779,4099,207,0.02967669903581742,0,0,Genuine
233732,3584,13507,1593,0.06460390532746907,0,0,Genuine
910827,3346,69086,9153,0.08589885894906497,50,1,Suspicious
670648,1990,37852,5080,0.0640156982500507,0,0,Genuine
614474,4458,43620,5316,0.07963884558174959,0,0,Genuine
925044,1932,62832,4589,0.07288410064818539,0,0,Genuine
885200,4958,31166,4601,0.04040555806597379,50,1,Suspicious
214030,3037,11131,771,0.05560902677194786,0,0,Genuine
725238,3209,15185,1564,0.023094487602690426,0,0,Genuine
567134,4825,26931,1102,0.049429235418789914,0,0,Genuine
339076,4580,8859,1306,0.029978529887104956,0,0,Genuine
149554,731,9281,1035,0.06897842919614319,0,0,Genuine
286555,1123,13457,1587,0.05249952016192354,0,0,Genuine
445191,2437,17267,492,0.03989074352356629,0,0,Genuine
454761,2444,13104,1562,0.032249907094056,0,0,Genuine
506518,2743,40475,4885,0.08955259240540317,0,0,Genuine
341941,1420,5135,551,0.016628599670703424,0,0,Genuine
315451,4794,4116,238,0.01380246060402408,0,0,Genuine
921597,4390,23231,1943,0.02731562711250145,0,0,Genuine
995762,2206,77644,2667,0.08065280659434684,100,1,High Risk
285186,2630,22400,1821,0.08493053656210332,0,0,Genuine
578218,4441,32290,1669,0.05873044422691787,0,0,Genuine
773944,2209,55420,3623,0.07628846531531998,0,0,Genuine
438629,3298,10955,450,0.026001472770838224,0,0,Genuine
769747,3781,60073,2998,0.08193731187000404,0,0,Genuine
225695,3879,4512,135,0.020589733932962626,0,0,Genuine
885315,1677,15120,2110,0.019461999401343025,0,0,Genuine
296900,3522,5301,471,0.01944088918827888,0,0,Genuine
54268,77,2719,194,0.05367804230854279,0,0,Genuine
433430,2035,28029,2510,0.07045889763052858,0,0,Genuine
213943,4203,7630,775,0.03928616500656717,0,0,Genuine
784204,1571,61522,8603,0.08942188512172854,100,1,High Risk
422818,346,17085,738,0.042152888476838735,0,0,Genuine
709691,2231,14570,851,0.021729175091694836,0,0,Genuine
574189,3452,24470,3593,0.04887415119411901,0,0,Genuine
363130,2346,20891,1425,0.061454575496378706,0,0,Genuine
195488,2647,13343,305,0.0698150270093305,0,0,Genuine
688556,951,28997,1136,0.04376259883001528,0,0,Genuine
391530,1148,20184,472,0.05275713227594309,0,0,Genuine
793058,1727,22771,3385,0.03298119431365676,0,0,Genuine
663784,2931,36650,2061,0.05831866992877201,0,0,Genuine
800289,4916,63237,8857,0.09008495680935262,100,1,High Risk
242531,1428,3258,486,0.015437201842238724,0,0,Genuine
247693,1298,17848,1748,0.07911406458801823,50,1,Suspicious
938486,3785,46323,1126,0.050559091984323686,0,0,Genuine
995465,4291,27521,842,0.028492212182246488,50,1,Suspicious
920484,1314,70732,5842,0.08318884412982736,50,1,Suspicious
704650,1957,30888,2248,0.04702476406726744,0,0,Genuine
551719,1108,18327,1810,0.03649865239370042,0,0,Genuine
872408,2799,19807,1526,0.024453008225509165,50,1,Suspicious
239360,2098,6489,917,0.030940842245989305,0,0,Genuine
345855,4298,23621,2114,0.07440979601277992,0,0,Genuine
508403,2526,26949,2969,0.05884701703176417,0,0,Genuine
27385,4066,2024,276,0.08398758444403871,100,1,High Risk
432374,4653,11344,443,0.02726112115899661,0,0,Genuine
417235,3247,7710,384,0.01939913957362158,0,0,Genuine
281783,4636,2937,99,0.010774248269058106,0,0,Genuine
86530,3603,3941,150,0.047278400554720906,0,0,Genuine
756271,4490,60412,5233,0.0868008954462091,50,1,Suspicious
284707,1811,16697,1031,0.062267524156413435,0,0,Genuine
957845,270,30256,2269,0.0339564334521765,0,0,Genuine
378816,4868,27039,3994,0.08192103818212536,50,1,Suspicious
924280,4673,59819,2414,0.06733132816895313,0,0,Genuine
430660,2938,4771,430,0.012076812334556262,0,0,Genuine
987420,1714,66335,2179,0.06938688703894999,50,1,Suspicious
402927,4036,12505,767,0.032938969093657164,0,0,Genuine
730678,4626,14962,1325,0.022290256446752196,0,0,Genuine
346114,3027,8944,1279,0.029536511091721226,0,0,Genuine
244373,1921,10459,741,0.04583157713822722,0,0,Genuine
348697,1512,13857,394,0.0408692933979931,0,0,Genuine
162779,394,4919,346,0.03234446703813145,0,0,Genuine
171182,94,3775,147,0.022911287401712797,0,0,Genuine
718148,2118,45499,2270,0.06651692965795351,0,0,Genuine
608167,1564,48232,4840,0.08726550437626507,0,0,Genuine
957331,2648,61695,1774,0.066297863539361,50,1,Suspicious
239260,1051,7349,590,0.03318147621833988,0,0,Genuine
924159,1083,25078,2488,0.029828200558561894,0,0,Genuine
832291,2090,21004,1571,0.027123926607400536,0,0,Genuine
972129,323,19023,427,0.020007632731869947,100,1,High Risk
839530,2697,40795,6042,0.055789548914273464,0,0,Genuine
671611,1829,35177,2382,0.05592374157064134,0,0,Genuine
647701,4526,38463,4662,0.0665816480135124,0,0,Genuine
787958,528,45398,2829,0.061205038847248205,0,0,Genuine
331904,565,10110,826,0.03294928654068646,0,0,Genuine
48837,4336,1617,113,0.0354239613407867,0,0,Genuine
519349,1241,29969,1933,0.06142690175585204,0,0,Genuine
785838,2718,27081,618,0.03524772281309888,0,0,Genuine
798968,1461,19881,1328,0.026545493686856044,0,0,Genuine
553829,3330,20050,2719,0.04111196777344631,0,0,Genuine
80083,321,2326,255,0.03222906234781414,0,0,Genuine
969531,192,15688,610,0.01681018966902554,50,1,Suspicious
559819,3382,38129,3692,0.0747045027053387,0,0,Genuine
271856,837,18953,2577,0.07919633923842034,0,0,Genuine
367245,1731,9321,1034,0.028196435621996214,0,0,Genuine
852887,672,12395,487,0.015103993846781578,50,1,Suspicious
600032,3891,37032,4918,0.06991293797664125,0,0,Genuine
778147,3726,19303,1142,0.02627395594919726,0,0,Genuine
655037,2622,24590,1943,0.04050610881522723,0,0,Genuine
792541,3310,11483,1015,0.015769531166210958,0,0,Genuine
836700,4762,21619,2822,0.02921118680530656,0,0,Genuine
757097,116,49592,6997,0.07474471567051513,50,1,Suspicious
842047,4336,55834,7864,0.07564660879974633,50,1,Suspicious
607791,4666,14888,313,0.025010242007532196,0,0,Genuine
255346,1190,8557,1196,0.038195233134648676,0,0,Genuine
948263,2364,18393,497,0.019920633832597075,0,0,Genuine
610996,2582,9282,506,0.016019744810113323,0,0,Genuine
716472,3630,56925,4949,0.08635927154166527,0,0,Genuine
627759,1237,35086,2890,0.06049455284591698,0,0,Genuine
779513,4521,37375,3685,0.05267391307136635,0,0,Genuine
158661,4798,10088,830,0.06881338199053327,0,0,Genuine
686375,3389,47226,6681,0.07853869969040247,50,1,Suspicious
161081,598,10707,548,0.06987167946561047,0,0,Genuine
870741,4137,9715,540,0.011777325289609654,0,0,Genuine
389590,122,8990,1255,0.026296876203187967,0,0,Genuine
718406,248,40118,1202,0.05751622341684229,0,0,Genuine
894093,3251,32458,3221,0.039905244756417955,0,0,Genuine
682503,1831,53763,5840,0.08733001906218728,0,0,Genuine
7154,621,404,34,0.061224489795918366,50,1,Suspicious
678164,840,52190,5753,0.08544098477654373,0,0,Genuine
960192,1688,23141,982,0.025123100379924015,0,0,Genuine
65288,1881,4601,602,0.07969305232201936,0,0,Genuine
52195,1905,1696,64,0.03371970495258166,50,1,Suspicious
283725,1224,22490,1621,0.08498017446471055,0,0,Genuine
446864,3790,9401,279,0.021662071681764473,0,0,Genuine
293231,3327,13530,1229,0.05033233184758774,0,0,Genuine
706290,228,46261,4953,0.07251129139588554,0,0,Genuine
165053,2294,6649,946,0.04601552228678061,0,0,Genuine
594586,4136,25427,2952,0.047729008082935016,0,0,Genuine
833599,784,65891,5952,0.08618412450110904,50,1,Suspicious
731664,848,29099,4109,0.04538695357431827,0,0,Genuine
437624,837,22881,1880,0.056580534888397344,0,0,Genuine
40499,2845,559,51,0.015062100298772809,0,0,Genuine
388960,4354,26820,2614,0.07567359111476758,0,0,Genuine
446485,4638,24722,1812,0.059428648218865135,0,0,Genuine
694919,3134,26602,3431,0.04321798655670661,0,0,Genuine
246198,2968,2740,120,0.011616666260489525,0,0,Genuine
468535,781,24090,2219,0.056151621543748066,0,0,Genuine
768285,1179,8363,952,0.012124406958355299,0,0,Genuine
621635,3496,6268,861,0.011468144489933803,0,0,Genuine
311931,1655,16571,2235,0.0602889741641581,0,0,Genuine
298632,3828,6937,597,0.025228374722065953,0,0,Genuine
337585,2795,7910,819,0.025857191522135167,0,0,Genuine
731023,3220,40739,2902,0.059698532057130896,0,0,Genuine
23431,4739,322,26,0.014852118987665912,100,1,High Risk
324825,2983,10374,1429,0.036336488878626956,0,0,Genuine
195555,1265,4001,564,0.023343816317659992,0,0,Genuine
648008,374,32797,4473,0.05751472204046864,0,0,Genuine
574441,1900,32354,1229,0.05846205267381681,0,0,Genuine
269512,1540,16299,2127,0.06836801329810918,0,0,Genuine
945928,943,26359,3776,0.03185760438426603,50,1,Suspicious
899792,1440,14619,978,0.017334006081405482,0,0,Genuine
177076,3439,2746,240,0.016862815966025888,0,0,Genuine
220724,4289,8791,1066,0.044657581413892464,0,0,Genuine
900187,4529,68602,6384,0.0833004697912767,50,1,Suspicious
582273,2313,14697,2192,0.02900529476723118,0,0,Genuine
837501,3482,23426,1856,0.030187426641878637,0,0,Genuine
315470,2421,5382,607,0.01898437252353631,0,0,Genuine
634025,3136,33216,4086,0.0588336422065376,0,0,Genuine
737421,4362,42468,3577,0.062440586856083564,0,0,Genuine
679758,1565,37390,4913,0.0622324415453735,0,0,Genuine
754753,2967,53043,4826,0.07667276579225256,0,0,Genuine
51861,2402,2284,167,0.04726094753282813,0,0,Genuine
339041,1217,6581,223,0.02006836931226607,0,0,Genuine
213977,160,6474,460,0.03240535197708165,0,0,Genuine
652406,4377,36776,4244,0.06287495823153068,0,0,Genuine
856009,3705,45298,6331,0.060313618197939504,50,1,Suspicious
722001,3843,34056,1795,0.04965505587942399,0,0,Genuine
10078,1805,582,38,0.06152014288549315,100,1,High Risk
943507,1627,51531,2062,0.056801910319690264,0,0,Genuine
325912,1346,23365,2565,0.07956135398512482,0,0,Genuine
576335,3824,29405,4258,0.0584087379735744,0,0,Genuine
859058,2270,55411,5725,0.07116632404331256,0,0,Genuine
845092,1022,23163,2321,0.030155296701424222,0,0,Genuine
760746,1080,43722,4020,0.06275682027904189,0,0,Genuine
968290,2643,70833,2231,0.07545673300354233,0,0,Genuine
396141,4042,14657,1683,0.041247939496290464,0,0,Genuine
216048,4663,13943,1370,0.07087776790342887,0,0,Genuine
761581,963,46254,4902,0.06717079338901574,0,0,Genuine
643120,2231,9110,1246,0.016102749098146536,0,0,Genuine
917838,3247,46539,5673,0.05688585567387709,0,0,Genuine
650438,1512,12431,1510,0.02143324959488837,0,0,Genuine
158087,2428,12285,1726,0.08862841346853315,0,0,Genuine
34320,3504,2292,340,0.0766899766899767,100,1,High Risk
328025,3603,5799,554,0.01936742626324213,0,0,Genuine
616115,1357,11412,389,0.019153891724759176,0,0,Genuine
514287,1239,26543,2115,0.05572374957951494,0,0,Genuine
365359,737,12474,1526,0.038318475800514014,0,0,Genuine
944793,4711,11756,277,0.01273612315078541,50,1,Suspicious
260931,1257,12502,342,0.049223741142294324,0,0,Genuine
921893,1944,34247,983,0.03821484705925742,0,0,Genuine
944187,4972,16122,1854,0.01903860146348128,0,0,Genuine
407845,1861,26972,2296,0.07176255685370668,0,0,Genuine
848982,3233,62871,4272,0.07908648239892012,0,0,Genuine
550114,3847,34636,1168,0.06508469153666331,0,0,Genuine
101734,1694,6874,791,0.07534354296498712,0,0,Genuine
158702,4018,3992,246,0.026704137313959497,0,0,Genuine
755122,2766,21483,1170,0.02999912596904871,0,0,Genuine
178235,240,4384,459,0.027171992032990155,0,0,Genuine
99511,1385,6324,586,0.06943955944568943,0,0,Genuine
984939,4853,75204,5047,0.08147814230119835,100,1,High Risk
274797,3156,16536,1709,0.06639446573288646,0,0,Genuine
684321,428,49067,2711,0.07566332174520438,50,1,Suspicious
607229,4532,33220,4096,0.061452927972807624,0,0,Genuine
730497,3879,27127,1351,0.03898441745825103,0,0,Genuine
821094,665,32682,1328,0.041420348949085,0,0,Genuine
99818,2380,1524,185,0.01712116051213208,0,0,Genuine
974950,1804,11896,1332,0.013567875275655162,50,1,Suspicious
153360,513,8999,393,0.0612415232133542,0,0,Genuine
778915,1016,31694,1112,0.04211756096621583,0,0,Genuine
620369,4317,30184,3893,0.0549302108906151,0,0,Genuine
562165,3208,27566,3334,0.05496606868090329,0,0,Genuine
374706,3674,11022,689,0.031253836341024695,0,0,Genuine
933817,4988,40445,4269,0.047883043465689744,0,0,Genuine
212957,739,9147,330,0.044501941706541696,0,0,Genuine
73715,2672,2741,235,0.04037170182459472,0,0,Genuine
142398,2262,9604,215,0.0689546201491594,0,0,Genuine
635379,432,26419,1873,0.04452775430097627,0,0,Genuine
520052,2306,27175,807,0.053806157845753884,0,0,Genuine
133632,3860,9713,794,0.07862637691570881,0,0,Genuine
866580,3553,61212,4579,0.07592028433612592,0,0,Genuine
84186,1462,6089,473,0.07794645190411707,0,0,Genuine
945249,1633,27318,707,0.029648272571565798,0,0,Genuine
688250,421,8567,574,0.013281511078823102,0,0,Genuine
152094,660,4300,508,0.03161202940286928,0,0,Genuine
911061,165,26884,1827,0.03151380643008536,50,1,Suspicious
971083,496,71525,8080,0.08197548510271521,100,1,High Risk
595604,1441,33024,2246,0.05921719800404295,0,0,Genuine
29380,3374,461,34,0.016848196051735875,100,1,High Risk
635486,1390,12377,1154,0.021292365213395732,0,0,Genuine
265500,4560,5548,796,0.023894538606403014,0,0,Genuine
71326,2989,3860,131,0.05595435044724224,0,0,Genuine
879879,3749,54094,1313,0.06297115853429847,50,1,Suspicious
640282,1123,44931,4449,0.07712226800066221,0,0,Genuine
221971,4863,16835,2413,0.0867140302111537,50,1,Suspicious
807481,3619,19475,2895,0.027703438223314232,50,1,Suspicious
469933,3200,14889,1234,0.034309146197436656,0,0,Genuine
892793,1655,23947,1936,0.028991042716508753,0,0,Genuine
803514,4707,28214,2929,0.03875850327436734,0,0,Genuine
788093,2344,58339,5380,0.08085213293354972,0,0,Genuine
169484,3712,8517,872,0.05539755965164853,0,0,Genuine
790352,4532,48743,6513,0.06991315262060449,50,1,Suspicious
485410,4847,21507,2516,0.0494901217527451,0,0,Genuine
770666,1033,9263,783,0.013035478404393083,0,0,Genuine
978819,401,14186,1135,0.015652536372914708,50,1,Suspicious
342705,1774,16331,1684,0.052567076640259114,0,0,Genuine
796378,2001,48033,3806,0.06509346064306146,0,0,Genuine
226314,1329,5674,451,0.02706416748411499,0,0,Genuine
439716,1957,26617,588,0.06186947939124344,0,0,Genuine
760900,4898,50787,2164,0.06958995925877251,0,0,Genuine
803741,1074,31211,2606,0.04207449912347386,0,0,Genuine
580518,595,36136,4587,0.07014941827815847,0,0,Genuine
899254,4224,34425,1935,0.040433514891232064,0,0,Genuine
492872,2431,28332,2491,0.06253753510039117,0,0,Genuine
517998,938,32882,2132,0.06759485557859297,0,0,Genuine
948531,1155,75346,2533,0.08210485477016566,100,1,High Risk
520984,2599,17806,2574,0.039118283862844154,0,0,Genuine
466757,2040,18097,2372,0.04385365404268174,0,0,Genuine
375484,4048,8107,244,0.022240628096004092,0,0,Genuine
509062,3825,12362,1403,0.027039928338787808,0,0,Genuine
584609,2862,34221,2230,0.0623510756762212,0,0,Genuine
133028,970,9869,1473,0.08526024596325586,50,1,Suspicious
232447,4695,8745,518,0.03984994428837541,0,0,Genuine
861563,2111,19461,993,0.023740573817585018,0,0,Genuine
442124,4537,13244,1242,0.03276456378753472,0,0,Genuine
996843,3689,41721,5363,0.04723311494387782,0,0,Genuine
813395,3215,24682,1111,0.03171030065343406,0,0,Genuine
627045,4485,16522,1854,0.02930571171128069,0,0,Genuine
433659,2694,26678,746,0.0632386275852686,0,0,Genuine
886691,4902,9353,1304,0.01201884309190011,100,1,High Risk
302207,1095,14429,440,0.049201375216325234,0,0,Genuine
377369,3606,24741,3435,0.07466432059867133,0,0,Genuine
379544,2731,10868,910,0.031031975212360095,0,0,Genuine
343962,3249,17965,1405,0.05631436030724324,0,0,Genuine
267847,988,15219,2230,0.06514540017248653,0,0,Genuine
721488,4993,40296,5994,0.06415907125274432,100,1,High Risk
597387,491,24618,2573,0.04551655794317586,0,0,Genuine
420065,2600,14391,525,0.035508790306262125,0,0,Genuine
688220,4275,47153,4045,0.07439190956380227,0,0,Genuine
32585,646,2055,182,0.06865121988645081,0,0,Genuine
416231,1555,13522,1174,0.035307317331001294,0,0,Genuine
996043,911,17143,1612,0.018829508364598718,0,0,Genuine
568873,2690,8548,191,0.015361952492032493,0,0,Genuine
290102,3781,4815,541,0.018462471820256322,0,0,Genuine
289161,1601,14689,1654,0.05651868682152849,0,0,Genuine
995211,3286,13551,474,0.014092488929483296,0,0,Genuine
387821,1786,13024,1225,0.036741176986290064,0,0,Genuine
963854,1499,60456,5676,0.06861205120277553,0,0,Genuine
930705,314,28483,3096,0.03393019270338077,0,0,Genuine
816858,2709,51814,1611,0.06540304434797725,0,0,Genuine
280922,2771,17468,1772,0.06848876200511174,0,0,Genuine
701601,1512,19089,1078,0.02874425777614342,0,0,Genuine
43229,4302,2637,226,0.0662286890744639,100,1,High Risk
87652,1495,5464,658,0.06984438461187423,0,0,Genuine
915699,2348,34633,3869,0.042046567704016276,0,0,Genuine
250474,2975,6194,219,0.025603455847712737,0,0,Genuine
704724,1682,32761,3173,0.05099017487697311,0,0,Genuine
913935,2424,68086,9939,0.08537259214276727,50,1,Suspicious
261116,562,14302,577,0.056982337351981494,0,0,Genuine
872310,265,19282,2523,0.02499684745102085,50,1,Suspicious
844488,3381,48805,5433,0.06422589782211233,0,0,Genuine
945994,2222,37749,4553,0.04471698551999273,0,0,Genuine
521985,3203,26833,1520,0.05431765280611512,0,0,Genuine
20975,1756,1287,73,0.06483909415971395,50,1,Suspicious
158795,2156,7311,1007,0.05238200195220252,0,0,Genuine
417495,1617,27963,1867,0.07144995748452078,0,0,Genuine
210373,2258,12738,359,0.06225608799608315,0,0,Genuine
930065,2381,49344,4839,0.05825721858149699,0,0,Genuine
198133,2203,4072,147,0.021293777412142348,0,0,Genuine
875829,1178,60008,7414,0.07698078049482263,50,1,Suspicious
705513,3560,53275,5510,0.08332234841881014,0,0,Genuine
296286,4373,5803,775,0.022201521502872225,0,0,Genuine
814348,3703,35975,4389,0.049566033194653886,0,0,Genuine
589612,2415,16581,573,0.029093709083261535,0,0,Genuine
177037,4947,11120,773,0.06717804752678819,50,1,Suspicious
389076,2971,23544,2841,0.0678145143879345,0,0,Genuine
661008,4617,13128,974,0.021334083702466537,0,0,Genuine
691493,1129,49367,7227,0.08184320014808537,0,0,Genuine
969181,3561,21969,2540,0.025288362029383574,0,0,Genuine
621347,2791,40889,900,0.06725549491668907,0,0,Genuine
623605,3070,26184,3519,0.04763111264342011,0,0,Genuine
726495,278,23959,793,0.03407043407043407,0,0,Genuine
298190,220,6284,240,0.021878667963379055,0,0,Genuine
441280,344,9590,1107,0.024240844815083394,0,0,Genuine
102459,4334,5771,764,0.06378161020505763,0,0,Genuine
762985,475,37027,3322,0.052883084202179596,0,0,Genuine
201422,968,3735,215,0.019610568855437837,0,0,Genuine
833325,3303,14907,978,0.01906219062190622,0,0,Genuine
102520,548,1544,99,0.016026141240733517,0,0,Genuine
913250,2859,56679,3540,0.06593922803175473,0,0,Genuine
586560,875,35094,1810,0.06291598472449536,0,0,Genuine
748512,3829,10546,1045,0.015485389679791373,0,0,Genuine
517123,1908,25452,3488,0.05596347484060852,0,0,Genuine
330793,2168,5268,315,0.016877624375364653,0,0,Genuine
327818,195,24016,1063,0.0765028155866975,0,0,Genuine
145832,4615,10718,1382,0.08297218717428273,0,0,Genuine
153999,3627,9066,1055,0.06572120598185703,0,0,Genuine
349619,242,26163,3689,0.08538437556311299,100,1,High Risk
62367,3938,4166,172,0.06955601520034634,0,0,Genuine
754315,101,51291,1987,0.07063096982030054,100,1,High Risk
406804,2460,20291,1834,0.054387370822312466,0,0,Genuine
909182,1870,28570,2853,0.034561836903942225,0,0,Genuine
758038,3014,19137,1577,0.02732580688567064,0,0,Genuine
236806,2571,7791,762,0.03611817268143544,0,0,Genuine
905586,1919,48896,2124,0.05633921019097027,0,0,Genuine
708593,2618,15649,1288,0.023902296522827632,0,0,Genuine
45738,1917,1285,135,0.03104639468275832,0,0,Genuine
558685,2788,23891,1821,0.04602235606826745,0,0,Genuine
345333,3319,9086,984,0.029160259807200585,0,0,Genuine
339511,3249,17384,1367,0.055229432919699215,0,0,Genuine
203332,2629,15173,961,0.07934806129876261,0,0,Genuine
383729,4055,23931,1423,0.06607267107776582,0,0,Genuine
864051,4985,48948,3593,0.06080775324604682,0,0,Genuine
112453,290,5711,131,0.05195059269205801,50,1,Suspicious
20816,3490,919,98,0.04885664873174481,100,1,High Risk
960744,4681,22154,2877,0.0260537666641686,50,1,Suspicious
924780,1457,67166,4439,0.07742922641060576,100,1,High Risk
770299,3552,21104,548,0.02810856563490281,0,0,Genuine
866962,4088,14210,2107,0.0188208941106992,0,0,Genuine
417715,132,26107,1417,0.06589181619046479,0,0,Genuine
372000,3818,8293,302,0.02310483870967742,0,0,Genuine
214567,1000,7731,526,0.03848215242791296,0,0,Genuine
515933,660,6180,716,0.013366076602969765,0,0,Genuine
596923,4719,11696,680,0.020732992362499016,0,0,Genuine
895235,3655,19806,1875,0.02421822203108681,0,0,Genuine
217184,4604,2999,221,0.014826138205392662,0,0,Genuine
299090,3333,16738,591,0.05793908188170785,0,0,Genuine
318348,2223,21835,1374,0.0729044944526116,0,0,Genuine
183958,3534,6646,759,0.04025375357418541,0,0,Genuine
990156,1572,70519,7020,0.07830988248316427,50,1,Suspicious
278707,2651,6949,247,0.025819229513431668,0,0,Genuine
93324,2707,3058,126,0.03411769748403412,0,0,Genuine
224536,2209,4614,476,0.02266897067730787,0,0,Genuine
758232,2499,40519,5095,0.060158368414944235,0,0,Genuine
272991,3880,10753,703,0.041964753416779306,0,0,Genuine
27155,171,1437,139,0.05803719388694532,0,0,Genuine
342815,4418,21706,915,0.0659860274492073,0,0,Genuine
642179,1367,30952,1871,0.05111191739374847,0,0,Genuine
870742,4543,46962,1062,0.05515296149720583,100,1,High Risk
461494,2568,34827,4174,0.0845103078263206,0,0,Genuine
150381,1280,4651,335,0.03315578430785804,0,0,Genuine
132691,1183,4662,587,0.03955807100707659,0,0,Genuine
477410,1351,28758,3223,0.06698854234305943,0,0,Genuine
444324,4084,23456,2996,0.059533133479172856,0,0,Genuine
35707,1960,803,45,0.023748844764331922,0,0,Genuine
938841,1555,34108,1502,0.037929745292333845,0,0,Genuine
519477,3235,22206,3249,0.04900120698317731,0,0,Genuine
868969,1966,34200,3873,0.043813991062972325,0,0,Genuine
722864,4965,16249,2086,0.025364383895172538,0,0,Genuine
703974,3598,52593,1141,0.0763295235335396,0,0,Genuine
747788,2807,47381,3130,0.06754721926535329,0,0,Genuine
354299,2006,15481,1804,0.048786476958726954,0,0,Genuine
787713,228,45375,1367,0.05933887088317699,0,0,Genuine
159492,946,11612,1088,0.07962781832317609,0,0,Genuine
475112,1601,9279,703,0.021009782956439745,0,0,Genuine
171102,541,4709,104,0.028129419878201306,0,0,Genuine
395274,110,18968,961,0.05041819092578819,0,0,Genuine
218285,1127,14391,820,0.06968412854754105,0,0,Genuine
339404,2945,4255,146,0.01296684776844115,0,0,Genuine
160476,4210,12658,1292,0.08692888656247663,0,0,Genuine
759842,3733,31794,1637,0.043997304702819796,0,0,Genuine
161928,635,5691,319,0.03711526110370041,0,0,Genuine
665560,4010,20293,2775,0.03465953482781417,0,0,Genuine
851610,3820,18909,1526,0.023995725743004428,0,0,Genuine
297141,584,19436,1379,0.07005091858747194,0,0,Genuine
944115,3512,72582,8281,0.08564952362794787,50,1,Suspicious
644561,4061,25108,3471,0.044338704948018885,0,0,Genuine
697595,3448,53484,1243,0.07845096366803088,0,0,Genuine
249500,2205,16882,1321,0.07295791583166332,0,0,Genuine
691417,1054,30196,3001,0.04801299360588473,0,0,Genuine
133311,2549,7622,468,0.06068516476509815,0,0,Genuine
760034,376,30742,3701,0.045317709470892094,0,0,Genuine
246546,4753,12108,1771,0.056293754512342524,50,1,Suspicious
197733,2756,2780,396,0.01606206348965524,0,0,Genuine
652233,51,38311,2090,0.06194258800152706,0,0,Genuine
570560,1083,7815,386,0.014373597868760517,0,0,Genuine
876825,2531,58919,8512,0.07690360106064494,50,1,Suspicious
848644,174,57492,4577,0.07313903120743209,0,0,Genuine
147470,1154,3922,184,0.027842951108700074,0,0,Genuine
645318,2749,21073,2358,0.036309230487914484,0,0,Genuine
319647,1911,13965,795,0.04617593783142029,0,0,Genuine
925142,2970,47891,2621,0.05459918585471203,0,0,Genuine
7570,178,227,30,0.03394980184940555,0,0,Genuine
331929,487,17085,702,0.053586761024194934,0,0,Genuine
534398,4896,16483,467,0.03171793307609684,0,0,Genuine
500115,2598,6943,381,0.014644631734701019,0,0,Genuine
80141,3179,815,80,0.011167816723025668,0,0,Genuine
13115,1271,224,8,0.017689668318719026,100,1,High Risk
40062,951,2622,213,0.07076531376366632,0,0,Genuine
810343,3218,62639,6361,0.08514912820867213,50,1,Suspicious
629349,4536,25103,3271,0.045084682743596956,0,0,Genuine
295700,3968,13569,676,0.04817382482245519,0,0,Genuine
996635,1117,20211,2551,0.02283885273946831,0,0,Genuine
391479,76,19014,960,0.05102189389469167,0,0,Genuine
527257,597,10611,1145,0.02229652712055032,0,0,Genuine
831185,2718,43874,3333,0.0567948170383248,0,0,Genuine
398686,616,30032,1048,0.07795608574166135,0,0,Genuine
122863,753,2911,328,0.026362696662135875,0,0,Genuine
797657,4330,50666,2447,0.06658626452221945,0,0,Genuine
502076,3190,5846,251,0.012143579856436078,0,0,Genuine
648296,1640,23523,1566,0.0386999148537088,0,0,Genuine
501726,4993,8906,934,0.019612298346109232,0,0,Genuine
679556,4744,23562,1187,0.036419367940243336,0,0,Genuine
631111,855,13977,613,0.023117961816542573,0,0,Genuine
801101,3841,28944,616,0.03689921745198171,0,0,Genuine
955884,1407,37496,3048,0.04241518845382913,50,1,Suspicious
911830,3275,28304,2143,0.033391092637882064,0,0,Genuine
635965,3668,35590,1793,0.05878153671978804,0,0,Genuine
772246,2176,57393,1548,0.07632412469601656,0,0,Genuine
49320,2510,1876,142,0.04091646390916464,0,0,Genuine
965918,595,22664,2775,0.026336604142380617,0,0,Genuine
497758,2778,14410,1628,0.03222047661715131,0,0,Genuine
147649,3784,10302,1358,0.07897107328867788,0,0,Genuine
126354,2612,6319,134,0.05107080108267249,0,0,Genuine
613297,2129,25666,3737,0.04794251398588286,0,0,Genuine
782725,2691,16025,1031,0.021790539461496693,0,0,Genuine
449625,3164,18650,2774,0.047648596052265776,0,0,Genuine
29625,1976,873,46,0.031021097046413502,0,0,Genuine
737400,666,56058,4557,0.08220097640358015,0,0,Genuine
287233,3694,20647,1362,0.07662420404340727,0,0,Genuine
37487,1253,595,39,0.01691252967695468,0,0,Genuine
460054,1809,21238,2750,0.05214170510418342,0,0,Genuine
229071,2615,5899,690,0.028764007665745554,0,0,Genuine
897880,3224,34796,5183,0.044525994564975274,0,0,Genuine
489011,3131,34905,3482,0.07849925666293806,0,0,Genuine
313282,2680,14701,1179,0.05068915545738344,0,0,Genuine
174895,3211,5840,185,0.03444924097315532,0,0,Genuine
431424,4371,10592,1584,0.028222815605993178,50,1,Suspicious
317205,719,20942,1920,0.07207326492331458,0,0,Genuine
949163,3218,50985,5662,0.05968100315751878,50,1,Suspicious
102376,2171,4378,319,0.04587989372509182,0,0,Genuine
426106,4128,10748,980,0.02752366781974438,0,0,Genuine
866566,4201,28940,4124,0.03815520110412825,0,0,Genuine
834487,769,64413,2681,0.080401492174234,0,0,Genuine
768629,2650,35669,2069,0.04909780921614979,0,0,Genuine
282652,3648,10754,427,0.039557477038902965,0,0,Genuine
960791,4719,44676,5494,0.052217391711620945,50,1,Suspicious
473132,716,30530,856,0.06633666714574368,0,0,Genuine
159056,333,5377,164,0.034836787043556985,0,0,Genuine
635457,3953,14303,841,0.023831667603000675,0,0,Genuine
795557,3615,40530,3519,0.05536875421874234,0,0,Genuine
561347,2284,31752,2312,0.060682608083769934,0,0,Genuine
463785,4643,27776,717,0.06143579460310273,0,0,Genuine
628697,1515,45102,6516,0.08210314348565366,0,0,Genuine
935591,179,33664,4843,0.041157941878449025,0,0,Genuine
500653,4784,7647,430,0.016132930392906863,0,0,Genuine
530992,2110,40931,4711,0.08595609726700214,0,0,Genuine
979080,3722,39604,3770,0.04430077215345018,0,0,Genuine
729744,2544,39134,1990,0.05635400907715583,0,0,Genuine
743488,1042,42112,2277,0.05970372084014806,0,0,Genuine
636567,2171,30718,2575,0.05230085756880266,0,0,Genuine
990964,2634,24147,1798,0.026181576727307955,0,0,Genuine
683568,4246,42969,2486,0.06649667626337102,0,0,Genuine
643804,2273,42660,5331,0.0745428732968419,0,0,Genuine
523828,4572,25514,2107,0.05272914009942195,0,0,Genuine
479366,3238,21187,2227,0.04884368102869206,0,0,Genuine
722384,3287,12985,579,0.018776717092294403,0,0,Genuine
958386,4186,15215,1359,0.01729365829634406,0,0,Genuine
420139,4574,14187,870,0.03583813928247556,0,0,Genuine
520777,393,16539,1462,0.03456565862163652,0,0,Genuine
377188,4511,28951,3517,0.08607909053310285,0,0,Genuine
233549,4754,15146,1816,0.07262715747016686,0,0,Genuine
554453,4873,31157,2057,0.05990408564837777,0,0,Genuine
592491,2326,27394,3020,0.051332425302662826,0,0,Genuine
485965,4970,10553,1502,0.02480631321185682,0,0,Genuine
791546,3251,62130,6296,0.08644601829836801,50,1,Suspicious
983469,938,35653,1400,0.037675818963282016,0,0,Genuine
37321,2093,652,70,0.019345676696765898,0,0,Genuine
336441,1391,14993,504,0.046061568001521815,0,0,Genuine
884084,3770,62928,8392,0.0806710674551287,50,1,Suspicious
886736,2933,63942,5573,0.07839424586348136,0,0,Genuine
246014,4262,2648,185,0.011515604802978693,0,0,Genuine
157498,2465,11346,311,0.07401363826842246,0,0,Genuine
18772,1167,544,37,0.0309503515874707,0,0,Genuine
891186,4313,11343,1558,0.014476214841795091,0,0,Genuine
791144,3051,54862,1246,0.07092008534476657,50,1,Suspicious
395583,1788,27877,2277,0.0762267337069591,0,0,Genuine
239389,1414,12385,1746,0.059029445797425945,0,0,Genuine
640430,2758,32156,2293,0.05379042206017832,0,0,Genuine
617024,4840,41290,3124,0.07198099263561872,0,0,Genuine
52924,974,3442,327,0.07121532763963419,0,0,Genuine
529014,201,38251,3067,0.07810379309432265,0,0,Genuine
352296,635,17154,719,0.0507329064196017,0,0,Genuine
28723,962,2232,50,0.07944852557184139,100,1,High Risk
914401,2371,72905,7237,0.08764426110645111,50,1,Suspicious
759470,545,13790,1926,0.0206933782769563,0,0,Genuine
887926,3845,61682,2086,0.0718167955437728,0,0,Genuine
665468,2198,29937,1419,0.04711871945758474,0,0,Genuine
209786,606,7789,530,0.039654695737561134,0,0,Genuine
560931,1602,29681,3714,0.059534951714203706,0,0,Genuine
687684,2170,9570,526,0.014681161696360539,0,0,Genuine
891328,3135,40512,5455,0.05157136317943563,0,0,Genuine
215432,3554,15287,414,0.07288146607746296,0,0,Genuine
140999,206,3516,500,0.02848247150689012,50,1,Suspicious
881112,784,35109,3261,0.04354724484515022,0,0,Genuine
359690,4704,27251,2878,0.08376379660263004,0,0,Genuine
940947,3326,37637,2551,0.04271016327168268,0,0,Genuine
80973,204,2840,345,0.039334099020661206,0,0,Genuine
850881,1046,34747,1447,0.042537088029936033,0,0,Genuine
635122,2344,29445,776,0.04758298405660645,0,0,Genuine
761674,4676,41312,2950,0.05811147551314604,0,0,Genuine
995247,2955,65734,8609,0.07469803978308902,50,1,Suspicious
454449,4874,18926,2235,0.04656408089796655,0,0,Genuine
288681,1227,19406,1692,0.07308413092652444,0,0,Genuine
495509,203,23467,2214,0.051827514737371065,0,0,Genuine
865008,4237,29145,1075,0.03493609307659582,0,0,Genuine
632810,1766,35473,4586,0.063303361198464,0,0,Genuine
547900,3252,33005,4036,0.06760540244570178,0,0,Genuine
226049,2907,11090,1168,0.054227180832474374,0,0,Genuine
269615,836,3764,303,0.015084472303098864,0,0,Genuine
167703,4418,3671,533,0.02506812639010632,0,0,Genuine
765357,4322,22938,3079,0.033993286792960674,0,0,Genuine
748419,3817,22290,2313,0.03287329690988604,0,0,Genuine
32348,2928,1848,126,0.06102386546308891,0,0,Genuine
196804,692,2220,222,0.01240828438446373,0,0,Genuine
788609,4712,49601,4702,0.06885921920749066,0,0,Genuine
136832,715,3909,278,0.030599567352666043,0,0,Genuine
295923,3476,9381,561,0.03359657748806277,0,0,Genuine
284780,3833,13371,974,0.050372217150080764,0,0,Genuine
607177,3751,15249,1442,0.027489512942683928,0,0,Genuine
54551,1119,3922,296,0.07732213891587689,0,0,Genuine
405772,2399,6482,351,0.016839505929438208,0,0,Genuine
946102,4553,38891,4625,0.04599504070385645,0,0,Genuine
667923,1262,46393,4133,0.07564644427576232,0,0,Genuine
572107,1202,30384,874,0.05463663265787694,0,0,Genuine
336914,2561,10263,696,0.03252758864279905,0,0,Genuine
421182,193,16616,2243,0.04477636746109758,0,0,Genuine
213781,2539,12713,1502,0.06649328050668675,0,0,Genuine
454105,3278,35478,2200,0.08297199986787197,0,0,Genuine
683347,4632,49556,7035,0.08281444127215017,50,1,Suspicious
866146,3255,29423,881,0.034987173063201815,0,0,Genuine
714708,4293,57086,8275,0.09145133397135613,50,1,Suspicious
549884,3192,5633,292,0.010774999818143463,0,0,Genuine
951678,3354,11357,240,0.012185844371730774,100,1,High Risk
851538,1407,57622,4402,0.07283761852084111,0,0,Genuine
988471,2763,23686,1579,0.0255596775221529,0,0,Genuine
60182,4235,857,77,0.01551959057525506,100,1,High Risk
350307,1407,9318,1151,0.0298852149685847,0,0,Genuine
302454,4344,12045,1560,0.044982046856712095,0,0,Genuine
319232,4683,19517,1408,0.06554794005613472,0,0,Genuine
654091,3242,35126,2665,0.057776364450818005,0,0,Genuine
140978,350,3754,147,0.02767098412518265,0,0,Genuine
824346,773,37284,976,0.04641255006999488,0,0,Genuine
897782,3060,67185,6944,0.08256904237331557,100,1,High Risk
570667,117,38263,1085,0.06895089430438417,50,1,Suspicious
472828,3886,15425,1780,0.03638743898415491,0,0,Genuine
771188,4043,60737,5471,0.08585195827735909,50,1,Suspicious
259517,2556,15468,708,0.06233117676298663,0,0,Genuine
956154,1587,13741,1238,0.015665886457620844,0,0,Genuine
441097,447,5496,240,0.013003942443498822,50,1,Suspicious
309557,4765,6744,519,0.0234625610146112,0,0,Genuine
138084,3407,8416,1043,0.06850178152428957,0,0,Genuine
706475,1213,16151,1292,0.024690187196999187,0,0,Genuine
794583,4875,36395,1431,0.04760484430197978,0,0,Genuine
583004,605,9636,1099,0.018413252739260793,0,0,Genuine
881179,3711,65614,2905,0.07775832152150698,0,0,Genuine
749013,1801,25524,2961,0.03803004754256602,0,0,Genuine
692738,2991,50964,4195,0.07962461998619969,0,0,Genuine
699012,2707,53223,4203,0.0821530960841874,0,0,Genuine
204502,2845,2132,278,0.011784725821752355,50,1,Suspicious
145539,2379,6183,693,0.047245068332199616,0,0,Genuine
425226,2009,4986,121,0.01201008404942313,0,0,Genuine
522863,1651,38487,2251,0.07791333485062052,0,0,Genuine
122999,2843,5693,758,0.052447580874641256,0,0,Genuine
115793,1530,1765,39,0.015579525532631507,0,0,Genuine
973195,1152,17244,1567,0.019329116980666774,0,0,Genuine
458373,3326,16889,1935,0.04106699129311718,0,0,Genuine
371321,1349,28152,2838,0.08345878633311879,0,0,Genuine
13289,3929,777,92,0.06539242982918203,100,1,High Risk
701336,1585,49607,5672,0.07881956722598013,0,0,Genuine
699956,127,24954,2744,0.03957105875226443,0,0,Genuine
941675,2881,12265,1555,0.01467597631879364,0,0,Genuine
756801,3460,59183,6151,0.08632916711262274,0,0,Genuine
258368,2771,2894,209,0.012010001238543472,0,0,Genuine
87365,3677,6669,542,0.08253877410862473,0,0,Genuine
755950,1582,27068,3063,0.03985845624710629,0,0,Genuine
901446,287,9651,1292,0.012139384943745937,50,1,Suspicious
176211,2046,10262,568,0.06146040826055127,0,0,Genuine
180785,3477,14216,916,0.08370163453826368,0,0,Genuine
948238,327,73577,10374,0.08853368036294686,100,1,High Risk
73588,3139,1564,148,0.023264662716747295,0,0,Genuine
64646,573,1466,63,0.023651888747950375,0,0,Genuine
266798,4325,13229,1405,0.054850486135578226,0,0,Genuine
483238,4268,26390,3926,0.0627351325847719,0,0,Genuine
806175,3172,49788,6325,0.06960399417000031,50,1,Suspicious
835800,4625,18950,2216,0.025324240248863365,0,0,Genuine
746385,1847,57569,2708,0.08075858973586018,0,0,Genuine
730532,2181,39968,5351,0.06203561240301588,0,0,Genuine
924945,865,64092,5662,0.07541421381811891,50,1,Suspicious
120735,2744,5771,782,0.054275893485733216,0,0,Genuine
156683,492,6110,384,0.04144674278639036,0,0,Genuine
907323,3190,71136,1996,0.08060194660556384,50,1,Suspicious
633259,192,32136,2631,0.05490170688454487,0,0,Genuine
537437,4337,37986,2092,0.0745724615164196,0,0,Genuine
363246,1460,27872,3148,0.08539667332881849,0,0,Genuine
322333,4523,18461,2666,0.06554401814272817,0,0,Genuine
764264,584,37010,4064,0.05374320915285818,0,0,Genuine
940179,1766,9632,1303,0.0116307639289965,50,1,Suspicious
858463,3414,10989,866,0.013809564302713104,0,0,Genuine
567956,1082,13664,1643,0.026951031417926742,0,0,Genuine
407889,3392,9389,1216,0.025999720512198173,0,0,Genuine
995170,1460,27698,3113,0.030960539405327732,0,0,Genuine
613492,4550,19230,1653,0.03403956367809197,0,0,Genuine
212830,1222,7492,759,0.03876803082272236,0,0,Genuine
197501,938,7788,864,0.04380737312722467,0,0,Genuine
417885,3388,7070,374,0.017813513287148378,0,0,Genuine
166140,4567,2154,269,0.014584085710846274,0,0,Genuine
745149,1691,42604,6115,0.06538155456157091,0,0,Genuine
141507,521,6737,542,0.05143915142007109,0,0,Genuine
226160,2990,9292,1032,0.045649097983728334,0,0,Genuine
184321,596,10029,1161,0.06070930604760174,0,0,Genuine
562672,4776,38226,4055,0.07514324508772428,0,0,Genuine
522998,3647,20887,1903,0.04357569245006673,0,0,Genuine
607217,2875,33323,4485,0.062264396418413845,0,0,Genuine
915391,3773,70256,5505,0.08276354038875192,50,1,Suspicious
601441,413,41363,1155,0.07069355098837625,0,0,Genuine
760416,2216,30279,3929,0.044985902453393935,0,0,Genuine
76388,3359,4211,453,0.061056710478085564,0,0,Genuine
556689,595,12467,1625,0.025313954470090123,0,0,Genuine
519727,3290,25589,972,0.05110567663407904,0,0,Genuine
728191,4779,57303,1375,0.08058050703730203,50,1,Suspicious
644791,1986,29842,4221,0.05282797061373375,0,0,Genuine
233601,1012,17504,686,0.07786781734667232,0,0,Genuine
128834,3055,4961,621,0.04332707204619898,0,0,Genuine
35084,3856,2803,356,0.09004104435070118,100,1,High Risk
252459,932,12760,1430,0.056207146506957566,0,0,Genuine
635929,3890,8240,305,0.013437034637514566,0,0,Genuine
106111,920,5419,578,0.05651628954585293,0,0,Genuine
450042,4661,13150,1782,0.03317912550384186,0,0,Genuine
430667,3035,5285,398,0.01319581021996113,0,0,Genuine
663587,915,44765,3301,0.07243360704775711,0,0,Genuine
163982,4359,4804,372,0.03156443999951214,0,0,Genuine
299185,3253,19673,603,0.06777077727827265,0,0,Genuine
876352,2947,26444,3595,0.034277322354487695,0,0,Genuine
328825,2294,7761,1032,0.026740667528320536,0,0,Genuine
235386,68,18401,2755,0.08987790267900385,100,1,High Risk
344715,691,12173,1169,0.03870443699868007,0,0,Genuine
197553,3133,10291,1210,0.05821728852510465,0,0,Genuine
462792,379,24388,1130,0.055139241819219004,0,0,Genuine
502174,915,24723,2639,0.054487090132105606,0,0,Genuine
785625,823,58158,6075,0.08176038186157518,0,0,Genuine
652844,4537,37349,5122,0.06505535778838437,0,0,Genuine
196246,4782,7508,961,0.04315501972014716,0,0,Genuine
551448,2404,38803,5510,0.08035753144448797,0,0,Genuine
247242,3388,5606,745,0.025687383211590264,0,0,Genuine
512083,3568,24629,3273,0.054487260854197465,0,0,Genuine
18633,2992,1426,40,0.07867761498416788,100,1,High Risk
804446,2617,43261,5622,0.06076604271759695,0,0,Genuine
867964,1724,58316,5771,0.07383601163181883,0,0,Genuine
50104,2733,2793,193,0.059596040236308476,0,0,Genuine
960125,3430,66014,1805,0.07063559432365578,0,0,Genuine
864663,789,65813,7114,0.08434152959014089,50,1,Suspicious
69388,1595,2019,126,0.03091312618896639,0,0,Genuine
541302,4614,11841,956,0.023641146716620296,0,0,Genuine
93578,2309,4106,446,0.04864391203060548,0,0,Genuine
690115,1185,40806,5652,0.06731921491345645,0,0,Genuine
565678,923,14652,1865,0.029198590010571384,0,0,Genuine
286855,4605,2950,231,0.011089226264140419,0,0,Genuine
92658,2350,3150,221,0.03638110039068402,0,0,Genuine
58993,801,4590,234,0.08177241367619888,0,0,Genuine
206768,903,12126,829,0.0626547628259692,0,0,Genuine
159285,3782,6067,208,0.03939479549235647,0,0,Genuine
772148,2333,18130,2651,0.026913234250428675,0,0,Genuine
452000,1379,15786,1493,0.03822787610619469,0,0,Genuine
794853,527,17398,637,0.02268973005071378,0,0,Genuine
743296,2776,12964,853,0.01858882598587911,0,0,Genuine
543015,3141,39896,3635,0.08016537296391445,0,0,Genuine
899850,4280,71839,6413,0.08696116019336556,50,1,Suspicious
529646,4555,11381,280,0.022016592214422464,0,0,Genuine
328252,1319,4535,651,0.0157988374785226,0,0,Genuine
258681,4231,8557,477,0.03492332254784851,0,0,Genuine
95018,2653,4020,88,0.04323391357427014,0,0,Genuine
387601,1519,9433,282,0.02506443481827962,0,0,Genuine
950621,427,29564,2821,0.03406720449053829,0,0,Genuine
295054,1730,7099,269,0.024971700095575724,0,0,Genuine
652176,291,41868,1064,0.06582885601432742,0,0,Genuine
230104,969,13778,955,0.06402757014219657,0,0,Genuine
843186,119,45908,4634,0.05994169732419656,0,0,Genuine
194510,3974,7217,249,0.038383630661662636,0,0,Genuine
110847,2136,8161,495,0.07808961902442105,0,0,Genuine
947875,2057,73808,5484,0.08365238032440986,50,1,Suspicious
445717,850,9874,402,0.023054987806164003,0,0,Genuine
455162,2829,11657,1000,0.02780768166059557,0,0,Genuine
825899,4970,38647,1201,0.04824803032816361,0,0,Genuine
936129,805,15340,399,0.016812853784040446,50,1,Suspicious
297037,2045,12045,1054,0.04409888330410016,0,0,Genuine
77329,1371,3922,204,0.053356438076271516,0,0,Genuine
32007,2380,1489,48,0.048020745461930206,50,1,Suspicious
695892,159,23078,1733,0.03565352094865295,0,0,Genuine
317397,1066,15225,2115,0.05463189633172336,0,0,Genuine
13323,3915,1027,117,0.08586654657359453,100,1,High Risk
898767,74,21948,2766,0.027497671810380223,0,0,Genuine
113356,4988,6329,843,0.06326969900137619,50,1,Suspicious
636232,2888,8295,1214,0.014945805932427165,0,0,Genuine
205451,787,3009,358,0.016388335904911632,0,0,Genuine
932714,229,45355,4494,0.0534451075034791,0,0,Genuine
279600,281,4849,327,0.018512160228898428,0,0,Genuine
556655,1967,6437,280,0.012066719961196792,0,0,Genuine
55624,392,1224,133,0.024395944196749605,0,0,Genuine
404322,4622,20029,2991,0.056934819277704406,0,0,Genuine
235565,2673,13953,1126,0.0640120561203914,0,0,Genuine
69008,504,1668,190,0.02692441456063065,0,0,Genuine
913358,4434,51858,4374,0.06156622047433755,0,0,Genuine
378539,4675,8620,656,0.02450474059476038,0,0,Genuine
117492,2326,6220,456,0.056820889932931606,0,0,Genuine
73240,645,2844,243,0.042149098853085744,0,0,Genuine
327459,3924,18261,1236,0.059540278324920065,0,0,Genuine
987753,4580,78678,9232,0.08899998278921957,100,1,High Risk
726947,4547,54991,7349,0.08575590792726293,50,1,Suspicious
273900,2719,2821,380,0.011686746987951807,0,0,Genuine
462227,2185,33271,1650,0.07554945946472189,0,0,Genuine
299522,4014,4389,598,0.01664986211363439,0,0,Genuine
136327,1615,10458,673,0.08164926977047833,0,0,Genuine
932988,358,27735,1669,0.031515946614533094,50,1,Suspicious
650991,392,23918,2738,0.040946802643968966,0,0,Genuine
843981,485,13853,825,0.017391386772924983,50,1,Suspicious
166575,226,2974,79,0.018328080444244336,0,0,Genuine
861226,188,52424,3594,0.06504448309735192,0,0,Genuine
500499,243,38089,4334,0.08476140811470152,0,0,Genuine
494948,3307,26109,1631,0.05604629173165666,0,0,Genuine
308257,3285,18529,1887,0.06623045056559948,0,0,Genuine
599357,992,37962,4016,0.07003839114250772,0,0,Genuine
230189,4670,6536,754,0.03166962800133803,0,0,Genuine
399465,3929,5259,718,0.014962512360281876,0,0,Genuine
252051,3163,2553,194,0.010898587984177805,0,0,Genuine
937705,3012,32393,1348,0.03598253181970876,0,0,Genuine
650829,4886,17508,1076,0.028554351450227326,0,0,Genuine
714936,1003,10268,782,0.015455928922309129,0,0,Genuine
512778,1352,11571,1305,0.025110281642348152,0,0,Genuine
781641,3431,14628,317,0.01912003080698172,0,0,Genuine
272830,2930,20200,1233,0.07855807645786754,0,0,Genuine
506629,2237,10040,1218,0.022221388826932528,0,0,Genuine
316507,4937,15076,1616,0.052738170087865355,0,0,Genuine
360687,595,18581,2139,0.057445929573286536,0,0,Genuine
657021,1977,31566,3962,0.0540743750960776,0,0,Genuine
176915,4202,2995,364,0.018986518949778142,0,0,Genuine
620961,54,20066,2180,0.03582511623113207,0,0,Genuine
455179,3531,6185,477,0.014636000342722314,0,0,Genuine
43828,3303,1652,244,0.04326001642785434,50,1,Suspicious
836036,1412,19397,1822,0.02538048600777957,0,0,Genuine
273670,1870,13495,625,0.05159498666276903,0,0,Genuine
856342,2713,50093,2908,0.061892328065188906,0,0,Genuine
26592,2988,1256,138,0.052421780986762936,50,1,Suspicious
292126,1323,11800,1654,0.04605546921533859,0,0,Genuine
787639,3376,29231,1263,0.03871570605315379,0,0,Genuine
233041,3709,16060,493,0.07103041953990928,0,0,Genuine
351877,2995,8922,1200,0.028765733480733323,0,0,Genuine
755296,3068,46371,6444,0.06992622759818667,0,0,Genuine
125982,1181,7939,444,0.06654125192487816,0,0,Genuine
257911,4813,10147,700,0.042057143743384345,0,0,Genuine
69619,2686,2145,226,0.034056794840488944,0,0,Genuine
685688,3079,29442,1851,0.04563737443268659,0,0,Genuine
309623,3069,5116,685,0.018735688240214713,0,0,Genuine
502643,4427,6642,225,0.013661783810776236,0,0,Genuine
152175,3209,2710,67,0.018248726794808608,0,0,Genuine
171963,303,3972,187,0.024185435238975827,0,0,Genuine
142826,378,6468,369,0.04786943553694705,0,0,Genuine
756343,2641,52520,1821,0.07184703236494554,0,0,Genuine
868869,2880,23020,656,0.027249217085659635,0,0,Genuine
99540,3094,7511,888,0.08437813944143058,0,0,Genuine
860414,1470,66117,2734,0.08002078069394501,100,1,High Risk
628035,3451,48436,6723,0.08782790768030445,0,0,Genuine
187994,2942,12901,875,0.07327893443407768,0,0,Genuine
311375,704,11043,1183,0.03926455238859895,0,0,Genuine
30301,809,457,22,0.015808059139962378,0,0,Genuine
223724,1848,11145,571,0.0523680964044984,0,0,Genuine
515003,3021,25290,2395,0.053756968406009284,0,0,Genuine
194783,4561,13537,1257,0.07595118670520527,0,0,Genuine
697683,3476,55618,6670,0.08927836854273359,50,1,Suspicious
19752,304,900,106,0.050931551235317944,0,0,Genuine
738565,3873,25232,2704,0.037824700601842766,0,0,Genuine
885884,1926,20386,1597,0.0248147613005766,0,0,Genuine
669755,2807,6922,939,0.01173712775567185,0,0,Genuine
218029,2674,9950,1004,0.05024102298318114,0,0,Genuine
908669,4171,44421,6606,0.05615576188909273,100,1,High Risk
57273,3054,3879,490,0.07628376372810923,50,1,Suspicious
259503,4566,11760,302,0.04648115821397055,50,1,Suspicious
617166,3784,45764,2822,0.0787243626512154,0,0,Genuine
792327,1294,42758,4033,0.05905516283049801,0,0,Genuine
120968,1058,8325,947,0.07664836981681106,0,0,Genuine
378844,4364,7721,706,0.022243984331281476,0,0,Genuine
601847,1560,42053,5138,0.07841029364605955,0,0,Genuine
11699,2009,669,37,0.06034703820839388,100,1,High Risk
197133,2558,4320,189,0.02287288277457351,0,0,Genuine
535003,4808,12456,336,0.023910146298245057,50,1,Suspicious
20169,2732,1509,142,0.08185829738707918,100,1,High Risk
519652,1039,6368,697,0.013595637080199827,0,0,Genuine
119413,4334,5060,315,0.04501184963111219,0,0,Genuine
934667,304,29856,2978,0.035129088755674484,0,0,Genuine
644552,4213,36452,976,0.05806823964552123,0,0,Genuine
268926,4761,18495,608,0.07103441095319903,100,1,High Risk
744537,4502,26227,2917,0.039143790033268996,0,0,Genuine
523988,305,20898,1417,0.04258685313404124,0,0,Genuine
125481,1057,9879,1059,0.08716857532216032,0,0,Genuine
216400,1805,14038,1798,0.07317929759704252,0,0,Genuine
560873,2621,40833,5342,0.08232701520665106,0,0,Genuine
818114,3958,33308,1411,0.04243785095964621,0,0,Genuine
179936,3047,4747,395,0.028576827316379158,0,0,Genuine
393136,2853,15265,1761,0.04330816816572382,0,0,Genuine
871848,3815,52421,6322,0.06737757040218019,50,1,Suspicious
449330,4429,7935,968,0.01981394520730866,0,0,Genuine
390954,3433,11311,561,0.030366743913606203,0,0,Genuine
39067,148,518,23,0.013848004709857425,100,1,High Risk
699045,246,28146,2721,0.044155955625174347,0,0,Genuine
778622,2579,52884,6152,0.07582113015044527,0,0,Genuine
19073,927,223,13,0.012373512294867089,50,1,Suspicious
37035,1918,2121,71,0.059187255299041445,0,0,Genuine
197049,2715,14832,1678,0.08378626636014393,0,0,Genuine
234782,1438,6241,367,0.028145258154372993,0,0,Genuine
615661,2465,36049,1500,0.060989732986172586,0,0,Genuine
870794,619,68145,2671,0.08132348178788554,0,0,Genuine
615805,2687,47638,2902,0.0820714349509991,0,0,Genuine
590738,1115,15622,1516,0.029011169080032095,0,0,Genuine
535670,471,9118,607,0.018154834132954992,0,0,Genuine
922941,2933,18809,426,0.020840985501781803,0,0,Genuine
727331,1254,43016,1402,0.06106985677772569,0,0,Genuine
458828,594,27898,1611,0.06431386053161534,0,0,Genuine
746715,4216,42709,4516,0.06324367395860536,0,0,Genuine
62929,3689,2109,69,0.03461043398115336,0,0,Genuine
758771,1273,16605,1542,0.023916306764491527,0,0,Genuine
753878,3222,38186,1358,0.0524541106120619,0,0,Genuine
886296,817,38870,1846,0.04593950553765334,0,0,Genuine
668689,3707,40802,1729,0.06360355860497181,0,0,Genuine
781965,704,31978,919,0.04206965784913647,0,0,Genuine
288313,2496,9717,1042,0.03731708247633648,0,0,Genuine
88468,270,2702,216,0.03298367771397567,0,0,Genuine
35594,3716,882,112,0.02792605495308198,50,1,Suspicious
995461,4327,28472,935,0.029541086993865154,0,0,Genuine
192703,4452,3206,124,0.01728047824891154,0,0,Genuine
46033,2619,1578,94,0.036321769165598594,0,0,Genuine
588421,1063,7390,883,0.014059661364907099,0,0,Genuine
991669,2101,22856,1365,0.02442448034576053,0,0,Genuine
74861,4035,4661,340,0.06680380972736137,50,1,Suspicious
708650,4993,23231,1375,0.03472235941579059,0,0,Genuine
294894,4949,16743,509,0.058502377125339955,0,0,Genuine
565749,4360,34047,4838,0.0687318934721935,50,1,Suspicious
468016,3069,23720,2165,0.05530793819014734,0,0,Genuine
79222,3731,6108,747,0.08652899447123275,50,1,Suspicious
637308,1493,7329,773,0.012712848418660994,0,0,Genuine
811658,4246,50083,4349,0.06706272839052901,0,0,Genuine
794153,3060,61241,1938,0.07955519906113809,0,0,Genuine
974658,622,68575,7101,0.07764364525813157,100,1,High Risk
545897,1382,11874,477,0.022625147234734758,0,0,Genuine
970634,4803,31911,2357,0.03530475956951848,50,1,Suspicious
655801,4052,14474,1473,0.024316827818194848,0,0,Genuine
204981,3184,10677,1299,0.058424927188373554,0,0,Genuine
105211,4136,6297,686,0.06637138702226954,0,0,Genuine
187321,275,6030,647,0.035644695469274665,0,0,Genuine
443111,4250,21165,833,0.049644445748356504,0,0,Genuine
488689,2047,28522,1853,0.06215609518528144,0,0,Genuine
924160,821,36498,933,0.040502726800554015,0,0,Genuine
912297,4574,63661,7227,0.07770276565635971,50,1,Suspicious
861952,483,55172,7935,0.07321405368280368,100,1,High Risk
457956,3149,6652,361,0.01531369825922141,0,0,Genuine
851741,2779,45550,1430,0.055157612466700555,0,0,Genuine
30984,3457,820,67,0.028627678801962302,100,1,High Risk
644235,3190,31584,4149,0.05546578500081492,0,0,Genuine
730182,915,56211,5157,0.08404479978964148,0,0,Genuine
6901,2843,493,12,0.07317780031879438,100,1,High Risk
163624,2961,6269,919,0.04392998582115093,0,0,Genuine
223317,2465,6790,867,0.03428758222616281,0,0,Genuine
294199,300,7769,288,0.02738622497017325,0,0,Genuine
694045,3807,32811,4588,0.05388555497121945,0,0,Genuine
992469,4706,17861,1403,0.01941017805090134,50,1,Suspicious
146788,968,7111,486,0.051754911845654956,0,0,Genuine
639387,1223,6453,515,0.010897938181414386,0,0,Genuine
536426,3253,17524,2251,0.03686435780517723,0,0,Genuine
691658,482,17564,1857,0.028078906048943263,0,0,Genuine
969616,885,75615,2094,0.08014409828220656,100,1,High Risk
24429,2296,1487,214,0.06963035736215153,100,1,High Risk
575488,2312,19840,777,0.03582524744217082,0,0,Genuine
203380,947,3355,392,0.01842364047595634,0,0,Genuine
442460,3682,20431,2098,0.050917597070921666,0,0,Genuine
773577,4617,19294,856,0.026047827171697194,0,0,Genuine
246127,3865,11703,493,0.04955165422728917,0,0,Genuine
888700,296,60854,8102,0.07759198829751322,50,1,Suspicious
761801,2479,40455,3016,0.057063458829799386,0,0,Genuine
18347,1040,997,104,0.06000981086826184,0,0,Genuine
673280,3360,32231,2756,0.05196500712927757,0,0,Genuine
557110,976,41732,4780,0.08348800057439285,0,0,Genuine
965163,3488,72612,5976,0.08142458838558876,50,1,Suspicious
565396,2657,25946,1488,0.04852174405195651,0,0,Genuine
916387,1124,28777,1934,0.033513133643318815,0,0,Genuine
483315,4072,20381,2683,0.04772043077496043,0,0,Genuine
8967,3849,206,16,0.024757443961191034,100,1,High Risk
898151,4834,48988,2339,0.057147406171122676,0,0,Genuine
537159,3201,24175,3420,0.05137212631641656,0,0,Genuine
226371,3488,3900,481,0.019353185699581662,0,0,Genuine
209524,4623,4994,136,0.02448406865084668,0,0,Genuine
730630,3541,31836,4771,0.05010333547760152,0,0,Genuine
165685,756,11951,1318,0.08008570480127954,0,0,Genuine
553467,3114,27478,1122,0.051674264228942286,0,0,Genuine
252537,803,14573,740,0.06063665918261482,0,0,Genuine
708548,637,23900,2629,0.03744135894815877,0,0,Genuine
842531,1384,42125,5112,0.05606559283872047,0,0,Genuine
560550,1897,23160,1182,0.043425207385603425,0,0,Genuine
865645,3984,48596,2595,0.05913625100358692,0,0,Genuine
380551,3976,5152,308,0.014347617007970022,0,0,Genuine
936772,3367,41715,4077,0.048882759091860135,0,0,Genuine
472082,4070,14502,613,0.03201774268029707,0,0,Genuine
873701,3205,28686,962,0.03393380572987784,0,0,Genuine
61545,4352,4755,514,0.08561215370866845,50,1,Suspicious
235555,2248,5367,650,0.02554392816964191,0,0,Genuine
224894,214,7148,608,0.0344873584888881,0,0,Genuine
728506,2048,33287,2240,0.048766928481028295,0,0,Genuine
990470,3107,69740,5311,0.07577311781275556,0,0,Genuine
303066,2134,11870,836,0.04192486125134459,0,0,Genuine
997868,4478,61938,8968,0.07105749457844124,100,1,High Risk
568201,452,39743,4763,0.07832791564956768,0,0,Genuine
360177,463,11418,537,0.033192013926486144,0,0,Genuine
367936,94,13794,964,0.0401102365628805,0,0,Genuine
251497,4207,8792,797,0.038127691383992655,0,0,Genuine
974181,2517,66536,6632,0.0751071926058915,50,1,Suspicious
444057,917,5819,470,0.014162596243275075,0,0,Genuine
702692,68,22197,2781,0.03554615677992634,0,0,Genuine
486278,414,27989,3352,0.06445078740967101,0,0,Genuine
907295,3882,44984,3853,0.05382703530825145,0,0,Genuine
157104,629,6369,834,0.04584860983806905,0,0,Genuine
694206,595,33180,3903,0.05341786155694419,0,0,Genuine
715834,4200,17058,2067,0.026717088039964573,0,0,Genuine
45936,4923,1844,266,0.04593347265761059,100,1,High Risk
686154,3089,30958,1691,0.04758261264963842,0,0,Genuine
717948,4187,52469,2875,0.07708636280064851,0,0,Genuine
203056,4094,5738,777,0.03208474509494918,0,0,Genuine
968835,4376,68543,8251,0.07926427100589883,50,1,Suspicious
226469,502,12477,1752,0.06282979127386089,0,0,Genuine
29141,4011,332,9,0.011701726090388113,100,1,High Risk
927578,1431,56326,5723,0.06689356582411399,0,0,Genuine
138478,1517,1729,67,0.012969569173442714,0,0,Genuine
98359,2788,7850,671,0.08663162496568692,50,1,Suspicious
910711,1266,64737,2605,0.07394442364262648,0,0,Genuine
155363,930,4787,175,0.03193810624151181,0,0,Genuine
566856,3864,15882,342,0.028621025445615816,0,0,Genuine
622827,3199,22858,2329,0.0404398011004661,0,0,Genuine
572139,134,19985,1332,0.03725842845881858,0,0,Genuine
494158,4194,17821,600,0.03727755090477135,0,0,Genuine
580111,1218,18725,1160,0.0342779226734194,0,0,Genuine
24312,4214,1300,54,0.05569266205988812,100,1,High Risk
961612,3179,20673,2944,0.024559801666368557,50,1,Suspicious
985422,3695,68209,4201,0.07348120906576065,100,1,High Risk
428387,2576,28645,1816,0.07110626606316252,0,0,Genuine
435995,2917,18902,2441,0.04895239624307618,0,0,Genuine
725188,3566,50539,5266,0.07695245922436665,0,0,Genuine
501531,3417,13691,1537,0.03036302840701771,0,0,Genuine
886155,2244,9951,1021,0.012381581100371832,0,0,Genuine
799843,3605,42667,6101,0.0609719657482781,0,0,Genuine
497037,495,20902,980,0.0440248915070709,0,0,Genuine
250062,3676,12428,1846,0.05708184370276172,0,0,Genuine
844441,4066,61605,7886,0.08229230935020919,50,1,Suspicious
409638,3925,31908,3081,0.08541443909012347,0,0,Genuine
436684,3387,23760,2521,0.06018310723543798,0,0,Genuine
557659,311,35402,3694,0.07010735951540278,0,0,Genuine
58022,1898,920,25,0.0162869256488918,0,0,Genuine
334373,4075,7105,343,0.022274525754172735,0,0,Genuine
100071,2316,6136,889,0.07020015788789959,0,0,Genuine
183268,141,7366,659,0.04378833184189275,0,0,Genuine
998858,4272,41170,2848,0.04406832602832435,50,1,Suspicious
359918,4225,11374,1354,0.03536361060019227,0,0,Genuine
490626,3359,25765,2272,0.05714536123238475,0,0,Genuine
289859,1032,6655,144,0.023456232168054123,0,0,Genuine
815037,3493,43917,5081,0.0601175161373042,0,0,Genuine
625141,2583,13856,1596,0.02471762370409236,0,0,Genuine
556462,743,8050,333,0.015064820239297562,0,0,Genuine
928460,4170,30755,4439,0.0379057794627663,100,1,High Risk
498660,205,13054,641,0.02746360245457827,0,0,Genuine
77373,3638,5588,444,0.07796001189045274,0,0,Genuine
856684,1862,11862,414,0.014329671150622633,50,1,Suspicious
194021,4164,4338,426,0.024554043119043814,0,0,Genuine
194718,1457,9426,648,0.0517363571934798,0,0,Genuine
595305,1266,25999,1713,0.04655092767572925,0,0,Genuine
64037,1460,845,107,0.014866405359401596,0,0,Genuine
615106,3547,6463,137,0.010729857943183777,50,1,Suspicious
531836,4422,42102,5209,0.08895787423190607,0,0,Genuine
642269,4890,36043,3398,0.06140884894024155,50,1,Suspicious
235213,601,8368,1240,0.04084808237639927,0,0,Genuine
205366,3444,8816,851,0.04707205671824937,0,0,Genuine
503420,1226,14427,392,0.029436653291486235,0,0,Genuine
155249,4784,5300,140,0.03504048335254978,0,0,Genuine
287166,4382,15918,2145,0.06290090052443534,0,0,Genuine
631585,1047,45345,5865,0.08108172296682156,0,0,Genuine
661902,4126,15150,984,0.024375209623176845,0,0,Genuine
223084,2781,15353,1540,0.07572483907407075,0,0,Genuine
490536,3987,9079,759,0.02005561263597371,0,0,Genuine
61428,4102,1538,224,0.028683987758025657,0,0,Genuine
679100,422,8558,1228,0.014410248858783684,100,1,High Risk
322497,2298,6403,946,0.022787808878842283,0,0,Genuine
638420,898,47377,6284,0.08405281789417625,0,0,Genuine
188604,2606,7951,1099,0.0479841360734661,0,0,Genuine
541340,2372,8356,403,0.016180219455425426,0,0,Genuine
101689,553,7848,1004,0.08704973005929845,100,1,High Risk
703436,3239,50316,5643,0.07955094706554683,0,0,Genuine
447636,752,28123,4082,0.0719446157145538,0,0,Genuine
657031,3675,49502,4666,0.08244359855166651,0,0,Genuine
263307,364,6690,207,0.026193758616367965,0,0,Genuine
304568,2426,20876,2038,0.07523443040634603,0,0,Genuine
503754,1090,29368,3208,0.06466648403784386,0,0,Genuine
972248,4428,68915,3352,0.07432980062700052,50,1,Suspicious
464547,3040,30559,2176,0.0704664974695779,0,0,Genuine
404850,307,13867,1356,0.03760158083240706,0,0,Genuine
136870,624,8788,603,0.06861255205669614,0,0,Genuine
285564,4719,8102,556,0.030318947766525193,0,0,Genuine
511259,1602,16872,629,0.03423118223835669,0,0,Genuine
645863,4568,11337,1613,0.02005069186499304,0,0,Genuine
783518,807,59120,6950,0.08432480172759273,50,1,Suspicious
292444,2860,8881,179,0.030980290243602195,0,0,Genuine
877313,1154,40745,4870,0.05199398618281047,0,0,Genuine
11749,4574,439,51,0.041705677078900334,100,1,High Risk
629419,3509,48587,1033,0.07883460778908803,0,0,Genuine
681481,4042,22797,1551,0.03572806872091812,0,0,Genuine
915995,253,59080,5841,0.07087484101987457,100,1,High Risk
300631,2825,21007,1656,0.07538477402530012,0,0,Genuine
226019,2382,9152,1108,0.04539441374397728,0,0,Genuine
427577,2042,15594,1174,0.03921632828706876,50,1,Suspicious
808655,2293,50413,2016,0.06483481830941501,0,0,Genuine
598218,356,44209,6495,0.0847583991120294,100,1,High Risk
670416,1737,42132,2168,0.06607837521777524,0,0,Genuine
291524,4159,7550,855,0.028831245454919663,0,0,Genuine
813467,1910,58717,2267,0.07496800730699586,0,0,Genuine
818052,2011,30374,1906,0.03945959425562189,0,0,Genuine
938381,772,47234,3658,0.0542338346577776,50,1,Suspicious
257553,829,17565,790,0.07126688487418123,0,0,Genuine
449532,578,10423,818,0.025006006246496355,0,0,Genuine
720401,4943,46765,1890,0.06753877354417887,0,0,Genuine
380504,393,19684,1824,0.05652502996026323,0,0,Genuine
54352,3836,3942,418,0.08021783926994407,100,1,High Risk
425127,3732,9368,263,0.022654406800791293,0,0,Genuine
164856,258,6503,866,0.044699616635123986,0,0,Genuine
4191,4786,286,12,0.0711047482701026,100,1,High Risk
951664,3456,10797,532,0.011904411641083407,0,0,Genuine
877968,1361,15675,1661,0.019745594372460044,0,0,Genuine
629864,2349,49973,4044,0.08575978306428055,0,0,Genuine
196713,3386,5828,494,0.032138191171910344,0,0,Genuine
443939,1997,34755,1274,0.08115754641966577,0,0,Genuine
4631,969,105,13,0.02548045778449579,100,1,High Risk
138244,2094,4876,488,0.03880096062035242,0,0,Genuine
305224,468,19137,719,0.06505386208161874,0,0,Genuine
221169,1799,12395,850,0.059886331267040134,0,0,Genuine
615641,2892,31199,3910,0.05702836555719973,0,0,Genuine
414497,1149,19519,1832,0.05151062613239662,0,0,Genuine
553959,3442,38245,1305,0.07139517545522323,0,0,Genuine
648099,2822,17139,1173,0.028254942531927993,0,0,Genuine
707791,2530,29000,1494,0.04308333957340514,0,0,Genuine
222972,1595,4656,406,0.022702402095330355,0,0,Genuine
778499,1120,40260,5219,0.05841882905437258,0,0,Genuine
390878,1900,10764,825,0.029648637170677297,0,0,Genuine
749321,4248,25004,1908,0.03591518187799354,0,0,Genuine
509679,2989,21909,3016,0.048903329350434295,0,0,Genuine
422818,1953,5020,476,0.012998500536874022,0,0,Genuine
745149,728,12247,1146,0.01797358649075554,0,0,Genuine
838831,1038,48664,2630,0.06114938527546073,0,0,Genuine
679832,2525,27212,2694,0.043990279951517434,0,0,Genuine
705590,1657,49769,4721,0.07722615116427387,0,0,Genuine
992120,2919,58165,4164,0.06282405354191026,100,1,High Risk
8099,1552,85,12,0.011976787257686134,100,1,High Risk
774974,1839,41205,5548,0.06032847553595346,0,0,Genuine
419647,1475,6949,816,0.018503647112930628,0,0,Genuine
581780,2490,37620,3380,0.07047337481522224,0,0,Genuine
97722,2092,7759,621,0.08575346390782014,0,0,Genuine
966188,1328,45588,2007,0.04926059938645481,0,0,Genuine
555399,2644,32099,1917,0.0612460591394655,0,0,Genuine
64936,4739,1728,208,0.029813970678822226,0,0,Genuine
678974,2486,27587,2179,0.04383967574605213,0,0,Genuine
224332,3853,15686,2112,0.07933776723784391,0,0,Genuine
960495,2255,20861,818,0.022570653673366338,0,0,Genuine
726836,1077,20778,1788,0.031046893659642614,0,0,Genuine
774319,3589,31886,3319,0.04546575765285367,0,0,Genuine
324064,3533,19397,1691,0.06507356571541424,0,0,Genuine
488510,2291,17738,2405,0.04123354690794456,0,0,Genuine
64530,2815,4835,718,0.08605299860529986,50,1,Suspicious
430440,1223,7150,250,0.01719171080754577,0,0,Genuine
270932,3280,9741,359,0.037278726765387626,0,0,Genuine
553370,3400,32995,1218,0.061826625946473424,0,0,Genuine
910719,4961,23513,2552,0.028620244005011425,0,0,Genuine
614858,453,34400,2354,0.059776403657429845,0,0,Genuine
626303,2775,13462,1552,0.023972422294001466,0,0,Genuine
733176,3432,10204,741,0.014928202778050563,0,0,Genuine
871020,4213,16088,1634,0.02034626070583913,0,0,Genuine
148603,137,11159,1339,0.08410328189875037,0,0,Genuine
875772,1208,42582,3886,0.0530594721000443,0,0,Genuine
619727,4323,40743,3672,0.07166865410091863,0,0,Genuine
963361,2907,32066,1009,0.034332924002528645,0,0,Genuine
142214,1431,7322,537,0.055261788572151825,0,0,Genuine
640341,4731,28589,2600,0.04870686087568967,0,0,Genuine
573643,2114,43712,3499,0.08230031570157746,0,0,Genuine
404082,2424,25186,3453,0.07087422849817611,0,0,Genuine
202139,367,12358,1703,0.06956104462770668,0,0,Genuine
759994,1552,10065,1276,0.014922486230154448,0,0,Genuine
650714,2092,31544,2169,0.051809243384958674,0,0,Genuine
589315,4648,25157,2849,0.04752297158565453,0,0,Genuine
452122,2072,33886,2419,0.08029912280313721,0,0,Genuine
160210,168,4488,225,0.029417639348355284,0,0,Genuine
93601,759,2703,174,0.03073685110201814,0,0,Genuine
30956,3607,1200,35,0.03989533531464014,50,1,Suspicious
239340,4190,6470,408,0.028737361076293138,0,0,Genuine
630085,4459,11998,958,0.020562305085821755,0,0,Genuine
912349,3300,63881,9212,0.08011517522351644,100,1,High Risk
913735,467,44845,2724,0.05205995173655382,0,0,Genuine
470511,2653,33074,4541,0.07994499597246398,0,0,Genuine
661799,3904,45121,2244,0.07157006885776497,0,0,Genuine
965745,1151,28724,1287,0.03107549094222595,0,0,Genuine
829965,4471,40121,3509,0.05256848180344954,0,0,Genuine
422486,3478,6685,718,0.01752247411748555,0,0,Genuine
604103,2311,44744,1152,0.07597379917000908,0,0,Genuine
40279,4219,1542,75,0.04014498870379106,100,1,High Risk
372931,3684,14006,1109,0.040530285763318144,0,0,Genuine
942392,558,29395,1852,0.033157115085866606,0,0,Genuine
149702,2429,6324,712,0.047000040079624855,0,0,Genuine
62063,3214,1714,148,0.03000177239256884,0,0,Genuine
774887,737,28081,1147,0.037719048067653735,0,0,Genuine
255311,4802,16849,2296,0.07498697666767197,50,1,Suspicious
653184,1342,44676,2594,0.07236858220654517,50,1,Suspicious
691504,3955,21639,2489,0.03489206136190102,0,0,Genuine
446377,3125,19118,2320,0.04802666804069206,0,0,Genuine
490934,3259,34938,5073,0.08149975353102454,0,0,Genuine
520089,374,7118,603,0.014845536052483324,0,0,Genuine
747434,2043,53994,5402,0.07946654821696632,0,0,Genuine
209432,4026,5307,337,0.026949081324725926,0,0,Genuine
183051,4862,10525,1138,0.06371448394163375,0,0,Genuine
98661,2820,5009,401,0.054834230344310314,0,0,Genuine
925483,4422,45076,3466,0.052450450197356405,0,0,Genuine
944693,2633,66275,8695,0.07935911454832416,50,1,Suspicious
698960,3607,11959,317,0.017563236808973332,0,0,Genuine
453776,3637,15560,2095,0.038906861535206796,0,0,Genuine
472256,201,22516,2944,0.053911437864209245,0,0,Genuine
124257,1004,8299,712,0.07251905325253305,0,0,Genuine
980062,4404,24649,2063,0.02725541853474576,0,0,Genuine
873637,2421,57839,3877,0.07064261243514183,0,0,Genuine
270054,1241,10255,1530,0.04363942026409533,0,0,Genuine
976217,737,22671,781,0.02402334726807667,0,0,Genuine
834289,359,52667,5094,0.0692338026750922,0,0,Genuine
560252,1552,9167,995,0.018138266351570363,0,0,Genuine
419443,3177,19308,2731,0.05254349220275461,0,0,Genuine
924482,4618,13378,1624,0.016227465759203533,0,0,Genuine
804585,3417,28119,2915,0.038571437449119735,0,0,Genuine
322909,3445,16815,591,0.05390373139181627,0,0,Genuine
755444,863,36962,2535,0.05228316063136381,0,0,Genuine
633500,895,24279,923,0.03978216258879242,0,0,Genuine
564359,1214,22593,3040,0.04541967081237298,0,0,Genuine
113990,4812,2949,346,0.02890604438985876,0,0,Genuine
70519,1817,2955,350,0.04686680185481927,0,0,Genuine
10503,404,805,84,0.08464248310006665,100,1,High Risk
192775,1922,13403,1151,0.07549734146025158,0,0,Genuine
982883,2074,19821,782,0.020961803185119695,0,0,Genuine
620745,2867,7501,471,0.012842632643033773,0,0,Genuine
714226,3882,53814,2034,0.0781937369964129,0,0,Genuine
148977,4325,6982,797,0.05221611389677601,0,0,Genuine
571126,115,27213,1111,0.0495932596309746,0,0,Genuine
912632,4965,59001,6565,0.07184275808869292,100,1,High Risk
452495,4316,14492,1594,0.03554956408358104,0,0,Genuine
614777,4140,26886,2143,0.04721874761092233,0,0,Genuine
27806,2571,2163,81,0.08070200676113069,100,1,High Risk
177072,2631,10102,615,0.06052340290955092,0,0,Genuine
416384,1440,8645,532,0.02203975176759914,0,0,Genuine
71119,1180,1374,152,0.021456994614659938,0,0,Genuine
826146,2536,20074,698,0.02514325555047171,0,0,Genuine
186165,884,11853,1514,0.0718018961673784,0,0,Genuine
842851,276,25855,3074,0.034322792522047195,0,0,Genuine
967649,3565,11125,491,0.012004352818015623,0,0,Genuine
630720,4587,47992,5446,0.0847253932014206,0,0,Genuine
471641,2493,10319,1103,0.02421757226364968,0,0,Genuine
880381,777,9392,1101,0.011918703379559532,0,0,Genuine
472027,3736,12555,559,0.02778230906282903,0,0,Genuine
920965,3672,24361,986,0.027522218542507044,0,0,Genuine
408507,1086,16152,819,0.04154396375092716,0,0,Genuine
703164,1882,52334,3535,0.07945372629998122,0,0,Genuine
864403,2790,61841,7617,0.08035372389961627,50,1,Suspicious
880903,542,36982,4287,0.046848517941248925,0,0,Genuine
852378,1598,33040,4635,0.04419987376492589,0,0,Genuine
886421,1193,43302,1196,0.050199622978246226,0,0,Genuine
85080,4007,2300,49,0.027609308885754583,50,1,Suspicious
253791,3457,3464,384,0.015162082185735507,0,0,Genuine
979836,689,74218,4179,0.08001032825901477,50,1,Suspicious
78794,222,1817,115,0.02451963347463005,0,0,Genuine
293985,4404,7022,639,0.026059152677857713,0,0,Genuine
125447,4009,5403,179,0.0444968791601234,0,0,Genuine
121029,566,5375,556,0.04900478397739385,0,0,Genuine
180830,572,2041,127,0.011989161090527015,0,0,Genuine
508942,1967,10360,1059,0.022436741318264165,0,0,Genuine
339416,2936,12378,1589,0.04115009310109129,0,0,Genuine
562931,2214,32571,1375,0.060302239528467964,0,0,Genuine
968912,1979,25181,3550,0.029652847730237627,0,0,Genuine
307094,3995,12164,1082,0.043133372843494173,0,0,Genuine
188921,2259,9259,1296,0.055869913879346395,0,0,Genuine
363644,3833,26255,1234,0.07559316254358658,0,0,Genuine
684404,2640,22465,2214,0.03605911128514737,0,0,Genuine
499685,4984,9668,700,0.020749071915306644,0,0,Genuine
388732,4126,17201,2075,0.04958686189971497,0,0,Genuine
541285,1143,33706,3329,0.06842051784180238,0,0,Genuine
867183,3930,15340,1292,0.01917934276848139,0,0,Genuine
623893,2544,24785,3437,0.04523532080020132,0,0,Genuine
942415,2629,10597,731,0.012020182191497376,0,0,Genuine
842965,2538,10409,505,0.01294715676214315,0,0,Genuine
345710,2835,15144,1500,0.04814439848427873,0,0,Genuine
751230,2808,23193,2345,0.03399491500605673,0,0,Genuine
670931,1624,46399,3576,0.07448604998129466,0,0,Genuine
633543,2423,33039,2750,0.056490246123783235,0,0,Genuine
785586,4040,32818,4750,0.04782162614914217,0,0,Genuine
452157,4895,17433,2009,0.04299833907249031,0,0,Genuine
59005,1143,2643,90,0.04631810863486145,0,0,Genuine
218322,1239,2801,133,0.013438865528897684,0,0,Genuine
190784,2739,13830,2030,0.08313066085206307,0,0,Genuine
568829,4145,45438,5199,0.08901972297474285,0,0,Genuine
24387,1925,553,76,0.0257924303932423,0,0,Genuine
881412,3456,16241,966,0.01952208501813,0,0,Genuine
705268,1837,14140,1646,0.022382980654162672,0,0,Genuine
86457,3982,4865,548,0.06260915830991129,0,0,Genuine
145129,1657,8170,476,0.05957458536887872,0,0,Genuine
589316,3798,40871,3744,0.07570641217954374,0,0,Genuine
644534,98,40365,4099,0.06898627535552818,0,0,Genuine
318875,3911,13226,1091,0.044898471187769504,0,0,Genuine
681218,2230,36036,4595,0.0596446365187062,0,0,Genuine
180761,3096,10516,1348,0.06563362672257843,0,0,Genuine
569926,2883,26154,3415,0.05188217417699842,0,0,Genuine
485814,1447,21033,2617,0.04868118251017879,0,0,Genuine
178558,3876,9848,821,0.05975089326717369,0,0,Genuine
545855,4624,26759,1862,0.05243333852396699,0,0,Genuine
423955,881,23349,2990,0.06212687667323183,0,0,Genuine
583092,2747,30845,2582,0.05732714563053515,0,0,Genuine
371965,4827,22445,1167,0.06347909077466966,0,0,Genuine
4754,2785,261,22,0.05952881783761043,100,1,High Risk
552332,131,25618,984,0.048163061347160765,0,0,Genuine
68260,136,3940,433,0.06406387342513917,0,0,Genuine
67912,2113,2815,179,0.04408646483684769,0,0,Genuine
257695,871,6936,373,0.02836298725237199,0,0,Genuine
533994,212,5392,778,0.01155443694123904,50,1,Suspicious
796326,3789,39177,4740,0.05514952418984185,0,0,Genuine
936541,2447,48087,5881,0.05762481300872039,0,0,Genuine
347130,1982,27091,2738,0.08593034309912713,0,0,Genuine
869374,2778,30691,3961,0.03985856489842116,0,0,Genuine
707972,3585,26612,3158,0.04204968558078568,0,0,Genuine
30725,3496,741,72,0.026460537021969082,0,0,Genuine
137998,2840,2061,298,0.017094450644212236,0,0,Genuine
105555,2757,6765,303,0.06696035242290749,0,0,Genuine
262486,3983,7212,1028,0.03139215043849958,0,0,Genuine
796928,3435,41937,3027,0.05642165917121748,0,0,Genuine
581735,972,33824,2999,0.06329858096899792,0,0,Genuine
889036,2225,38216,1374,0.04453138005660063,0,0,Genuine
686166,1632,48954,4416,0.07778001241682042,0,0,Genuine
875631,614,35958,3576,0.045149155294867356,0,0,Genuine
566609,3308,16966,2539,0.034424091392829974,50,1,Suspicious
778401,2647,56606,8308,0.08339403469420004,100,1,High Risk
234103,2550,16459,2396,0.08054147106188302,0,0,Genuine
983599,4616,21130,1379,0.022884325827903444,50,1,Suspicious
416872,1037,4926,733,0.01357491028421194,50,1,Suspicious
56147,3686,915,72,0.01757885550430121,0,0,Genuine
616684,273,18536,2423,0.03398661226819571,0,0,Genuine
443882,400,34648,1667,0.08181228344469926,50,1,Suspicious
476584,1978,23398,2006,0.05330434928575026,0,0,Genuine
301931,398,10908,1588,0.041386939400061606,0,0,Genuine
245839,4327,17752,2540,0.08254182615451576,0,0,Genuine
457162,4782,19072,2076,0.04625931289127268,0,0,Genuine
547015,1067,17540,2169,0.03603009058252516,0,0,Genuine
764711,2276,58030,2491,0.07914231650911259,0,0,Genuine
96081,4917,6674,759,0.07736180930673078,100,1,High Risk
385865,4174,26646,2673,0.07598253275109171,0,0,Genuine
766418,2469,35147,1121,0.04732143556127335,0,0,Genuine
593344,1943,38722,1344,0.06752575234602524,0,0,Genuine
659441,3090,14873,507,0.023322783994322464,0,0,Genuine
690556,2118,34614,3951,0.055846303558292155,0,0,Genuine
693095,1175,54663,2100,0.0818978639291872,0,0,Genuine
761109,3167,23112,1867,0.032819215118990844,50,1,Suspicious
81102,4211,5320,353,0.06994895317008212,0,0,Genuine
998082,4092,44248,4051,0.04839181550213309,0,0,Genuine
157570,4483,2014,225,0.014209557656914387,0,0,Genuine
602153,2220,38183,4162,0.07032265885912717,0,0,Genuine
688016,496,14998,1305,0.023695669868142602,0,0,Genuine
68695,2708,3723,299,0.05854865710750418,0,0,Genuine
432116,3412,6912,495,0.01714123059548825,0,0,Genuine
522608,2768,39864,5263,0.08634961577319904,0,0,Genuine
118235,3533,3596,226,0.03232545354590434,0,0,Genuine
441917,2994,11424,613,0.027238146529778216,0,0,Genuine
634065,4426,12072,1407,0.02125807291050602,50,1,Suspicious
20033,645,1526,101,0.0812159936105426,100,1,High Risk
517409,2036,30958,4027,0.06761575465444165,0,0,Genuine
667165,2800,41308,2586,0.06579182061409097,0,0,Genuine
692211,1124,31120,3462,0.04995875535060841,0,0,Genuine
552120,4019,23868,617,0.0443472433528943,0,0,Genuine
195509,4355,3460,242,0.018935189684362357,0,0,Genuine
378869,4271,18636,1204,0.05236638521494237,0,0,Genuine
146016,4637,3983,502,0.030715811965811964,0,0,Genuine
283017,3630,22188,3233,0.0898214594882993,100,1,High Risk
565660,3057,37198,2972,0.07101439026977337,0,0,Genuine
90464,1019,3519,447,0.04384064379200566,0,0,Genuine
671739,630,13833,1534,0.02287644457147791,0,0,Genuine
118322,2874,7687,1120,0.07443248085732154,0,0,Genuine
693111,4051,12852,1612,0.020868230341171905,0,0,Genuine
887514,1261,20637,620,0.023951171474478148,0,0,Genuine
746182,279,18510,2086,0.02760184512625606,0,0,Genuine
792542,4334,38820,3478,0.053370042218582735,0,0,Genuine
448557,3235,29198,646,0.06653335027655348,0,0,Genuine
799519,551,25586,1347,0.033686504010536335,0,0,Genuine
417978,2182,6657,930,0.01815167305456268,0,0,Genuine
870049,98,36992,5193,0.04848577493911262,0,0,Genuine
625771,3616,39027,4833,0.07008953754648266,0,0,Genuine
524886,3105,13393,1977,0.029282548972538798,0,0,Genuine
534884,738,13583,1695,0.028563202488763918,0,0,Genuine
235627,436,17979,383,0.07792825100688801,0,0,Genuine
632827,1019,48595,2790,0.0811991270916064,0,0,Genuine
543601,3510,43125,1034,0.08123421406509554,0,0,Genuine
900607,1055,59922,1931,0.06867923522690808,50,1,Suspicious
722909,3102,16751,811,0.02429351412141777,0,0,Genuine
115914,3467,2879,246,0.02695964249357282,0,0,Genuine
548993,2352,18564,2416,0.0382154235117752,0,0,Genuine
723724,2333,23354,3084,0.036530500577568244,0,0,Genuine
860877,1657,66250,6632,0.08466017793482693,50,1,Suspicious
104892,4416,6842,962,0.0744003355832666,50,1,Suspicious
735005,172,44600,3791,0.0658376473629431,0,0,Genuine
265167,1330,6103,827,0.02613447374673319,0,0,Genuine
644942,3777,47510,3754,0.07948621736528245,0,0,Genuine
191868,308,13037,730,0.07175245481268372,0,0,Genuine
81073,997,1739,241,0.02442243410259889,0,0,Genuine
879629,574,62437,4397,0.07597975964867007,0,0,Genuine
589717,937,17135,1464,0.031538856773672796,0,0,Genuine
105195,257,1647,103,0.016635771662151244,0,0,Genuine
717987,3432,40191,4267,0.06192034117609372,0,0,Genuine
34848,2844,1943,290,0.06407828282828283,50,1,Suspicious
956308,198,15917,371,0.017032169552068998,50,1,Suspicious
933883,487,30182,4134,0.03674550238091924,50,1,Suspicious
978168,2252,77761,1594,0.0811261460199066,100,1,High Risk
290910,3799,16724,1126,0.06135918325255234,0,0,Genuine
69099,3211,4222,176,0.06364780966439457,0,0,Genuine
430276,3951,10715,1269,0.02785189041452463,0,0,Genuine
70122,4503,1087,28,0.015900858503750608,100,1,High Risk
672447,3295,19758,1816,0.03208282585839479,0,0,Genuine
574156,4601,15745,918,0.029021729286117362,0,0,Genuine
644407,2873,17024,636,0.027405040603221256,0,0,Genuine
417441,4774,9806,1180,0.02631749157365951,0,0,Genuine
882718,3320,44341,2140,0.0526566808425794,0,0,Genuine
269787,535,8894,436,0.03458283757186225,0,0,Genuine
487275,249,32854,1831,0.07118157098147863,50,1,Suspicious
299871,4516,6859,660,0.02507411520287057,0,0,Genuine
929509,2032,39526,4180,0.04702052373887719,0,0,Genuine
110079,1521,1206,26,0.011191962136283942,50,1,Suspicious
853129,4393,37296,1918,0.045964912691984446,0,0,Genuine
17029,4933,236,17,0.01485700863233308,100,1,High Risk
247353,2361,19402,1225,0.08339094330774238,0,0,Genuine
408442,3423,26688,3601,0.0741574079061409,0,0,Genuine
195718,2128,8671,1061,0.049724603766643845,0,0,Genuine
979107,1571,15725,1593,0.017687545896413772,0,0,Genuine
422947,654,21769,1392,0.054760998422970254,0,0,Genuine
372602,3898,23516,2612,0.0701230803914096,0,0,Genuine
897816,3392,20964,2718,0.026377342350771205,0,0,Genuine
69926,1467,3480,338,0.054600577753625264,0,0,Genuine
662357,4647,44374,5412,0.07516490351879726,50,1,Suspicious
318650,3925,20322,2385,0.07126000313823945,0,0,Genuine
865661,2983,57314,5406,0.07245330446907046,0,0,Genuine
444031,598,31771,1924,0.07588434140859535,0,0,Genuine
43092,888,3259,381,0.08447043534762833,0,0,Genuine
325683,3865,12501,586,0.040183245671404404,0,0,Genuine
984581,897,49045,5950,0.055856247479892464,50,1,Suspicious
153889,4759,10056,1252,0.07348153539239322,0,0,Genuine
694221,4557,40820,5179,0.06625987977891766,0,0,Genuine
538716,4823,42928,3497,0.08617713229233956,100,1,High Risk
176006,4304,1928,86,0.011442791723009443,0,0,Genuine
771915,4518,26908,886,0.03600655512588821,0,0,Genuine
770727,2322,22868,2667,0.03313105678145439,0,0,Genuine
142330,3370,4036,545,0.03218576547460128,0,0,Genuine
58775,2608,1503,157,0.028243300723096554,0,0,Genuine
737940,4748,44009,1704,0.06194677074016858,0,0,Genuine
268613,4361,4279,605,0.018182291996292062,0,0,Genuine
291998,2046,18078,2686,0.07111007609641162,0,0,Genuine
662616,3723,38789,2961,0.06300783560916126,0,0,Genuine
780446,1614,21506,2093,0.030237838364217385,0,0,Genuine
77256,4068,2139,258,0.031026716371543958,0,0,Genuine
952441,1890,51451,5954,0.060271449885084746,0,0,Genuine
362278,3341,22951,3346,0.07258790210832565,0,0,Genuine
658011,2937,46951,1640,0.07384527006387431,0,0,Genuine
182360,776,12701,1212,0.07629414345251151,0,0,Genuine
347874,1294,26974,2965,0.08606276985345268,0,0,Genuine
419267,3510,21255,2884,0.05757429036866722,0,0,Genuine
290530,3768,21384,2857,0.08343716655767046,0,0,Genuine
993558,1115,66166,9735,0.07639312450808106,50,1,Suspicious
243634,4821,17694,1531,0.07890934762799938,0,0,Genuine
934688,332,10107,1293,0.012196583244890273,50,1,Suspicious
34787,1131,2699,203,0.08342196797654296,0,0,Genuine
546909,3935,23597,1767,0.04637700238979428,0,0,Genuine
994068,2931,65482,3466,0.06935944019926202,0,0,Genuine
603272,2634,11404,1441,0.021292219761566922,0,0,Genuine
454008,3020,17123,2536,0.043300999101337424,0,0,Genuine
439469,1202,12745,679,0.030545954322147864,0,0,Genuine
821483,3547,24986,682,0.03124592961753317,0,0,Genuine
312955,997,5829,734,0.02097106612771804,0,0,Genuine
31447,4810,2088,210,0.07307533310013674,100,1,High Risk
129046,1767,1373,198,0.012173953473955024,0,0,Genuine
740290,116,23597,1245,0.033557119507220144,0,0,Genuine
517494,686,11492,335,0.022854371258410725,0,0,Genuine
686614,363,35177,2955,0.05553629841512116,0,0,Genuine
871477,3447,24225,753,0.028661685850573222,0,0,Genuine
642147,614,18063,975,0.02964741718017837,0,0,Genuine
189490,1651,8372,304,0.04578605731173149,0,0,Genuine
408688,875,22759,1118,0.05842354069608112,0,0,Genuine
505409,3720,9345,315,0.019113233044920054,0,0,Genuine
528759,1075,11783,1696,0.025491764679182766,0,0,Genuine
239404,2301,6536,367,0.02883410469332175,0,0,Genuine
645600,4807,50461,3921,0.08423482032218092,100,1,High Risk
517595,854,19565,2676,0.04296988958548672,0,0,Genuine
752164,2501,39059,4220,0.057539313234879624,0,0,Genuine
664689,4681,17885,1794,0.029606327169548464,0,0,Genuine
166937,1441,7400,826,0.04927607420763522,0,0,Genuine
47850,1285,726,92,0.01709508881922675,0,0,Genuine
317364,4082,3945,529,0.014097377144225558,0,0,Genuine
244306,3330,10459,1082,0.04723993680056978,0,0,Genuine
94808,4773,3593,487,0.04303434309340984,0,0,Genuine
502597,4894,9841,881,0.021333195383179765,50,1,Suspicious
662757,3599,38527,2159,0.061389015883649665,0,0,Genuine
229981,4250,18284,2457,0.09018571099351685,100,1,High Risk
523220,4191,19722,1782,0.04109934635526165,0,0,Genuine
691885,1404,37167,5121,0.061119983812338755,0,0,Genuine
54072,1886,4185,105,0.07933865956502441,0,0,Genuine
746466,2942,50914,3649,0.07309509073420625,0,0,Genuine
609108,2546,25855,3702,0.04852505631185274,0,0,Genuine
478746,2633,29502,1547,0.0648548499621929,0,0,Genuine
24284,2608,460,65,0.021619173118102453,100,1,High Risk
979834,3668,44922,6469,0.052448680082544594,50,1,Suspicious
84369,1609,2491,335,0.033495715250862285,0,0,Genuine
812554,1557,17292,1612,0.023264915316397433,0,0,Genuine
917781,4121,36564,3806,0.04398652837659529,0,0,Genuine
857985,2113,16448,2188,0.021720659452088325,0,0,Genuine
738266,3692,43505,5258,0.0660507188465946,0,0,Genuine
882220,2050,36997,3770,0.04620956224071093,0,0,Genuine
588100,1344,27746,4097,0.05414555347729978,0,0,Genuine
271143,4115,5489,599,0.0224530967054285,0,0,Genuine
285580,2802,5649,829,0.022683661320820787,0,0,Genuine
830395,1803,42216,1159,0.0522341777106076,0,0,Genuine
658456,4260,51985,1978,0.08195384353700172,0,0,Genuine
524156,1653,8773,690,0.01805378551423622,0,0,Genuine
770097,1372,23103,1618,0.03210115089397829,0,0,Genuine
419495,2491,29726,3619,0.07948843252005387,0,0,Genuine
253164,1148,3812,155,0.015669684473305842,0,0,Genuine
896331,1555,63919,9389,0.08178675065349743,100,1,High Risk
770605,1176,35987,2193,0.049545486987496834,0,0,Genuine
289345,346,11162,845,0.041497174653095784,0,0,Genuine
151787,3099,4808,267,0.033435010903437055,0,0,Genuine
161381,2275,4970,473,0.03372763832173552,0,0,Genuine
671438,4404,21087,582,0.03227252553474781,0,0,Genuine
450830,3837,32431,1279,0.07477319610496196,0,0,Genuine
530393,2146,32176,3763,0.06775918988372773,0,0,Genuine
905098,3659,51482,2277,0.05939577813673216,0,0,Genuine
357992,2258,23596,1194,0.06924735748284878,0,0,Genuine
790271,225,22126,2723,0.03144364401578699,0,0,Genuine
69920,2552,3724,119,0.05496281464530892,0,0,Genuine
831051,4049,35074,2696,0.04544847428136179,0,0,Genuine
568109,1717,36796,846,0.06625841167804065,0,0,Genuine
651024,4421,20603,1340,0.033705362628720294,0,0,Genuine
931997,2595,51280,5685,0.06112144137803019,0,0,Genuine
542357,725,38916,1234,0.07402873015375482,0,0,Genuine
506659,1873,19329,2618,0.04331710282458221,0,0,Genuine
8531,1406,125,17,0.016645176415426094,100,1,High Risk
431267,3122,19891,669,0.047673483016321676,0,0,Genuine
664096,3309,22724,3381,0.03930907579627042,0,0,Genuine
664070,596,37889,2223,0.060403270739530474,0,0,Genuine
68155,2133,5218,161,0.07892304306360502,50,1,Suspicious
932479,2090,41022,847,0.04490074307303435,0,0,Genuine
587712,4584,25056,1831,0.04574859795273876,0,0,Genuine
308747,1802,17234,1755,0.06150343161229097,0,0,Genuine
941756,1665,16240,1026,0.018333835940519624,0,0,Genuine
475013,1899,13179,1697,0.03131703763896988,0,0,Genuine
133503,2692,9923,1122,0.08273222324591957,0,0,Genuine
730963,1650,41588,2724,0.0606213994415586,0,0,Genuine
693841,3446,7591,876,0.012203083991865572,0,0,Genuine
880005,4452,21405,3045,0.027783933045834968,0,0,Genuine
665917,3655,38489,1235,0.05965307988833443,0,0,Genuine
993475,3849,63093,3772,0.06730415964166184,0,0,Genuine
366446,668,25207,2022,0.07430562756859128,0,0,Genuine
656522,1182,19992,1694,0.03303164250398311,0,0,Genuine
953246,2165,71657,6483,0.08197254433797782,50,1,Suspicious
20675,2389,1007,59,0.051559854897218864,50,1,Suspicious
74997,2789,4406,470,0.06501593397069216,0,0,Genuine
149087,4326,7718,801,0.057141132358958194,0,0,Genuine
968561,1537,18007,1712,0.02035906876283476,0,0,Genuine
951095,1607,73631,2561,0.08010976821453167,0,0,Genuine
487799,2163,9073,744,0.020125092507364713,0,0,Genuine
520349,1094,14487,960,0.029685845461411477,0,0,Genuine
756678,2481,50662,4247,0.07256587346268822,0,0,Genuine
141905,1632,7563,1057,0.06074486452203939,0,0,Genuine
271040,1358,18612,1534,0.07432851239669422,0,0,Genuine
427188,4967,19694,429,0.047105723943556464,0,0,Genuine
312877,651,11385,877,0.03919111983303343,0,0,Genuine
776723,1670,57888,7333,0.08396944599297304,50,1,Suspicious
567088,4930,7109,863,0.014057782919053128,0,0,Genuine
97044,4816,6786,588,0.07598615061209349,50,1,Suspicious
268491,150,7022,368,0.02752420006629645,0,0,Genuine
715423,4321,49658,3995,0.07499479329012347,0,0,Genuine
490066,287,9675,902,0.021582807213722233,0,0,Genuine
659003,4075,33355,5002,0.058204590874396625,0,0,Genuine
303929,2968,21933,2275,0.07965018145685342,0,0,Genuine
806113,2592,34781,3834,0.047902713391298736,0,0,Genuine
968530,2053,60300,5058,0.06748164744509721,0,0,Genuine
367008,1587,24342,1608,0.07070690557154068,0,0,Genuine
934396,804,57516,7228,0.06928968017842542,50,1,Suspicious
834731,3418,62415,5264,0.08107881461213254,0,0,Genuine
18073,2308,746,111,0.04741880152713993,100,1,High Risk
889736,3715,19679,1563,0.023874497603783594,0,0,Genuine
555970,4285,7420,213,0.01372915804809612,50,1,Suspicious
754158,590,20552,2234,0.03021382787161311,0,0,Genuine
753254,319,15083,393,0.020545526475797007,0,0,Genuine
911734,3510,44726,2351,0.05163457762900144,0,0,Genuine
408505,3458,9373,618,0.02445747298074687,0,0,Genuine
116359,555,1480,171,0.014188846586856195,50,1,Suspicious
926431,1179,11598,977,0.013573595874922148,50,1,Suspicious
966834,2129,65947,1564,0.06982687824383503,50,1,Suspicious
67707,3195,3480,348,0.05653772874296602,0,0,Genuine
252351,3292,8848,650,0.03763805176123732,0,0,Genuine
471670,4958,34241,4788,0.0827464116861365,0,0,Genuine
239511,411,3572,303,0.016178797633511613,0,0,Genuine
236718,3770,18611,2087,0.08743737273887073,0,0,Genuine
590716,1506,31390,1520,0.055712051137941074,0,0,Genuine
51601,4117,1178,140,0.025542140656188834,0,0,Genuine
995969,4245,57302,6516,0.06407629153116211,50,1,Suspicious
396755,1731,25168,3461,0.07215788080805535,0,0,Genuine
496479,1102,19885,485,0.041028925694742376,0,0,Genuine
636775,2559,44774,3500,0.07581013701857015,0,0,Genuine
679029,4777,13954,1511,0.022775168659954142,0,0,Genuine
465184,731,13731,444,0.03047181330398294,0,0,Genuine
414860,3982,6863,503,0.017755387359591188,0,0,Genuine
412961,2179,10225,1456,0.02828596404987396,0,0,Genuine
252924,4899,6755,517,0.028751719884234,0,0,Genuine
784441,4066,58232,8624,0.08522756969612756,50,1,Suspicious
815660,3352,12616,345,0.01589019934776745,0,0,Genuine
524394,769,20933,2372,0.04444177469612543,0,0,Genuine
250430,124,11837,1130,0.051778940222816754,0,0,Genuine
428737,1343,31258,2659,0.07910910418275073,0,0,Genuine
123788,1972,9883,1444,0.09150321517433031,50,1,Suspicious
622527,4207,39055,1439,0.06504778106009859,0,0,Genuine
552216,369,43048,5875,0.08859395598823648,100,1,High Risk
281466,2199,18322,2012,0.07224318390143036,0,0,Genuine
451930,1502,34990,1877,0.08157679286615184,0,0,Genuine
351040,1605,20890,2866,0.06767319963536919,0,0,Genuine
63292,4257,986,74,0.016747772230297667,0,0,Genuine
554343,3082,21139,2660,0.042931903171862906,0,0,Genuine
306035,510,16912,1193,0.0591599000114366,0,0,Genuine
607200,936,20978,2740,0.03906126482213439,0,0,Genuine
662948,3583,19316,1984,0.03212921677114947,0,0,Genuine
353680,3986,17831,683,0.052346754128025336,0,0,Genuine
269448,1165,20301,2120,0.08321086072266264,0,0,Genuine
532633,1125,6630,297,0.01300520245647566,0,0,Genuine
161372,3926,10302,757,0.06853109585306001,0,0,Genuine
942763,4665,57122,2407,0.06314312292697104,100,1,High Risk
92006,4957,7128,162,0.07923396300241288,100,1,High Risk
933856,1974,70179,3336,0.07872198711578658,100,1,High Risk
130350,976,8258,740,0.0690295358649789,0,0,Genuine
689725,4702,32022,2645,0.05026206096632716,0,0,Genuine
806878,2331,19606,1670,0.02636829855318896,0,0,Genuine
789768,1105,38040,1985,0.05067944003808714,0,0,Genuine
849464,4724,54004,5890,0.07050799092133392,0,0,Genuine
207487,591,15083,1682,0.08080024290678452,0,0,Genuine
98852,2211,6453,429,0.06961922874600412,0,0,Genuine
493092,2301,11670,1570,0.026850973043569964,0,0,Genuine
139593,1102,7255,752,0.05735960972255056,0,0,Genuine
728067,4619,24209,2728,0.03699796859354977,0,0,Genuine
679841,2794,7236,405,0.01123939274036135,0,0,Genuine
281618,3919,6763,135,0.024494172957694467,0,0,Genuine
178832,4531,3205,424,0.02029278876263756,0,0,Genuine
843150,4207,58169,7382,0.07774535966316788,50,1,Suspicious
307773,4660,8647,311,0.02910586698638282,0,0,Genuine
46232,4575,1383,94,0.03194756878352656,50,1,Suspicious
349688,4725,26994,2860,0.0853732470087621,50,1,Suspicious
461385,1610,16857,1766,0.04036325411532668,0,0,Genuine
784301,3812,8369,1103,0.012076995949259277,0,0,Genuine
313813,1214,9373,358,0.031008912951343635,0,0,Genuine
210093,2772,3855,292,0.019738877544706393,0,0,Genuine
332328,2408,5714,186,0.017753544690787416,0,0,Genuine
704305,520,10863,767,0.016512732409964433,0,0,Genuine
14140,1466,728,15,0.052545968882602545,100,1,High Risk
389612,1518,9060,1239,0.026433990739504944,0,0,Genuine
608745,858,21480,1901,0.03840852902282565,0,0,Genuine
539645,221,37959,4952,0.07951708993875603,0,0,Genuine
524375,4176,20819,578,0.04080476758045292,0,0,Genuine
112672,4192,8348,413,0.07775667424027265,0,0,Genuine
331817,4275,14883,799,0.04726099024462279,0,0,Genuine
646961,2449,24531,1723,0.04058049866993528,0,0,Genuine
590921,1695,36948,4595,0.07030212160339538,0,0,Genuine
733303,107,11089,779,0.016184305805376494,0,0,Genuine
621399,1179,10106,470,0.017019660475797355,0,0,Genuine
865690,1403,48165,1370,0.057220252053275425,50,1,Suspicious
407140,817,17949,544,0.04542172225770005,0,0,Genuine
70286,3945,4591,545,0.07307287368750534,0,0,Genuine
94269,732,6989,543,0.07989901240068314,0,0,Genuine
259635,3504,9654,1104,0.04143509157085909,0,0,Genuine
75071,2058,3884,422,0.057359033448335574,0,0,Genuine
451542,3192,20341,764,0.04673983815459027,0,0,Genuine
222095,1840,17481,674,0.08174429861095477,0,0,Genuine
514317,1527,35064,4144,0.07623314026174519,0,0,Genuine
31651,935,2336,265,0.08217749834128464,0,0,Genuine
71202,3956,1979,136,0.02970422179152271,0,0,Genuine
49777,4542,3189,95,0.06597424513329449,0,0,Genuine
149066,1588,4260,91,0.029188413186105485,0,0,Genuine
854695,2123,21035,1208,0.026024488267744634,0,0,Genuine
191706,362,14588,309,0.07770753132400655,100,1,High Risk
625446,860,7099,354,0.011916296530795624,0,0,Genuine
798232,2285,61924,4615,0.08335797111616673,0,0,Genuine
825255,2907,16875,603,0.021178908337422978,0,0,Genuine
764935,2813,51526,1729,0.06962029453482976,0,0,Genuine
327022,2082,9586,1308,0.03331274348514779,0,0,Genuine
281852,1557,9737,935,0.03786384343556193,0,0,Genuine
669179,4595,16845,2383,0.028733716987532482,0,0,Genuine
731265,2620,37284,2421,0.0542963221267256,0,0,Genuine
589158,1944,20247,2187,0.038078070738239995,0,0,Genuine
534571,2755,29945,1395,0.05862644999448156,0,0,Genuine
686933,646,7621,765,0.012207886358640507,50,1,Suspicious
866139,2197,12564,462,0.015039156532611972,0,0,Genuine
425149,665,7217,146,0.017318634172960538,0,0,Genuine
531062,997,20886,2946,0.044876116159695105,0,0,Genuine
204127,4701,13683,1260,0.07320442665595438,0,0,Genuine
143055,4423,10324,1450,0.08230400894760756,50,1,Suspicious
621756,3814,16872,1069,0.02885537091720868,0,0,Genuine
883766,2063,44370,2778,0.05334896341339223,0,0,Genuine
805565,3747,51383,3703,0.06838181897177757,0,0,Genuine
933443,540,28206,3153,0.03359498116114214,50,1,Suspicious
526069,4400,20322,1901,0.04224350798089224,0,0,Genuine
115586,2478,5395,756,0.053215787379094354,0,0,Genuine
450916,591,8766,204,0.019892840351639775,0,0,Genuine
290768,1337,3436,385,0.013141060914543553,0,0,Genuine
532111,1683,11012,693,0.021997290039108382,0,0,Genuine
543777,4970,29298,1272,0.05621789814574724,50,1,Suspicious
172033,2976,2606,225,0.016456145041939627,0,0,Genuine
513880,1402,11962,1024,0.02527049116525259,0,0,Genuine
292262,4426,9834,371,0.034917300230615,0,0,Genuine
101417,1348,1566,72,0.01615113836930692,0,0,Genuine
82816,4918,1939,141,0.02511591962905719,0,0,Genuine
678623,4017,50074,3662,0.07918387676220817,0,0,Genuine
276709,4473,3140,192,0.012041530994655035,0,0,Genuine
676714,2308,37720,1482,0.05792993790582136,0,0,Genuine
175023,4697,6459,132,0.037657907817829656,0,0,Genuine
878611,2123,50155,7329,0.06542599626000585,0,0,Genuine
548936,751,28110,4010,0.058513196438200445,0,0,Genuine
444945,1969,11410,945,0.02776747687916484,0,0,Genuine
42971,2510,2978,444,0.07963510274371087,100,1,High Risk
19658,4312,873,93,0.04914029911486418,100,1,High Risk
22253,4314,1503,43,0.06947377881633937,100,1,High Risk
458382,4374,17611,621,0.03977468574245935,0,0,Genuine
180635,416,14257,1983,0.08990505715946522,50,1,Suspicious
158462,577,10131,1032,0.07044591132258839,0,0,Genuine
351808,4936,27306,3539,0.08767566399854466,100,1,High Risk
707938,3768,32567,4454,0.052294127451839,0,0,Genuine
211097,3659,9110,712,0.04652837321231472,0,0,Genuine
629138,3985,39561,1040,0.06453433110064882,0,0,Genuine
951162,4669,68122,3029,0.07480429201334789,50,1,Suspicious
663212,2203,51392,1472,0.07970905230906558,0,0,Genuine
521498,1958,17062,759,0.034172710154209605,0,0,Genuine
227058,3062,14965,1097,0.07073963480696562,0,0,Genuine
658911,4278,16304,576,0.025618027320836956,0,0,Genuine
859379,3072,41413,1725,0.05019671181166866,0,0,Genuine
586289,3533,13243,1032,0.02434806042753659,0,0,Genuine
181231,2770,6219,399,0.036516931430053357,0,0,Genuine
123775,1820,9307,751,0.0812603514441527,0,0,Genuine
970211,4163,19623,1487,0.021758153638744563,0,0,Genuine
558531,1827,30310,3145,0.05989819723524746,0,0,Genuine
678160,4262,34929,4954,0.05881060516692226,0,0,Genuine
863371,847,15930,541,0.0190775460375667,0,0,Genuine
320972,3265,10533,346,0.03389392221128323,0,0,Genuine
262716,3838,12980,1698,0.055870217268837834,0,0,Genuine
401455,3026,9274,796,0.025083757830890136,0,0,Genuine
269854,3787,17822,2132,0.07394368806836289,0,0,Genuine
415600,1761,32437,1557,0.08179499518768046,0,0,Genuine
939542,802,23519,3004,0.028229711923469094,0,0,Genuine
172918,2519,3991,559,0.026313050116240067,0,0,Genuine
220055,4019,9208,944,0.046133921065188245,0,0,Genuine
986325,1442,61491,2076,0.06444833092540492,50,1,Suspicious
301135,2655,8947,1220,0.033762266093280424,0,0,Genuine
735417,727,8377,1030,0.012791382304189323,50,1,Suspicious
401187,155,19211,2259,0.05351619070408563,0,0,Genuine
423355,3337,32582,807,0.07886761701172774,0,0,Genuine
872877,4803,32636,4042,0.0420196660010517,0,0,Genuine
209139,1996,8242,312,0.040901027546273054,0,0,Genuine
81257,1145,6323,309,0.08161758371586449,0,0,Genuine
478958,1832,28077,2668,0.06419143223414162,0,0,Genuine
825143,4591,49790,2710,0.06362533524492119,0,0,Genuine
7530,3307,371,39,0.05444887118193891,50,1,Suspicious
274260,2047,21453,2124,0.08596587180048129,0,0,Genuine
591082,4919,34413,1172,0.06020315286203945,0,0,Genuine
918786,1611,66751,7027,0.08029943860703145,100,1,High Risk
211545,4056,12471,1747,0.06721028622751661,0,0,Genuine
658258,1725,40455,1656,0.06397339644941649,0,0,Genuine
529423,1172,16056,1567,0.033287182460905555,0,0,Genuine
925133,4031,28904,1862,0.03325575890169306,0,0,Genuine
372616,1351,24148,1925,0.0699728406724349,0,0,Genuine
912579,993,28079,1609,0.032531978053406886,0,0,Genuine
479336,4600,23676,1563,0.05265408815528147,0,0,Genuine
776158,995,21309,506,0.028106390709108198,0,0,Genuine
614375,650,41279,6092,0.07710437436419125,100,1,High Risk
721391,2750,12793,1294,0.01952755163288702,0,0,Genuine
820812,4870,55865,4753,0.07385125948451046,0,0,Genuine
917383,1467,47879,3345,0.05583709312250173,0,0,Genuine
280215,1574,6468,582,0.02515925271666399,0,0,Genuine
21074,3816,1010,70,0.05124798329695359,100,1,High Risk
747084,300,22244,1485,0.031762157936724655,0,0,Genuine
593131,1594,19361,1554,0.03526202474664113,0,0,Genuine
40901,128,1415,79,0.03652722427324515,0,0,Genuine
274349,3173,3959,171,0.015053818311712455,0,0,Genuine
974165,947,76975,7109,0.08631392012646728,100,1,High Risk
912093,4926,11134,1442,0.013788067664152668,0,0,Genuine
793338,275,44724,1783,0.05862192407271554,0,0,Genuine
396807,1259,14279,346,0.036856708677014266,0,0,Genuine
913008,4948,50416,2625,0.05809478120673641,0,0,Genuine
588275,4887,20552,3028,0.04008329437762951,0,0,Genuine
981874,2228,56126,7169,0.06446346476228111,0,0,Genuine
343829,2729,20989,2045,0.06699260388158067,0,0,Genuine
373598,2935,21795,3068,0.06655014213138186,0,0,Genuine
368631,2856,6627,516,0.019377100677913685,0,0,Genuine
579688,753,32452,4797,0.06425697961662136,0,0,Genuine
157222,2594,4653,272,0.03132513261502843,0,0,Genuine
32852,2420,394,20,0.012601972482649458,50,1,Suspicious
961374,3331,37530,3863,0.043056084312660836,0,0,Genuine
514012,4760,20739,1434,0.043137125203302644,0,0,Genuine
840188,378,35877,3638,0.04703114064947369,0,0,Genuine
378501,4278,22459,1339,0.06287433850901318,0,0,Genuine
644340,4980,20373,2044,0.03479063848278859,0,0,Genuine
57481,170,1843,102,0.033837267966806424,0,0,Genuine
788715,1014,11230,299,0.01461744736691961,0,0,Genuine
34691,4274,2014,279,0.06609783517338791,100,1,High Risk
395341,3725,19667,2651,0.05645253085311162,0,0,Genuine
199137,2126,6862,1003,0.03949542274916264,0,0,Genuine
551458,382,32736,3704,0.06607937503853421,0,0,Genuine
533726,3418,25413,2763,0.05279113252867576,0,0,Genuine
807527,1366,34600,3206,0.046817010452901264,0,0,Genuine
672514,1246,30796,1120,0.047457748091489546,0,0,Genuine
402220,3220,21938,978,0.056973795435333895,0,0,Genuine
797184,1479,44801,2581,0.05943671724470135,0,0,Genuine
56426,405,1705,231,0.034310424272498495,50,1,Suspicious
240968,4284,4783,203,0.020691544105441387,0,0,Genuine
289963,1576,6078,850,0.023892703551832477,0,0,Genuine
496384,3947,27180,2390,0.059570816142341415,0,0,Genuine
879483,78,62532,7067,0.07913626528312656,100,1,High Risk
522121,1063,20187,693,0.03999073011811438,0,0,Genuine
156289,2752,3417,187,0.023059844262871988,0,0,Genuine
262501,877,16527,2389,0.07206067786408432,0,0,Genuine
520165,4496,35513,1938,0.07199830822911961,0,0,Genuine
220780,2074,15816,925,0.07582661472959507,0,0,Genuine
296138,348,15540,709,0.05486968913141846,0,0,Genuine
671396,1915,47166,1734,0.07283332042490571,0,0,Genuine
733635,4066,8127,408,0.011633850620540186,0,0,Genuine
98756,2161,1728,178,0.019300093158896674,50,1,Suspicious
443632,804,7311,579,0.017785011000108198,0,0,Genuine
928091,819,55576,5112,0.06539013954450587,0,0,Genuine
96665,3785,1437,51,0.015393368851187089,50,1,Suspicious
657005,1288,29398,3653,0.05030555323018851,0,0,Genuine
163002,4979,7023,856,0.04833683022294205,0,0,Genuine
262691,2263,8340,190,0.03247161113247123,0,0,Genuine
607123,1956,43062,3008,0.07588248180352251,0,0,Genuine
123232,1614,2702,78,0.022559075564788367,0,0,Genuine
948594,1268,32890,4044,0.03893551930541412,0,0,Genuine
743849,4651,47749,5531,0.07162744051548096,0,0,Genuine
446358,1407,5414,743,0.013793860533473132,0,0,Genuine
244051,3889,13936,707,0.05999975414974739,0,0,Genuine
158547,1510,10646,844,0.07247062385286382,0,0,Genuine
413104,4035,31089,1367,0.07856617219876835,0,0,Genuine
569020,1466,40594,2770,0.0762082176373414,0,0,Genuine
737983,2903,23878,2098,0.035198642787164475,0,0,Genuine
309449,4906,15795,425,0.052415745405543404,50,1,Suspicious
702397,4978,10824,1222,0.017149845457768185,0,0,Genuine
534634,1478,14996,1359,0.030591021147177322,0,0,Genuine
788019,4428,13077,1670,0.018714015778807363,0,0,Genuine
13763,4524,441,24,0.03378623846545085,100,1,High Risk
191237,4343,13628,1872,0.08105126100074776,0,0,Genuine
763841,3112,26201,3925,0.03944014526583412,0,0,Genuine
857047,3121,42280,5898,0.056213953260439625,0,0,Genuine
430332,605,17358,2102,0.045220899212700894,0,0,Genuine
646275,405,27223,3419,0.04741325287222931,0,0,Genuine
217823,1613,16961,1604,0.08522975076093893,0,0,Genuine
92353,3550,2838,126,0.03209424707372798,0,0,Genuine
222373,1090,11988,1294,0.059728474230234786,0,0,Genuine
358792,2736,14137,1592,0.04383877009520837,0,0,Genuine
550844,4524,7866,1164,0.01639302597468612,0,0,Genuine
846474,4825,37459,3385,0.04825192504436049,0,0,Genuine
543387,2603,36371,2010,0.07063290067668163,0,0,Genuine
372233,1829,6295,685,0.018751695846418774,0,0,Genuine
177168,125,2634,388,0.017057256389415697,0,0,Genuine
728346,4376,15116,650,0.021646305464710455,0,0,Genuine
669590,3369,42524,2652,0.06746815215280993,0,0,Genuine
423225,2399,25681,2322,0.06616575107803178,0,0,Genuine
203041,2823,10060,423,0.05162996636147379,0,0,Genuine
34866,2312,1491,34,0.043738886020765214,0,0,Genuine
106400,3279,7680,490,0.07678571428571429,0,0,Genuine
871678,2166,55498,7353,0.07210346022269691,50,1,Suspicious
340119,442,22732,583,0.06854953707378889,50,1,Suspicious
436071,1158,29185,2211,0.07199744995654378,0,0,Genuine
344701,4412,18955,2257,0.061537390376007035,0,0,Genuine
138488,660,5824,838,0.04810525099647623,0,0,Genuine
597804,2825,42161,6244,0.08097135515988518,0,0,Genuine
187987,4048,14065,1052,0.08041513508912851,0,0,Genuine
412274,722,4809,690,0.013338216816971237,0,0,Genuine
995141,3727,13542,333,0.013942747811616646,0,0,Genuine
434934,80,33538,3922,0.08612801022683901,50,1,Suspicious
295746,1450,8695,900,0.03244338046837489,0,0,Genuine
468874,4121,33353,1748,0.07486232975170301,0,0,Genuine
472328,666,17577,1510,0.040410477464812584,0,0,Genuine
190139,4684,3486,128,0.019007147402689613,0,0,Genuine
159588,2836,2494,332,0.017708098353259642,0,0,Genuine
654583,920,13717,912,0.022348579171778064,0,0,Genuine
613257,4246,16859,1709,0.030277681298378982,0,0,Genuine
657449,3654,29056,1180,0.04598987906286267,0,0,Genuine
955850,1462,56495,2644,0.06187058638907778,0,0,Genuine
206735,2789,16341,2434,0.09081674607589427,100,1,High Risk
666847,990,27277,3215,0.045725631216755866,0,0,Genuine
263299,390,12183,1767,0.05298159127076062,0,0,Genuine
124950,2958,5813,339,0.04923569427771109,0,0,Genuine
330638,4183,15791,653,0.04973415033964638,0,0,Genuine
601517,709,27815,2375,0.050189770197683524,0,0,Genuine
105648,2083,1121,94,0.011500454338936848,0,0,Genuine
39547,1610,400,17,0.01054441550560093,0,0,Genuine
554083,3507,9328,1075,0.018775165453551183,0,0,Genuine
187368,1706,3205,214,0.01824751291575936,0,0,Genuine
546735,3025,32444,1434,0.06196420569380047,0,0,Genuine
692958,1099,16869,1065,0.02588035638523547,0,0,Genuine
960318,503,69747,6505,0.07940286446781171,50,1,Suspicious
747111,1754,56035,6412,0.08358463467945192,0,0,Genuine
257190,2834,20141,1664,0.08478167891442125,0,0,Genuine
207402,868,15707,1387,0.08241964879798652,0,0,Genuine
253419,4918,7357,280,0.030135861951945196,0,0,Genuine
755105,62,34496,4791,0.052028525834155515,100,1,High Risk
875392,4029,19505,2745,0.02541718452990203,0,0,Genuine
850710,970,56516,6151,0.0736643509539091,0,0,Genuine
580365,4970,41896,933,0.07379666244518536,100,1,High Risk
113782,2468,7918,711,0.07583800601149567,0,0,Genuine
628220,1364,25339,2579,0.04443984591385183,0,0,Genuine
990410,3727,62501,9331,0.0725275390999687,50,1,Suspicious
928032,2067,15619,2334,0.019345238095238096,50,1,Suspicious
444316,1278,5694,748,0.014498690121445097,0,0,Genuine
373013,4842,23397,662,0.0644990925249254,50,1,Suspicious
926683,2484,36858,5304,0.04549775921215777,0,0,Genuine
311925,2918,24856,2476,0.08762362747455318,0,0,Genuine
187339,2565,3148,390,0.01888554972536418,0,0,Genuine
476595,1488,33311,2429,0.07499029574376567,0,0,Genuine
418168,4214,18231,1122,0.04628044231026764,0,0,Genuine
841230,3593,57119,4582,0.07334617167718697,50,1,Suspicious
99696,3225,6699,261,0.06981222917669716,0,0,Genuine
504650,1831,37404,2484,0.07904091944912316,0,0,Genuine
51939,2313,1602,210,0.03488707907352856,0,0,Genuine
816948,2019,62485,1557,0.07839177034523617,0,0,Genuine
712886,261,14697,582,0.021432599321630667,0,0,Genuine
142521,557,2242,81,0.01629935237614106,0,0,Genuine
575578,381,23145,1675,0.04312187053709488,0,0,Genuine
914120,600,62144,9297,0.07815275893755744,100,1,High Risk
874093,991,37707,1603,0.04497233131943626,0,0,Genuine
336098,777,22871,889,0.07069366672815666,0,0,Genuine
810178,2912,49484,6876,0.06956495979895776,50,1,Suspicious
593278,3293,14630,1970,0.027980137473494718,0,0,Genuine
584098,698,44637,1079,0.07826768795647306,100,1,High Risk
643650,2787,9175,1080,0.01593257205002719,0,0,Genuine
477513,2797,34800,3661,0.08054440402669666,0,0,Genuine
147295,1059,4611,552,0.035052106317254486,0,0,Genuine
466453,1600,20995,1769,0.048802344502018424,0,0,Genuine
658957,853,26071,3881,0.04545364872062972,50,1,Suspicious
722037,4130,15905,408,0.022593025011183637,0,0,Genuine
265803,4359,9321,470,0.03683555114125875,0,0,Genuine
87516,4314,2057,147,0.02518396636043695,0,0,Genuine
75567,3451,1834,143,0.026162213664694907,0,0,Genuine
802469,4291,18532,2590,0.02632126599282963,0,0,Genuine
127498,4661,5639,523,0.0483301698850178,0,0,Genuine
703098,3211,46302,1197,0.06755672751166979,0,0,Genuine
465894,4598,23214,1695,0.053464951255006506,0,0,Genuine
537397,4205,38974,2889,0.07789957889604891,0,0,Genuine
285154,577,15557,2263,0.06249254788640524,0,0,Genuine
796219,3348,46382,4540,0.06395476621381806,0,0,Genuine
764760,1073,43386,4452,0.06255295779067943,0,0,Genuine
140544,3784,5827,656,0.04612790300546448,0,0,Genuine
247183,482,14399,1729,0.0652472055117059,0,0,Genuine
679743,1226,10114,1037,0.016404729434506864,0,0,Genuine
324853,450,22801,1159,0.07375643752712766,0,0,Genuine
464001,2154,29903,3995,0.07305587703474777,0,0,Genuine
769613,3100,20907,2407,0.030293147335089195,0,0,Genuine
35518,2283,2264,263,0.07114702404414663,0,0,Genuine
54909,2495,597,89,0.012493398167877761,100,1,High Risk
805783,4750,20311,2525,0.028340136240153985,0,0,Genuine
725984,2885,10570,1350,0.01641909463569445,0,0,Genuine
971834,2563,62795,9022,0.07389842298170264,50,1,Suspicious
516693,1823,32505,1288,0.0654024730352453,0,0,Genuine
540570,1146,36193,3065,0.07262334202785949,0,0,Genuine
479082,978,4941,471,0.011296604756596992,0,0,Genuine
240017,2001,10821,679,0.04791327280984264,0,0,Genuine
415994,2023,24684,3187,0.06699856247926653,0,0,Genuine
942768,1604,19683,2344,0.0233641786738625,0,0,Genuine
453891,2828,25184,2863,0.06179236865238571,0,0,Genuine
792507,4471,12591,1883,0.01826356107895577,50,1,Suspicious
470164,1044,10669,573,0.023910805591240505,0,0,Genuine
704814,662,30522,3528,0.048310618120525416,0,0,Genuine
29365,2643,1637,150,0.0608547590669164,0,0,Genuine
466982,645,9438,572,0.021435515715809175,0,0,Genuine
442416,891,10160,415,0.02390284257350548,0,0,Genuine
274146,4489,6664,909,0.027623966791417712,0,0,Genuine
277091,908,7400,720,0.029304452327935587,0,0,Genuine
211294,494,5463,695,0.02914422558141736,0,0,Genuine
882272,1838,33226,3020,0.04108256864096333,0,0,Genuine
117219,4367,6536,317,0.05846321842022198,0,0,Genuine
341754,3504,13896,887,0.04325626035101272,0,0,Genuine
839574,4002,53999,3758,0.06879322132414772,0,0,Genuine
581595,4737,35098,5141,0.06918732107394321,50,1,Suspicious
136565,1080,2575,53,0.0192435836414894,0,0,Genuine
780383,1345,10471,1551,0.015405256137050653,0,0,Genuine
313229,2113,22382,3300,0.08199113108939465,0,0,Genuine
559516,1497,8721,1303,0.017915484096969525,0,0,Genuine
736036,2095,15003,1229,0.022053269133574988,0,0,Genuine
970379,4669,11207,1628,0.0132267907693798,50,1,Suspicious
425871,2900,22990,1642,0.05783911090447577,0,0,Genuine
568760,3874,28873,676,0.05195337224840003,0,0,Genuine
836869,2118,66182,3253,0.08296997499011195,0,0,Genuine
967920,3811,69772,9969,0.08238387470038847,100,1,High Risk
847143,2325,32834,715,0.039602522832626844,0,0,Genuine
138888,1858,5001,454,0.039276251368008754,0,0,Genuine
78175,1361,2406,71,0.031685321394307644,0,0,Genuine
589595,4105,12186,697,0.021850592355769638,0,0,Genuine
309877,2501,6093,191,0.020279013931334047,0,0,Genuine
915634,1139,17634,2323,0.021795826716788584,0,0,Genuine
96028,1722,1727,167,0.01972341400424876,0,0,Genuine
510666,3725,13704,1881,0.030518969345912986,0,0,Genuine
143312,4582,4509,493,0.03490286926426259,0,0,Genuine
492450,4974,38071,5567,0.08861407249466952,100,1,High Risk
93493,4404,4720,407,0.0548383301423636,0,0,Genuine
126149,2053,9982,1028,0.08727774298646838,0,0,Genuine
754704,4248,27224,2584,0.03949627933600458,0,0,Genuine
203435,4914,8551,709,0.04551822449431022,0,0,Genuine
164834,1174,5393,700,0.03696446121552592,0,0,Genuine
271403,1271,6188,642,0.025165528752445626,0,0,Genuine
182211,2910,3648,452,0.022501385756074,0,0,Genuine
916207,2323,69774,8528,0.08546321955627931,100,1,High Risk
277993,3040,21982,985,0.08261718820258064,0,0,Genuine
344912,2560,4533,473,0.01451384701025189,0,0,Genuine
369252,286,7578,348,0.02146501576159371,0,0,Genuine
877141,1194,34775,3332,0.04344455452430111,0,0,Genuine
318013,3303,7328,791,0.025530402845166708,0,0,Genuine
914320,3832,32432,4853,0.04077893953976726,50,1,Suspicious
64095,816,1220,29,0.019486699430532804,0,0,Genuine
118886,2731,4987,158,0.04327675251922009,0,0,Genuine
858342,2715,24907,747,0.029887853559536874,0,0,Genuine
480926,1809,16656,1195,0.03711797657019999,0,0,Genuine
286711,3541,4759,603,0.01870175891402841,0,0,Genuine
36292,2865,1450,188,0.04513391381020611,50,1,Suspicious
75813,3563,5976,692,0.08795325339981269,0,0,Genuine
622424,545,20551,2807,0.037527473233679935,0,0,Genuine
576919,3230,41163,2550,0.07576973543946378,0,0,Genuine
10885,3980,751,23,0.0711070280202113,100,1,High Risk
978163,2122,74970,2066,0.07875579019038749,100,1,High Risk
186378,387,12171,1591,0.07383918702851194,0,0,Genuine
853746,3999,47956,5512,0.06262752621974217,0,0,Genuine
328231,3158,22963,2544,0.07771051485082152,0,0,Genuine
423381,1867,6475,415,0.016273758151641192,0,0,Genuine
977433,186,41441,2875,0.04533916902744229,50,1,Suspicious
461244,2605,36552,5283,0.09070036683404012,100,1,High Risk
883430,4465,56426,1596,0.06567809560463195,50,1,Suspicious
575100,965,44481,5363,0.08667014432272649,100,1,High Risk
706860,3588,45645,2750,0.06846475964123024,0,0,Genuine
473367,2150,33723,845,0.0730257918274827,50,1,Suspicious
321787,2957,19132,2229,0.06638242066957335,0,0,Genuine
45900,2964,2902,182,0.06718954248366013,0,0,Genuine
437162,2032,20381,2320,0.051928118180445695,0,0,Genuine
402067,3920,30033,3363,0.08306078340177135,0,0,Genuine
803720,4578,54454,4874,0.07381675210272234,0,0,Genuine
73692,3617,5090,616,0.07743038593063019,0,0,Genuine
461796,1048,26373,2519,0.06256442238564215,0,0,Genuine
401584,2197,12577,720,0.03311137893939998,0,0,Genuine
872868,4744,10905,1258,0.013934523891355853,0,0,Genuine
752496,445,56810,5487,0.08278715102804533,0,0,Genuine
47403,3648,2418,52,0.052106406767504165,100,1,High Risk
616458,4560,19030,2611,0.035105392419272685,0,0,Genuine
796600,988,16282,1480,0.022297263369319607,0,0,Genuine
313023,1686,21306,2832,0.07711254444561581,0,0,Genuine
60871,2774,4173,562,0.07778745215291354,50,1,Suspicious
483604,2560,32408,2522,0.07222851754741483,0,0,Genuine
492862,4686,27184,2337,0.0598970908692494,0,0,Genuine
33174,1699,1181,87,0.03822270452764213,0,0,Genuine
756111,3740,23654,1855,0.033737110027495965,0,0,Genuine
224563,3485,2380,324,0.012041164394846881,0,0,Genuine
138653,3251,9477,1160,0.07671669563586796,0,0,Genuine
111155,4229,1791,65,0.016697404525212543,0,0,Genuine
334997,4416,18141,1802,0.05953187640486333,0,0,Genuine
851478,2341,38559,5763,0.05205301839859632,0,0,Genuine
312822,4533,14661,1428,0.05143180466846961,0,0,Genuine
502608,263,37630,4597,0.08401577372425428,0,0,Genuine
814081,3287,9942,1192,0.01367677172173285,0,0,Genuine
128795,3912,8260,541,0.06833339803563802,0,0,Genuine
89668,108,1223,83,0.014564839184547441,50,1,Suspicious
738685,2980,9359,1068,0.014115624386578852,0,0,Genuine
670927,4988,26895,2286,0.04349355444034895,50,1,Suspicious
474620,3021,6841,644,0.01577051114575871,0,0,Genuine
877338,1577,57237,6449,0.07259003941468396,0,0,Genuine
764429,172,35981,4356,0.05276749050598551,0,0,Genuine
621307,3769,7476,413,0.012697426554022407,0,0,Genuine
980448,1486,12584,491,0.01333574039622703,50,1,Suspicious
865434,1212,45770,2651,0.055949962677685414,0,0,Genuine
554091,3350,36807,3164,0.07213797011682196,0,0,Genuine
674590,3395,27419,1767,0.04326479787722913,0,0,Genuine
674222,2536,32915,3090,0.0534022918267277,0,0,Genuine
437571,611,28874,778,0.06776500270813193,0,0,Genuine
949763,4031,50086,4320,0.0572837644759798,0,0,Genuine
231147,1787,5948,403,0.027476021752391337,0,0,Genuine
556083,954,29424,2633,0.057647869113064056,0,0,Genuine
508820,3604,27465,2057,0.05802051806139696,0,0,Genuine
271914,4540,16692,950,0.06488080790249859,0,0,Genuine
536381,1776,28675,3943,0.060811251703546544,0,0,Genuine
965075,2973,75128,3307,0.081273476154703,50,1,Suspicious
394409,3581,9390,1019,0.02639138559211377,0,0,Genuine
363455,3956,27832,3902,0.0873120468833831,100,1,High Risk
280713,984,13385,1205,0.05197479275986506,0,0,Genuine
798622,124,45550,6100,0.06467390079411786,50,1,Suspicious
850256,344,14422,522,0.017575883028170338,0,0,Genuine
699112,70,25615,2156,0.03972324892148897,0,0,Genuine
688687,3292,43977,3492,0.06892681290629851,0,0,Genuine
305214,1088,18155,382,0.060734435510821916,0,0,Genuine
565485,4705,7243,562,0.01380231129030832,0,0,Genuine
527549,1159,25460,1730,0.05154023607285769,0,0,Genuine
158584,3821,2565,274,0.01790218433133229,0,0,Genuine
925220,421,73749,10471,0.09102699898402541,100,1,High Risk
349939,4963,25479,793,0.07507594180700065,0,0,Genuine
292077,1224,3351,209,0.012188566713572106,0,0,Genuine
660738,1214,46321,3600,0.07555339635377412,0,0,Genuine
565871,1142,42078,3331,0.08024620452364585,0,0,Genuine
375226,1333,13038,1574,0.038941864369739836,0,0,Genuine
872803,2061,52686,4090,0.06505018887423622,0,0,Genuine
685393,895,28064,660,0.0419088026869256,0,0,Genuine
418216,2041,23364,2624,0.062140138110450105,0,0,Genuine
112032,570,3789,511,0.03838189088831762,0,0,Genuine
207940,4516,6774,588,0.03540444358949697,0,0,Genuine
305748,4246,12141,1160,0.04350314638198778,0,0,Genuine
462552,4806,9338,384,0.021018177415728395,0,0,Genuine
882506,292,60169,2929,0.07149866403174596,0,0,Genuine
227727,2850,7835,396,0.03614415506286035,0,0,Genuine
74869,4657,2845,216,0.04088474535522045,0,0,Genuine
792842,2946,57547,8094,0.08279203170366857,50,1,Suspicious
870807,2652,38980,3423,0.0486939126580287,0,0,Genuine
712404,2323,34265,1540,0.05025940337224384,0,0,Genuine
719675,1591,55382,3023,0.08115468787994581,0,0,Genuine
883487,2815,63673,4452,0.07710922741364615,50,1,Suspicious
203416,2164,4447,449,0.024068903134463367,0,0,Genuine
925300,4541,39903,3080,0.046453042256565436,0,0,Genuine
612004,4757,47730,3389,0.08352723184815786,0,0,Genuine
579533,3133,20901,1952,0.0394334748840877,0,0,Genuine
568344,1907,20466,1052,0.037860872992413044,0,0,Genuine
411925,819,9742,294,0.024363658432967165,0,0,Genuine
776024,1472,13970,323,0.018418244796552685,0,0,Genuine
321701,456,19887,1047,0.06507284714688484,0,0,Genuine
280687,3022,17936,572,0.06593821587747206,0,0,Genuine
431634,1922,33594,2140,0.082787732199039,0,0,Genuine
750971,2744,48166,5803,0.07186562463796871,0,0,Genuine
497507,2319,13449,1521,0.030090028884015702,0,0,Genuine
883470,4799,11315,1124,0.014079708422470485,0,0,Genuine
410940,1231,32456,4246,0.08931230836618484,0,0,Genuine
266972,1489,9032,511,0.03574532160676026,0,0,Genuine
117656,3103,3745,505,0.036122254708642144,0,0,Genuine
18087,3383,1327,95,0.07862000331729972,100,1,High Risk
931109,2947,47446,3421,0.05463055345829543,0,0,Genuine
294481,2953,7374,536,0.026860816147731094,0,0,Genuine
137554,278,9936,325,0.07459615859953182,0,0,Genuine
852765,4009,67824,9957,0.0912103568978558,100,1,High Risk
486757,1943,7820,297,0.016675671844472703,0,0,Genuine
183024,1363,12877,828,0.07488088993793164,0,0,Genuine
137535,1120,5135,315,0.03962627694768604,0,0,Genuine
768524,1024,35878,1065,0.048070066777355036,0,0,Genuine
595736,1788,44106,1755,0.07698208602468207,0,0,Genuine
529936,3335,41407,1069,0.08015307508831256,0,0,Genuine
393720,807,11162,647,0.029993396322259475,0,0,Genuine
296767,3145,7389,980,0.028200574861760235,0,0,Genuine
453372,370,7088,454,0.016635345808739842,0,0,Genuine
36634,2371,1807,65,0.0511000709723208,0,0,Genuine
963106,605,10548,1096,0.012090050316372237,50,1,Suspicious
377742,4989,14668,2193,0.04463628614239348,50,1,Suspicious
312478,1436,4729,237,0.015892318819244876,0,0,Genuine
856080,4813,32844,1850,0.040526586300345765,0,0,Genuine
547342,3097,7003,1024,0.014665419426976186,0,0,Genuine
595316,2477,40758,1762,0.07142425199389904,0,0,Genuine
547495,2054,13513,1168,0.02681485675668271,0,0,Genuine
474866,1980,15661,801,0.0346666217417124,0,0,Genuine
756181,4891,53615,7570,0.08091316761463195,50,1,Suspicious
606842,4820,37769,5574,0.07142386321315927,50,1,Suspicious
677746,2213,17169,2161,0.028521009345684075,0,0,Genuine
608564,3917,9148,557,0.015947377761418684,0,0,Genuine
978022,2476,58776,4258,0.06445049293369678,100,1,High Risk
315925,3843,11799,607,0.039268813800743846,0,0,Genuine
709140,2563,45119,6127,0.07226499703866655,0,0,Genuine
193512,3853,7967,1106,0.04688598123113812,50,1,Suspicious
962703,2377,32943,2452,0.03676627163309972,0,0,Genuine
848467,667,35282,3716,0.04596289543376466,0,0,Genuine
533498,2215,33289,1382,0.0649880599364946,0,0,Genuine
569651,3358,41673,3189,0.07875348239536137,0,0,Genuine
767535,1042,10349,1056,0.014859257232569199,0,0,Genuine
603567,1427,28179,1975,0.04995965650872231,0,0,Genuine
192420,4431,2366,157,0.013111942625506703,0,0,Genuine
711644,3224,30450,612,0.04364822860868636,0,0,Genuine
501844,4832,36117,4498,0.08093152453750568,0,0,Genuine
204196,1355,7210,977,0.04009383141687398,0,0,Genuine
200919,4883,15123,2208,0.08625864154211399,100,1,High Risk
416648,3128,22558,2560,0.06028590080835621,0,0,Genuine
258324,2736,19475,1778,0.08227264985057525,0,0,Genuine
720449,3033,45389,2496,0.06646549582274387,0,0,Genuine
973902,2573,16790,2516,0.019823349782627,0,0,Genuine
755651,3632,19783,1912,0.028710343796276322,0,0,Genuine
659681,1535,24798,2691,0.041670140567941175,0,0,Genuine
868780,2150,19032,2069,0.02428808213817077,0,0,Genuine
431599,4631,19268,2502,0.05044033929643025,0,0,Genuine
376960,3765,16207,344,0.043906515280135824,0,0,Genuine
735042,2051,56552,2750,0.0806783830039644,0,0,Genuine
648341,1437,26167,2787,0.04465859786748023,0,0,Genuine
473406,3233,30768,4195,0.07385415478468799,0,0,Genuine
184965,1080,14045,1532,0.08421593274403265,0,0,Genuine
167892,1815,11985,883,0.07664450956567317,0,0,Genuine
853694,4813,21006,1407,0.026254137899528403,0,0,Genuine
135832,1270,6074,704,0.04989987631780435,0,0,Genuine
154262,4980,5297,616,0.03833089160000518,0,0,Genuine
68411,3856,2598,256,0.041718437093449884,0,0,Genuine
286521,2464,10101,584,0.03729220545788965,0,0,Genuine
440953,4395,29916,4196,0.07735971860946632,0,0,Genuine
988073,1668,41152,3775,0.04546931249006905,50,1,Suspicious
39211,1313,1829,224,0.052357756751931855,0,0,Genuine
214981,921,16934,810,0.08253752657211567,0,0,Genuine
266888,884,3789,245,0.015114954587692216,0,0,Genuine
781926,2872,34527,4616,0.050059724321738885,0,0,Genuine
288139,968,18494,490,0.06588486806714815,50,1,Suspicious
673337,1774,13858,1200,0.022363244556589047,0,0,Genuine
754298,2463,39832,3290,0.05716838703005974,0,0,Genuine
559830,1363,14982,1762,0.029909079542003822,0,0,Genuine
11651,4548,823,46,0.0745858724572998,100,1,High Risk
100239,2155,3297,159,0.03447759853949062,0,0,Genuine
866363,2618,28619,4018,0.03767127635875493,0,0,Genuine
751704,1188,38993,3677,0.056764364696742335,0,0,Genuine
889544,259,20325,683,0.023616594569802057,0,0,Genuine
804147,1114,24077,1085,0.03129029891300968,0,0,Genuine
438625,4961,17178,2574,0.045031632943858646,50,1,Suspicious
156378,2270,5434,246,0.03632224481704588,0,0,Genuine
151158,283,7065,701,0.05137670516942537,0,0,Genuine
408592,842,21236,1584,0.055850334808317345,0,0,Genuine
324494,3160,16116,2177,0.056373923708912956,0,0,Genuine
334569,2216,18666,2205,0.06238175084960053,0,0,Genuine
497574,384,15694,1531,0.03461796637284102,0,0,Genuine
430852,1409,8121,173,0.01925022977727851,0,0,Genuine
873552,1264,55257,7425,0.07175531622616628,0,0,Genuine
902321,4469,62760,4883,0.07496556103648258,0,0,Genuine
445865,333,12479,1760,0.03193567559687349,0,0,Genuine
428826,262,16508,1393,0.041744203942857945,0,0,Genuine
666418,1708,29922,3298,0.04984859352538497,0,0,Genuine
256948,4128,12162,352,0.04870246119837477,0,0,Genuine
522481,4897,29344,3429,0.06272572591156425,0,0,Genuine
862069,1467,11131,711,0.013736719450531221,0,0,Genuine
472249,2436,28572,1876,0.06447446156582651,0,0,Genuine
857626,1844,12296,435,0.014844466002663165,0,0,Genuine
864349,154,36977,1445,0.0444519517000656,0,0,Genuine
65200,4915,4429,195,0.07092024539877301,0,0,Genuine
106848,3943,4443,278,0.044184261755016475,0,0,Genuine
107022,3895,2187,297,0.023210181084263048,0,0,Genuine
702979,3740,55501,3767,0.08430977312266796,0,0,Genuine
935658,3342,67601,7717,0.08049736121531585,100,1,High Risk
413755,428,26476,814,0.06595690686517383,50,1,Suspicious
781741,3343,30336,2937,0.04256269020046281,0,0,Genuine
847490,3379,19381,1601,0.02475781425149559,0,0,Genuine
63068,4858,4786,704,0.08704889960043129,100,1,High Risk
471529,3488,22286,2897,0.0534071075161867,0,0,Genuine
887364,274,61818,4891,0.07517659044090137,0,0,Genuine
162445,787,5514,665,0.03803748961186863,0,0,Genuine
689514,285,23078,1040,0.0349782600498322,0,0,Genuine
138103,4328,10908,1015,0.08633411294468621,0,0,Genuine
225605,761,10497,311,0.04790673965559274,0,0,Genuine
204047,1938,4050,264,0.021142187829274628,0,0,Genuine
810217,4768,20561,1014,0.026628668615938694,0,0,Genuine
997432,1309,43623,4949,0.04869705403476127,0,0,Genuine
250768,798,3253,272,0.014056817456772794,0,0,Genuine
685029,4036,29029,3414,0.047360038772081184,0,0,Genuine
95475,3601,3754,326,0.042733699921445406,0,0,Genuine
511370,559,33010,1031,0.06656823826192385,0,0,Genuine
527570,1873,18383,2125,0.03887256667361677,0,0,Genuine
690984,4930,54434,6984,0.08888483669665288,50,1,Suspicious
704798,2991,15966,2194,0.025766247917843127,0,0,Genuine
221972,4282,11402,1075,0.05620979222604653,0,0,Genuine
854966,2184,13917,1641,0.01819721486000613,0,0,Genuine
163777,1827,10051,1183,0.06859327011729363,0,0,Genuine
956748,1272,76188,3066,0.08283685986278519,50,1,Suspicious
862396,3717,58073,2401,0.07012323804841396,0,0,Genuine
693797,1827,33926,991,0.05032740124272662,0,0,Genuine
209944,1354,9223,568,0.0466362458560378,0,0,Genuine
993382,4909,67999,5545,0.07403395672561008,50,1,Suspicious
644294,751,48655,7284,0.08682216503645851,50,1,Suspicious
237440,3039,18815,1430,0.08526364555256065,0,0,Genuine
729342,201,27538,3150,0.04207628245733826,0,0,Genuine
313727,1375,24898,2742,0.0881020760087592,50,1,Suspicious
825824,1351,17271,804,0.021887230208858063,0,0,Genuine
8461,3772,234,6,0.028365441437182365,100,1,High Risk
625411,1761,10151,923,0.017706756037229918,0,0,Genuine
797948,856,23157,2571,0.032242702531994565,0,0,Genuine
473501,4380,30188,4521,0.07330290749121966,50,1,Suspicious
149586,2772,10426,694,0.07433850761434893,0,0,Genuine
384395,4706,24802,3386,0.07333081855903432,0,0,Genuine
495178,1375,26826,1868,0.05794683931838652,0,0,Genuine
954772,4183,43898,4812,0.051017415676203326,0,0,Genuine
232496,1209,13858,1354,0.06542908265088432,0,0,Genuine
693148,2919,25894,696,0.038361215786527555,0,0,Genuine
732109,4566,50436,1522,0.07097030633416608,0,0,Genuine
717409,1292,41181,934,0.05870430953612235,0,0,Genuine
849925,397,50014,3411,0.06285848751360414,0,0,Genuine
561315,1881,26671,3119,0.053071804601694236,0,0,Genuine
880979,1619,63400,2691,0.0750199493972047,0,0,Genuine
174921,3985,4834,477,0.030362277828276767,0,0,Genuine
887559,1968,32555,1873,0.0387895339915431,0,0,Genuine
674218,3282,43443,5369,0.0723979484380423,0,0,Genuine
740522,3808,32947,4078,0.04999851456134997,0,0,Genuine
604291,2405,43656,5273,0.08096926811751293,0,0,Genuine
708755,1447,24273,2141,0.03726816742033566,0,0,Genuine
565046,2830,20258,1154,0.03789425993635916,0,0,Genuine
317456,1874,22923,2870,0.08124905498714782,50,1,Suspicious
331814,2541,14104,623,0.04438329907719385,0,0,Genuine
83279,4110,3841,221,0.048775801822788456,0,0,Genuine
16434,454,547,24,0.034745040769137155,0,0,Genuine
720407,1771,21156,2277,0.0325274462907773,0,0,Genuine
441991,2875,24714,2699,0.062021624874714645,0,0,Genuine
338913,3895,6232,653,0.020314948084021563,0,0,Genuine
771042,4260,55167,4083,0.07684406296933241,0,0,Genuine
329821,3242,21288,702,0.06667252843208891,0,0,Genuine
84555,114,1974,273,0.026574419017207734,0,0,Genuine
653667,1349,38292,3293,0.06361801957265703,0,0,Genuine
742280,4970,38735,2824,0.05598830629950962,0,0,Genuine
764799,1465,17527,1692,0.025129478464276236,0,0,Genuine
177806,3643,5178,233,0.030432043913028808,0,0,Genuine
889097,1018,34344,1278,0.04006536969532008,0,0,Genuine
482719,418,28454,2069,0.06323140377735287,0,0,Genuine
434819,282,23789,1178,0.05741929400509178,0,0,Genuine
470924,2292,22254,1151,0.04970016393303378,0,0,Genuine
69803,3133,4452,605,0.0724467429766629,0,0,Genuine
433548,970,27337,2432,0.06866367737828337,0,0,Genuine
879135,738,46814,3878,0.057661223816592444,0,0,Genuine
808744,4322,52640,5771,0.07222433798581504,0,0,Genuine
749736,1519,25040,3598,0.03819744550081629,0,0,Genuine
478742,4775,34319,1186,0.07416311917483738,50,1,Suspicious
700539,4309,37159,4769,0.05985105754283487,0,0,Genuine
727802,3672,49174,4716,0.07404486385033292,0,0,Genuine
246404,2150,11886,463,0.05011688121946072,0,0,Genuine
643249,2315,16268,953,0.026771903259857382,0,0,Genuine
303523,3839,14559,1204,0.05193346138513391,0,0,Genuine
18297,873,658,72,0.03989725091545062,0,0,Genuine
789443,3481,46438,2393,0.06185500409782593,0,0,Genuine
510346,4201,22100,1978,0.047179756478937816,0,0,Genuine
121234,4263,8307,905,0.07598528465611958,0,0,Genuine
569302,847,32714,2562,0.0619635975282012,0,0,Genuine
768454,829,44507,5883,0.06557321583334852,50,1,Suspicious
930242,2900,23442,3118,0.028551710200141467,0,0,Genuine
881765,2942,69569,5648,0.08530277341468531,50,1,Suspicious
179570,1943,12375,1812,0.07900540179317257,0,0,Genuine
784152,3356,51150,1525,0.06717447637702895,0,0,Genuine
798552,2952,26444,540,0.033791162003225836,0,0,Genuine
510733,4853,24256,1685,0.05079170525499625,0,0,Genuine
927271,3768,18171,1783,0.021519059692366095,0,0,Genuine
285996,71,13640,1388,0.052546189457195205,0,0,Genuine
342383,1550,6920,567,0.021867324020176236,0,0,Genuine
395145,892,19248,697,0.05047514203646763,0,0,Genuine
733847,1810,40662,1714,0.05774500679296911,0,0,Genuine
512603,3691,19127,2501,0.04219249594715599,0,0,Genuine
616863,241,27696,3678,0.050860563852913855,50,1,Suspicious
508365,445,36244,3900,0.07896688403017517,0,0,Genuine
620328,4712,10917,1161,0.019470344720857354,0,0,Genuine
149510,4376,9781,955,0.07180790582569728,0,0,Genuine
180587,923,3964,183,0.022964000730949626,0,0,Genuine
531032,2671,6674,505,0.013518959309420148,0,0,Genuine
740180,4385,17016,1879,0.025527574373800967,0,0,Genuine
436633,139,27749,2493,0.0692618285837305,0,0,Genuine
925573,2329,35503,795,0.039216787870864855,0,0,Genuine
829791,506,58978,8490,0.08130722073389564,50,1,Suspicious
676159,2330,31596,4101,0.052793795542172776,0,0,Genuine
361890,4499,4182,225,0.012177733565448065,0,0,Genuine
750122,1054,45134,4519,0.06619323256750236,0,0,Genuine
646194,4584,11448,1602,0.020195173585641463,0,0,Genuine
202260,394,13198,428,0.0673687333135568,0,0,Genuine
746219,2761,16243,1387,0.0236257720588728,0,0,Genuine
778881,4802,26623,2111,0.03689138648907856,0,0,Genuine
764034,2512,48354,3545,0.06792760531599379,0,0,Genuine
532885,1166,40923,5263,0.08667160832074462,0,0,Genuine
834525,675,30043,2087,0.03850094365057967,0,0,Genuine
431442,4429,29363,830,0.06998159659931115,0,0,Genuine
204199,2029,4769,136,0.02402068570365183,0,0,Genuine
377794,4044,25124,642,0.06820118900776613,0,0,Genuine
485585,1728,27204,1991,0.060123356363973354,0,0,Genuine
733722,272,17236,1954,0.02615432002856668,0,0,Genuine
682777,793,21285,989,0.032622657177965864,0,0,Genuine
937197,512,18016,1874,0.021222859228102523,0,0,Genuine
473890,1618,17442,1906,0.04082804026250818,0,0,Genuine
384100,3397,9316,495,0.02554282738870086,0,0,Genuine
116598,1786,6422,629,0.06047273538139591,0,0,Genuine
251100,4089,19991,2179,0.08829151732377538,0,0,Genuine
783877,4001,8497,685,0.011713572409957174,0,0,Genuine
709521,714,33960,2165,0.05091463113847229,0,0,Genuine
777676,1406,39005,3919,0.05519522268914046,0,0,Genuine
134241,1064,9933,1461,0.0848771984714059,0,0,Genuine
740452,2182,33631,2538,0.048847190634909485,0,0,Genuine
154124,2718,7407,525,0.051465054112273236,0,0,Genuine
466065,1104,20048,1610,0.04646991299496851,0,0,Genuine
205923,1814,5935,177,0.02968099726596835,0,0,Genuine
9036,4508,125,11,0.015050907481186366,100,1,High Risk
557066,2919,21506,1349,0.04102745455655165,0,0,Genuine
946238,1462,12945,463,0.014169796605082443,0,0,Genuine
155245,717,7534,607,0.05243969209958453,0,0,Genuine
686763,3420,21640,442,0.03215374153820168,0,0,Genuine
984825,1444,46633,3368,0.05077145685781738,0,0,Genuine
203747,148,3952,133,0.020049374960122112,50,1,Suspicious
924848,4120,69626,1612,0.07702671141636247,50,1,Suspicious
544088,471,39509,5024,0.08184889209098528,0,0,Genuine
288516,3700,6722,935,0.02653925605512346,0,0,Genuine
324660,4207,11051,519,0.035637282079714165,0,0,Genuine
807970,1182,42777,3854,0.05771377650160278,0,0,Genuine
851350,1752,14215,797,0.01763317084630293,0,0,Genuine
933477,3670,32503,2735,0.037749189321215196,0,0,Genuine
334299,3240,9219,707,0.029691982327198108,0,0,Genuine
756600,647,56053,3081,0.07815754692043352,0,0,Genuine
60500,441,4215,468,0.07740495867768594,0,0,Genuine
168647,1125,8531,310,0.0524231086233375,0,0,Genuine
237527,2700,11027,296,0.04767037010529329,0,0,Genuine
436477,2434,32801,3929,0.08415105492385624,0,0,Genuine
635947,859,47867,5101,0.08328995969789936,0,0,Genuine
553004,3359,43053,3651,0.08445508531583858,0,0,Genuine
397452,3788,7462,603,0.020291758501655547,0,0,Genuine
410064,1209,8709,737,0.023035428616020915,0,0,Genuine
3352,1581,192,14,0.06145584725536993,100,1,High Risk
134004,2732,6418,456,0.05129697620966538,0,0,Genuine
863881,303,9755,828,0.012250529876221378,50,1,Suspicious
533844,3598,7654,678,0.015607555765354672,0,0,Genuine
787261,3235,56813,6246,0.08009923011555253,0,0,Genuine
349980,1281,24785,2787,0.07878164466540945,0,0,Genuine
661858,2473,23170,1600,0.03742494613648245,0,0,Genuine
732478,3625,53012,3910,0.07771154901580662,0,0,Genuine
51098,4311,2634,180,0.05507064855767349,0,0,Genuine
982890,1623,65277,5858,0.07237330728769242,0,0,Genuine
375313,2958,14982,1182,0.043068052532153164,0,0,Genuine
665929,4762,11945,1620,0.020370039448649933,0,0,Genuine
248199,1675,10017,1107,0.04481887517677348,0,0,Genuine
127060,4048,5337,730,0.04774909491578782,0,0,Genuine
188954,3933,9176,1029,0.05400785376334981,0,0,Genuine
726753,3565,12638,1848,0.019932494258709632,0,0,Genuine
131544,3453,10444,1072,0.087544851912668,0,0,Genuine
525628,4648,14239,2068,0.031023841956668977,0,0,Genuine
700309,4730,16736,678,0.024866166220911055,0,0,Genuine
607590,2008,28481,763,0.04813114106552116,0,0,Genuine
980947,4059,46697,4449,0.05213941222104762,0,0,Genuine
748028,2785,30510,4511,0.04681776617987562,0,0,Genuine
468243,4541,29982,2227,0.06878693328036938,0,0,Genuine
525426,3224,24256,1153,0.04835885548107631,0,0,Genuine
394574,451,20785,1824,0.05729977139902781,0,0,Genuine
644907,1024,39121,4082,0.06699105452414068,0,0,Genuine
469466,273,5517,336,0.012467356528481296,0,0,Genuine
872808,4663,43592,4922,0.055583816830276536,0,0,Genuine
625219,285,44949,6596,0.08244311193357848,100,1,High Risk
949158,3548,10646,1454,0.012748140983903629,50,1,Suspicious
157951,4261,6059,350,0.04057587479661414,0,0,Genuine
868964,3284,65029,4062,0.07950962295330992,0,0,Genuine
843210,275,29276,1999,0.037090404525563024,0,0,Genuine
563060,2327,23711,1690,0.04511242141157248,0,0,Genuine
59478,4327,4681,154,0.08129056121591177,100,1,High Risk
458569,1391,10983,1307,0.02680076498847502,0,0,Genuine
552050,4086,8042,542,0.015549316185128158,0,0,Genuine
145355,259,10198,1370,0.07958446561865777,0,0,Genuine
720282,3777,50990,7164,0.08073782213077656,100,1,High Risk
695780,3978,29950,694,0.04404265716174653,0,0,Genuine
843000,2853,38773,5757,0.052823250296559904,50,1,Suspicious
872522,1159,59773,6712,0.07619865172454104,50,1,Suspicious
807651,2076,49831,4367,0.06710571769241913,0,0,Genuine
844601,443,24122,1703,0.030576568107307474,0,0,Genuine
494671,893,5531,483,0.012157575439029173,0,0,Genuine
600253,1574,26158,1627,0.046288814883057645,0,0,Genuine
178912,653,12546,1266,0.07719996422822394,0,0,Genuine
176767,631,12852,412,0.0750366301402411,0,0,Genuine
237281,1989,18255,1839,0.08468440372385484,0,0,Genuine
85754,182,6137,342,0.07555332695850922,0,0,Genuine
603276,2888,30527,680,0.051729225097633585,0,0,Genuine
452558,3435,18610,1709,0.04489811250712616,0,0,Genuine
508732,3820,32680,3111,0.07035334911112334,0,0,Genuine
151023,2318,9331,704,0.06644683260165671,0,0,Genuine
657667,1025,31351,921,0.04907042621873988,0,0,Genuine
81388,1863,1311,178,0.018295080355826412,0,0,Genuine
878200,3313,65711,6537,0.08226827601913003,0,0,Genuine
822860,1593,34471,1207,0.043358530005104146,0,0,Genuine
240779,2885,8531,737,0.038491728929848534,0,0,Genuine
879453,2788,47551,4024,0.058644407375948455,0,0,Genuine
905850,1407,51786,1442,0.058760280399624665,0,0,Genuine
207846,4184,5143,508,0.027188399103182163,0,0,Genuine
695335,1366,47690,5965,0.07716424457275989,0,0,Genuine
133212,211,4035,473,0.033840795123562445,0,0,Genuine
943346,1959,21760,1009,0.024136425023268238,0,0,Genuine
813853,1177,31291,4133,0.043526287916859675,0,0,Genuine
789140,3920,48247,3113,0.06508350862964746,0,0,Genuine
922134,1708,71541,10233,0.08867908568602828,100,1,High Risk
413811,3175,27580,808,0.06860136632423981,0,0,Genuine
601309,2013,45593,3793,0.08213081793221122,50,1,Suspicious
160380,2339,3182,310,0.021773288439955105,0,0,Genuine
45789,1016,686,35,0.015746139902596695,0,0,Genuine
974194,939,47773,5746,0.05493669638696194,0,0,Genuine
27086,3111,821,83,0.03337517536734844,50,1,Suspicious
280003,3679,19030,425,0.06948139841358843,0,0,Genuine
532972,3239,30400,3012,0.06268997245633917,0,0,Genuine
92088,2798,7178,602,0.08448440622013725,0,0,Genuine
395423,1716,11006,500,0.029097953330989853,0,0,Genuine
571387,3116,25143,3757,0.05057867959894082,0,0,Genuine
986000,1491,44455,6073,0.051245436105476674,0,0,Genuine
591381,1117,15814,917,0.028291406047877762,0,0,Genuine
161761,4273,8299,749,0.05593437231471121,0,0,Genuine
836083,2973,34304,2097,0.0435375435213968,0,0,Genuine
539181,4303,22252,2688,0.04625533911617805,0,0,Genuine
492024,3906,17413,2454,0.04037811163683072,0,0,Genuine
591706,876,6618,441,0.011929911138301792,0,0,Genuine
126074,4657,5868,731,0.052342275171724545,0,0,Genuine
890497,4035,29802,2527,0.03630444571963746,0,0,Genuine
131351,2142,1325,94,0.010803115316975127,0,0,Genuine
716371,3229,22605,3209,0.03603440116922656,0,0,Genuine
39635,4588,1169,100,0.032017156553551154,50,1,Suspicious
974619,3951,36588,2954,0.0405717516280721,0,0,Genuine
96071,2412,1847,198,0.021286340310811794,0,0,Genuine
996909,2274,45397,2449,0.04799435053751145,0,0,Genuine
466918,1776,27301,1698,0.06210726508723159,0,0,Genuine
865950,2056,46859,6614,0.06175067844563774,50,1,Suspicious
369377,316,24475,2648,0.07342904403901705,0,0,Genuine
891083,887,37105,4729,0.046947366294722265,0,0,Genuine
598093,4634,27713,1530,0.04889373391763488,0,0,Genuine
977458,4847,65223,5915,0.07277857462929353,100,1,High Risk
422280,736,16865,2467,0.04578005115089514,0,0,Genuine
910245,3411,53806,3305,0.0627424484616779,0,0,Genuine
342207,406,13832,565,0.042071027185300126,0,0,Genuine
265598,3865,10422,900,0.042628333044676545,0,0,Genuine
284022,921,17954,1264,0.06766377252466359,0,0,Genuine
183170,2023,4073,165,0.023136976579134137,0,0,Genuine
194226,4697,6545,886,0.03825955330388311,0,0,Genuine
145063,1860,3726,554,0.029504422216554187,0,0,Genuine
593632,4468,20858,1958,0.038434585736617975,0,0,Genuine
892378,2691,23314,2814,0.02927907232137054,0,0,Genuine
561881,2278,28407,3740,0.057213182150668916,0,0,Genuine
561592,3441,36993,4110,0.07319014515876295,0,0,Genuine
424602,4228,27625,711,0.06673543695036764,0,0,Genuine
711580,2400,25271,1023,0.03695157255684533,0,0,Genuine
114613,4407,9078,265,0.08151780339054034,100,1,High Risk
725698,4929,37424,796,0.05266653621754504,100,1,High Risk
488505,2789,18542,1108,0.04022476740258544,0,0,Genuine
415299,2780,28442,2019,0.07334715470058921,0,0,Genuine
543642,1368,33211,1704,0.06422425051780399,0,0,Genuine
285334,1585,17818,506,0.06421947612271935,0,0,Genuine
531430,4834,12610,1120,0.025835952053892327,0,0,Genuine
422614,2493,18080,1004,0.04515704638275116,0,0,Genuine
184043,1822,12943,1598,0.07900870992105107,0,0,Genuine
829294,3259,37552,790,0.04623450790672548,0,0,Genuine
709770,4984,41054,5317,0.06533243163278245,0,0,Genuine
151575,927,7753,1117,0.05851888504040904,0,0,Genuine
126438,2920,8719,986,0.07675698761448299,0,0,Genuine
573744,3250,17165,1980,0.033368540673192226,0,0,Genuine
625455,4194,31449,4445,0.057388621083850955,0,0,Genuine
869467,3797,16195,764,0.019505053095747165,0,0,Genuine
795448,2886,46386,6925,0.06702009433677626,0,0,Genuine
265528,342,16260,1960,0.06861799885511133,0,0,Genuine
194392,1701,2526,289,0.014481048602823161,0,0,Genuine
409288,4681,23454,1570,0.06114032172944235,0,0,Genuine
103239,4456,4029,366,0.04257112137854881,0,0,Genuine
636719,586,11898,1249,0.02064804097254833,0,0,Genuine
867450,2736,34171,3439,0.04335696581935558,0,0,Genuine
565798,283,13350,1490,0.026228441952781734,0,0,Genuine
705293,2702,27569,846,0.04028822064021619,0,0,Genuine
809258,2424,29864,1978,0.03934715504820465,0,0,Genuine
331170,2322,20429,1561,0.06640094211432195,0,0,Genuine
122668,1016,7874,424,0.06764600384778427,0,0,Genuine
767988,939,40313,1710,0.054718302890149326,0,0,Genuine
419734,3913,4863,185,0.012026664506568446,0,0,Genuine
549333,3450,41294,2792,0.08025368947432614,0,0,Genuine
182948,84,10617,893,0.06291405208037257,0,0,Genuine
486662,4592,6031,169,0.012739848190325113,50,1,Suspicious
615390,3573,41427,5925,0.0769463267196412,0,0,Genuine
315063,1813,7567,904,0.026886686154832525,0,0,Genuine
624729,3341,31577,3631,0.05635723649774542,0,0,Genuine
159175,2538,6791,288,0.04447306423747448,0,0,Genuine
250877,2750,9881,973,0.043264229084372025,0,0,Genuine
954692,1608,69005,6132,0.07870286961658839,50,1,Suspicious
137917,4740,5601,827,0.04660774233778287,50,1,Suspicious
218770,2326,3341,391,0.017059011747497372,0,0,Genuine
955178,4056,72846,6909,0.08349752611555124,100,1,High Risk
643613,4489,47908,6257,0.0841577158944894,0,0,Genuine
544625,1153,31539,1266,0.06023410603626348,0,0,Genuine
678673,1469,29014,637,0.0436896708724231,0,0,Genuine
945447,1528,15600,1711,0.018309857665210212,0,0,Genuine
341093,3964,22291,730,0.06749185705951163,0,0,Genuine
787708,3792,12038,421,0.015816774743940647,0,0,Genuine
314295,3006,4652,543,0.016529057096040346,0,0,Genuine
936115,1432,44574,2459,0.050242758635424066,0,0,Genuine
668304,2624,14174,1441,0.023365115276879983,0,0,Genuine
840319,3434,8857,1233,0.012007344829761079,50,1,Suspicious
606730,1619,24037,1469,0.042038468511529016,0,0,Genuine
50847,1944,996,48,0.020532184789663108,0,0,Genuine
59653,2293,1266,42,0.021926810051464303,0,0,Genuine
742432,1916,11421,422,0.01595162924011896,0,0,Genuine
778949,78,18972,532,0.025038866472644552,50,1,Suspicious
319766,755,19212,603,0.061967188506595446,0,0,Genuine
290954,1070,19384,1476,0.07169518205627007,0,0,Genuine
78842,2113,3285,202,0.04422769589812536,0,0,Genuine
909657,1496,41351,4625,0.05054212741725728,0,0,Genuine
273647,3714,3361,447,0.013915738159015081,0,0,Genuine
85761,3037,1273,155,0.01665092524574107,0,0,Genuine
431192,3652,12086,1075,0.03052236590660309,0,0,Genuine
913871,3735,43932,1463,0.049673312754207104,0,0,Genuine
799022,3418,49354,5540,0.06870148756855256,0,0,Genuine
517637,3631,27098,1820,0.05586540374818647,0,0,Genuine
667246,2812,24987,777,0.03861244578461317,0,0,Genuine
931370,4087,17027,2205,0.020649151250308685,0,0,Genuine
329768,622,21320,1363,0.06878472137987919,0,0,Genuine
987403,4138,35018,1693,0.03717934824990404,0,0,Genuine
689152,664,42399,5651,0.06972337017087667,0,0,Genuine
403980,4100,18546,2545,0.05220803010050003,0,0,Genuine
782198,375,48266,3092,0.06565856726813415,0,0,Genuine
121356,3790,8920,589,0.07835624114176473,0,0,Genuine
218228,408,16251,1549,0.08156606851549755,50,1,Suspicious
43727,3827,2075,239,0.05291924897660484,100,1,High Risk
341615,2421,15647,441,0.047093950792558875,0,0,Genuine
533356,1771,15252,1481,0.03137304164573006,0,0,Genuine
642211,1399,48490,6976,0.08636725313020176,100,1,High Risk
401511,3746,16885,913,0.04432755266978987,0,0,Genuine
435376,3946,8242,1138,0.021544595935467273,0,0,Genuine
12390,4310,499,71,0.04600484261501211,100,1,High Risk
632040,1646,11941,656,0.019930700588570344,0,0,Genuine
938635,1677,42404,5005,0.050508451101866005,0,0,Genuine
357898,2552,17640,900,0.05180246885984275,0,0,Genuine
339113,3858,11408,1322,0.03753910938241825,0,0,Genuine
671398,242,10081,1246,0.016870768158379977,50,1,Suspicious
970831,2724,73827,3849,0.08000980603215184,0,0,Genuine
750078,3895,48106,5439,0.07138590919877666,0,0,Genuine
340208,2627,23379,2935,0.07734679960494756,0,0,Genuine
22281,141,795,52,0.038014451775054976,0,0,Genuine
55189,4284,3491,145,0.06588269401511171,0,0,Genuine
263093,530,11569,369,0.04537558962040039,0,0,Genuine
311655,2966,7503,711,0.026356066804639745,0,0,Genuine
647403,4485,12112,1782,0.021461130084352405,0,0,Genuine
533893,1125,18234,2315,0.03848898562071426,0,0,Genuine
363462,2563,7134,546,0.021130131898245207,0,0,Genuine
395597,848,31599,2836,0.0870456550479402,0,0,Genuine
985138,4620,13243,746,0.014200041009482935,100,1,High Risk
807242,3999,33000,1359,0.04256344441939344,0,0,Genuine
250415,654,10428,862,0.04508515863666314,0,0,Genuine
680682,3029,21131,1695,0.03353401441495441,0,0,Genuine
42869,4966,2143,188,0.054374956262100815,100,1,High Risk
558243,647,11443,1646,0.023446778553425657,50,1,Suspicious
586676,1582,38059,3749,0.07126250264200343,0,0,Genuine
766612,563,25506,2518,0.036555650055047406,0,0,Genuine
11207,1927,575,21,0.05318104755956099,100,1,High Risk
219401,4022,13184,1971,0.06907443448297866,0,0,Genuine
986132,3893,71231,8581,0.08093439823471908,50,1,Suspicious
160292,1749,10980,1471,0.07767698949417313,0,0,Genuine
478266,1079,25148,1857,0.05646439429104306,0,0,Genuine
497762,4645,18510,1578,0.04035663630409714,0,0,Genuine
206157,766,9323,819,0.04919551603874717,0,0,Genuine
23031,4136,1469,66,0.0666492987712214,100,1,High Risk
464937,715,33209,3640,0.07925589918634138,0,0,Genuine
868239,2258,14989,2059,0.019635146543751203,0,0,Genuine
596600,1129,22038,909,0.03846295675494469,0,0,Genuine
585054,277,37635,1175,0.06633575704123038,0,0,Genuine
144521,198,5812,674,0.044879290898900505,0,0,Genuine
352977,1119,11738,651,0.03509860415834459,0,0,Genuine
188771,4777,7322,740,0.04270783118169634,0,0,Genuine
238199,1413,12433,1373,0.05795994105768706,0,0,Genuine
999757,4558,79966,4945,0.08493163838812831,100,1,High Risk
762019,1805,33917,4272,0.050115548299976775,0,0,Genuine
761129,569,18719,1712,0.026843018726129212,0,0,Genuine
636329,3594,13616,1810,0.024242176609898337,0,0,Genuine
641473,2372,8316,991,0.014508794602422862,0,0,Genuine
178164,1152,8750,1163,0.05563974764823421,0,0,Genuine
457887,647,22033,498,0.049206463603465485,50,1,Suspicious
535638,3323,13051,674,0.025623648807590202,0,0,Genuine
752518,4099,44152,1399,0.06053144243725731,0,0,Genuine
888291,2655,54965,4258,0.06667071939263147,0,0,Genuine
514313,2238,14471,1963,0.031953304699667326,0,0,Genuine
786858,4875,26821,2166,0.03683892138098615,0,0,Genuine
69487,638,5512,719,0.08967144933584699,100,1,High Risk
149694,4522,5418,338,0.03845177495423998,0,0,Genuine
124853,1457,7897,506,0.0673031485026391,0,0,Genuine
988767,4896,41222,5623,0.04737718795226782,100,1,High Risk
316261,4772,20725,1561,0.07046711418733262,0,0,Genuine
236062,3440,15068,1848,0.07165914039531987,0,0,Genuine
452610,3490,25682,1303,0.059620865645920326,0,0,Genuine
234077,1679,16346,2343,0.07984124881983279,0,0,Genuine
888516,1044,67300,6372,0.08291578317104026,0,0,Genuine
24782,4848,1253,148,0.05653296747639416,100,1,High Risk
510492,2109,13590,429,0.027461742789309136,0,0,Genuine
815886,4622,30925,2599,0.04108907371863226,0,0,Genuine
855336,3036,53955,7399,0.07173087535190849,50,1,Suspicious
655224,450,36405,4878,0.06300593384857697,0,0,Genuine
409808,2905,9198,239,0.023027856947643775,0,0,Genuine
154245,2274,2095,124,0.01438620376673474,0,0,Genuine
951708,3462,55015,4270,0.06229326642205382,0,0,Genuine
954100,106,26309,1115,0.02874331831044964,0,0,Genuine
952828,1925,42855,4924,0.05014441221290726,0,0,Genuine
123258,4593,7675,337,0.06500186600464067,50,1,Suspicious
636956,4348,31457,2046,0.052598609637086395,0,0,Genuine
455418,3818,7209,765,0.017509189360104344,0,0,Genuine
483616,4883,11118,919,0.02488958181697876,0,0,Genuine
387328,4347,9819,1139,0.028291267349636485,0,0,Genuine
507581,1403,14237,2063,0.032113101160208914,0,0,Genuine
424966,2460,21069,740,0.05131939966962063,0,0,Genuine
994616,4361,45033,5054,0.05035812816202434,0,0,Genuine
279710,2652,6774,338,0.025426334417789853,0,0,Genuine
663550,2984,9773,722,0.01581644186572225,0,0,Genuine
563621,72,12399,300,0.022531098025091328,50,1,Suspicious
385073,2252,30384,1144,0.08187538466732282,0,0,Genuine
737265,1259,31553,1942,0.04543142560680352,0,0,Genuine
614859,2346,43479,2802,0.07527091577093285,0,0,Genuine
121263,798,8417,1152,0.07891112705441891,0,0,Genuine
920093,854,42146,4907,0.05113939569152249,0,0,Genuine
550523,183,32738,4792,0.0681715387004721,0,0,Genuine
1159,4466,27,2,0.025021570319240724,100,1,High Risk
668505,2487,38898,2000,0.06117830083544626,0,0,Genuine
999413,483,29049,1818,0.030885129571058212,0,0,Genuine
163993,3721,11191,689,0.07244211643179892,0,0,Genuine
368003,3786,5836,364,0.016847688741667866,0,0,Genuine
148309,4089,9509,1022,0.07100715398256344,0,0,Genuine
108507,2148,1844,164,0.018505718525072115,0,0,Genuine
926748,2967,66432,4657,0.07670801555546923,0,0,Genuine
15743,302,492,19,0.032458870609159626,0,0,Genuine
753462,4884,42048,961,0.05708184354353637,0,0,Genuine
47101,1179,2078,100,0.046241056453153864,0,0,Genuine
243717,3314,8686,295,0.03685011714406463,0,0,Genuine
646822,351,35692,4358,0.0619181165761214,0,0,Genuine
347371,2027,26513,918,0.07896744402958221,50,1,Suspicious
231604,2813,2985,340,0.014356401443843802,0,0,Genuine
188450,4055,14005,982,0.07952772618731759,0,0,Genuine
858558,3291,45190,1334,0.05418853472916215,0,0,Genuine
843503,3107,56103,7049,0.07486873194286209,0,0,Genuine
727481,600,26823,2557,0.040385934478013856,0,0,Genuine
337907,1637,14539,736,0.045204745684463477,0,0,Genuine
488030,1872,34562,4711,0.08047251193574166,0,0,Genuine
760710,3267,29697,768,0.040048112947115196,0,0,Genuine
406453,3546,19276,891,0.04961705289418457,0,0,Genuine
672009,4459,7670,903,0.012757269619900924,0,0,Genuine
169785,4329,3582,401,0.023459080601937746,0,0,Genuine
205535,762,11287,650,0.05807769966185808,0,0,Genuine
701769,2225,42238,1185,0.06187648642217026,0,0,Genuine
180838,4122,9183,1208,0.05746026830644002,0,0,Genuine
571442,3899,11446,695,0.02124625071310824,0,0,Genuine
270160,2483,11124,505,0.04304486230381996,0,0,Genuine
473779,3351,16514,1438,0.03789108423969825,0,0,Genuine
442904,320,19796,2738,0.05087784260246013,0,0,Genuine
877110,1844,62207,1596,0.07274230142171449,50,1,Suspicious
899488,4956,57846,6915,0.07199762531573517,50,1,Suspicious
579526,2512,9202,868,0.017376269572029555,0,0,Genuine
321752,4343,23269,1752,0.07776486237847784,0,0,Genuine
614369,3444,26432,3085,0.048044416303556985,0,0,Genuine
248644,1129,15433,2246,0.07110165537877447,0,0,Genuine
950401,2928,18820,937,0.020788067352622733,0,0,Genuine
838393,4773,47746,1846,0.05915125722662284,0,0,Genuine
200775,653,5329,738,0.03021790561573901,0,0,Genuine
963261,1635,39191,4192,0.04503763777418581,0,0,Genuine
814349,3107,9104,700,0.012039064332368555,0,0,Genuine
941240,4035,19401,1833,0.022559602226849686,0,0,Genuine
815422,4739,13410,1568,0.018368403109065,0,0,Genuine
63551,1445,1702,205,0.03000739563500181,0,0,Genuine
976665,3738,16604,2317,0.019373070602509562,0,0,Genuine
735983,649,43006,3246,0.06284384286050085,0,0,Genuine
678800,563,8167,474,0.012729817324690631,0,0,Genuine
167277,1116,8906,918,0.0587289346413434,0,0,Genuine
81811,2936,1623,120,0.02130520345674787,0,0,Genuine
780128,2703,59415,5780,0.08356961934451783,0,0,Genuine
842535,4955,63456,4733,0.08093313630887737,100,1,High Risk
465028,1138,11990,478,0.02681128878261094,0,0,Genuine
960131,4435,50896,4123,0.05730363877429226,0,0,Genuine
369266,4914,4416,484,0.013269567195463433,0,0,Genuine
235104,2564,17685,2191,0.08454130937797741,0,0,Genuine
544296,4019,25369,2134,0.05052949130620104,0,0,Genuine
203346,3334,2648,109,0.013558171786019887,0,0,Genuine
557690,4616,18947,1400,0.036484426832111026,0,0,Genuine
185456,2246,2852,348,0.01725476662928134,0,0,Genuine
785282,4233,29452,2169,0.04026706329700668,0,0,Genuine
400009,839,22758,2515,0.06318107842573542,0,0,Genuine
497043,3525,21319,1832,0.04657745909307645,0,0,Genuine
137643,3203,5073,260,0.03874515957949187,0,0,Genuine
491083,1714,9006,1112,0.020603441780717314,0,0,Genuine
934713,1359,25373,785,0.027985060654981797,0,0,Genuine
114550,914,1948,171,0.01849847228284592,0,0,Genuine
485146,3913,32274,1521,0.0696594427244582,0,0,Genuine
961652,3413,18720,537,0.020024915457982722,0,0,Genuine
